config,pl_w,sm_mhz,engine,benchmark,sf,query,storage,n_reps,run3_ms,min_ms,all_ms,status
pl150w_smauto,150,auto,maximus,tpch,10,q1,gpu,3,69.5150,69.5150,108.6470;73.4860;69.5150,OK
pl150w_smauto,150,auto,maximus,tpch,10,q3,gpu,3,27.1160,25.6900,54.5390;25.6900;27.1160,OK
pl150w_smauto,150,auto,maximus,tpch,10,q6,gpu,3,23.7410,16.6000,25.9500;16.6000;23.7410,OK
pl150w_smauto,150,auto,maximus,tpch,10,q9,gpu,3,69.0170,69.0170,103.7050;76.7830;69.0170,OK
pl150w_smauto,150,auto,maximus,tpch,10,q13,gpu,3,316.0250,302.9570,350.8490;302.9570;316.0250,OK
pl150w_smauto,150,auto,maximus,tpch,10,q16,gpu,3,59.7060,47.3820,95.5110;47.3820;59.7060,OK
pl150w_smauto,150,auto,maximus,tpch,10,q1,cpu,3,67.0510,58.7720,82.7770;58.7720;67.0510,OK
pl150w_smauto,150,auto,maximus,tpch,10,q3,cpu,3,19.8090,19.8090,35.0300;19.8360;19.8090,OK
pl150w_smauto,150,auto,maximus,tpch,10,q6,cpu,3,12.3080,12.3080,15.4500;12.3520;12.3080,OK
pl150w_smauto,150,auto,maximus,tpch,10,q9,cpu,3,267.8930,266.4350,288.8360;266.4350;267.8930,OK
pl150w_smauto,150,auto,maximus,tpch,10,q13,cpu,3,289.4870,284.8840,291.2210;284.8840;289.4870,OK
pl150w_smauto,150,auto,maximus,tpch,10,q16,cpu,3,124.9470,124.9470,152.2320;125.0530;124.9470,OK
pl150w_smauto,150,auto,sirius,tpch,10,q1,gpu,3,144.0000,139.0000,144.0000;139.0000;144.0000,OK
pl150w_smauto,150,auto,sirius,tpch,10,q3,gpu,3,39.0000,39.0000,39.0000;40.0000;39.0000,OK
pl150w_smauto,150,auto,sirius,tpch,10,q6,gpu,3,6.0000,6.0000,6.0000;6.0000;6.0000,OK
pl150w_smauto,150,auto,sirius,tpch,10,q9,gpu,3,797.0000,789.0000,798.0000;789.0000;797.0000,OK
pl150w_smauto,150,auto,sirius,tpch,10,q13,gpu,3,97.0000,97.0000,97.0000;97.0000;97.0000,OK
pl150w_smauto,150,auto,sirius,tpch,10,q16,gpu,3,135.0000,131.0000,135.0000;131.0000;135.0000,OK
pl150w_smauto,150,auto,sirius,tpch,10,q1,cpu,3,159.0000,141.0000,141.0000;145.0000;159.0000,OK
pl150w_smauto,150,auto,sirius,tpch,10,q3,cpu,3,40.0000,38.0000,38.0000;39.0000;40.0000,OK
pl150w_smauto,150,auto,sirius,tpch,10,q6,cpu,3,4.0000,4.0000,5.0000;5.0000;4.0000,OK
pl150w_smauto,150,auto,sirius,tpch,10,q9,cpu,3,788.0000,787.0000,787.0000;793.0000;788.0000,OK
pl150w_smauto,150,auto,sirius,tpch,10,q13,cpu,3,98.0000,97.0000,97.0000;102.0000;98.0000,OK
pl150w_smauto,150,auto,sirius,tpch,10,q16,cpu,3,137.0000,131.0000,138.0000;131.0000;137.0000,OK
pl150w_smauto,150,auto,maximus,h2o,4gb,q1,gpu,3,54.7110,37.5350,65.4430;37.5350;54.7110,OK
pl150w_smauto,150,auto,maximus,h2o,4gb,q3,gpu,3,106.6150,98.5900,119.7370;98.5900;106.6150,OK
pl150w_smauto,150,auto,maximus,h2o,4gb,q5,gpu,3,37.4350,37.4350,56.4960;40.1040;37.4350,OK
pl150w_smauto,150,auto,maximus,h2o,4gb,q6,gpu,3,907.8620,892.9220,909.9890;892.9220;907.8620,OK
pl150w_smauto,150,auto,maximus,h2o,4gb,q7,gpu,3,89.7890,89.7890,105.1530;89.9980;89.7890,OK
pl150w_smauto,150,auto,maximus,h2o,4gb,q9,gpu,3,148.5350,148.5350,160.6100;149.3340;148.5350,OK
pl150w_smauto,150,auto,maximus,h2o,4gb,q1,cpu,3,152.3400,152.3400,162.1520;152.7670;152.3400,OK
pl150w_smauto,150,auto,maximus,h2o,4gb,q3,cpu,3,371.5250,362.9880,378.8870;362.9880;371.5250,OK
pl150w_smauto,150,auto,maximus,h2o,4gb,q5,cpu,3,216.4600,215.1230,229.6150;215.1230;216.4600,OK
pl150w_smauto,150,auto,maximus,h2o,4gb,q6,cpu,3,980.8610,968.1760,998.9920;968.1760;980.8610,OK
pl150w_smauto,150,auto,maximus,h2o,4gb,q7,cpu,3,318.2700,304.4760,313.5090;304.4760;318.2700,OK
pl150w_smauto,150,auto,maximus,h2o,4gb,q9,cpu,3,134.1790,129.4950,153.2530;129.4950;134.1790,OK
pl150w_smauto,150,auto,sirius,h2o,4gb,q1,gpu,3,22.0000,20.0000,20.0000;21.0000;22.0000,OK
pl150w_smauto,150,auto,sirius,h2o,4gb,q3,gpu,3,124.0000,115.0000,115.0000;122.0000;124.0000,OK
pl150w_smauto,150,auto,sirius,h2o,4gb,q5,gpu,3,44.0000,43.0000,45.0000;43.0000;44.0000,OK
pl150w_smauto,150,auto,sirius,h2o,4gb,q6,gpu,3,55.0000,52.0000,53.0000;52.0000;55.0000,OK
pl150w_smauto,150,auto,sirius,h2o,4gb,q7,gpu,3,101.0000,90.0000,103.0000;90.0000;101.0000,OK
pl150w_smauto,150,auto,sirius,h2o,4gb,q9,gpu,3,115.0000,112.0000,117.0000;112.0000;115.0000,OK
pl150w_smauto,150,auto,sirius,h2o,4gb,q1,cpu,3,23.0000,20.0000,20.0000;22.0000;23.0000,OK
pl150w_smauto,150,auto,sirius,h2o,4gb,q3,cpu,3,106.0000,106.0000,106.0000;111.0000;106.0000,OK
pl150w_smauto,150,auto,sirius,h2o,4gb,q5,cpu,3,39.0000,39.0000,46.0000;45.0000;39.0000,OK
pl150w_smauto,150,auto,sirius,h2o,4gb,q6,cpu,3,48.0000,48.0000,53.0000;56.0000;48.0000,OK
pl150w_smauto,150,auto,sirius,h2o,4gb,q7,cpu,3,99.0000,90.0000,90.0000;100.0000;99.0000,OK
pl150w_smauto,150,auto,sirius,h2o,4gb,q9,cpu,3,115.0000,112.0000,112.0000;118.0000;115.0000,OK
pl200w_smauto,200,auto,maximus,tpch,10,q1,gpu,3,50.0000,47.6990,74.5360;47.6990;50.0000,OK
pl200w_smauto,200,auto,maximus,tpch,10,q3,gpu,3,29.5520,15.6340,47.5590;15.6340;29.5520,OK
pl200w_smauto,200,auto,maximus,tpch,10,q6,gpu,3,15.1790,11.6900,25.9250;11.6900;15.1790,OK
pl200w_smauto,200,auto,maximus,tpch,10,q9,gpu,3,65.2890,41.3210,89.8160;41.3210;65.2890,OK
pl200w_smauto,200,auto,maximus,tpch,10,q13,gpu,3,194.5170,190.3520,193.0980;190.3520;194.5170,OK
pl200w_smauto,200,auto,maximus,tpch,10,q16,gpu,3,36.4790,34.1410,58.6730;34.1410;36.4790,OK
pl200w_smauto,200,auto,maximus,tpch,10,q1,cpu,3,49.2870,46.1070,62.0070;46.1070;49.2870,OK
pl200w_smauto,200,auto,maximus,tpch,10,q3,cpu,3,19.7050,19.7050,37.9540;19.7130;19.7050,OK
pl200w_smauto,200,auto,maximus,tpch,10,q6,cpu,3,12.3340,12.3340,15.5680;12.3470;12.3340,OK
pl200w_smauto,200,auto,maximus,tpch,10,q9,cpu,3,262.9420,262.6690,284.1120;262.6690;262.9420,OK
pl200w_smauto,200,auto,maximus,tpch,10,q13,cpu,3,177.3230,177.3230,194.5230;180.3150;177.3230,OK
pl200w_smauto,200,auto,maximus,tpch,10,q16,cpu,3,124.6220,124.6220,148.9400;124.9660;124.6220,OK
pl200w_smauto,200,auto,sirius,tpch,10,q1,gpu,3,112.0000,104.0000,113.0000;104.0000;112.0000,OK
pl200w_smauto,200,auto,sirius,tpch,10,q3,gpu,3,28.0000,27.0000,27.0000;28.0000;28.0000,OK
pl200w_smauto,200,auto,sirius,tpch,10,q6,gpu,3,4.0000,4.0000,5.0000;4.0000;4.0000,OK
pl200w_smauto,200,auto,sirius,tpch,10,q9,gpu,3,734.0000,727.0000,727.0000;736.0000;734.0000,OK
pl200w_smauto,200,auto,sirius,tpch,10,q13,gpu,3,82.0000,77.0000,77.0000;83.0000;82.0000,OK
pl200w_smauto,200,auto,sirius,tpch,10,q16,gpu,3,78.0000,78.0000,81.0000;85.0000;78.0000,OK
pl200w_smauto,200,auto,sirius,tpch,10,q1,cpu,3,98.0000,97.0000,99.0000;97.0000;98.0000,OK
pl200w_smauto,200,auto,sirius,tpch,10,q3,cpu,3,27.0000,27.0000,28.0000;28.0000;27.0000,OK
pl200w_smauto,200,auto,sirius,tpch,10,q6,cpu,3,4.0000,4.0000,4.0000;4.0000;4.0000,OK
pl200w_smauto,200,auto,sirius,tpch,10,q9,cpu,3,734.0000,721.0000,721.0000;732.0000;734.0000,OK
pl200w_smauto,200,auto,sirius,tpch,10,q13,cpu,3,82.0000,77.0000,78.0000;77.0000;82.0000,OK
pl200w_smauto,200,auto,sirius,tpch,10,q16,cpu,3,80.0000,80.0000,84.0000;86.0000;80.0000,OK
pl200w_smauto,200,auto,maximus,h2o,4gb,q1,gpu,3,23.1300,22.9740,59.6740;22.9740;23.1300,OK
pl200w_smauto,200,auto,maximus,h2o,4gb,q3,gpu,3,89.6790,87.0130,105.5450;87.0130;89.6790,OK
pl200w_smauto,200,auto,maximus,h2o,4gb,q5,gpu,3,19.0620,19.0620,44.8280;19.8250;19.0620,OK
pl200w_smauto,200,auto,maximus,h2o,4gb,q6,gpu,3,671.6650,664.0930,678.7180;664.0930;671.6650,OK
pl200w_smauto,200,auto,maximus,h2o,4gb,q7,gpu,3,72.8890,67.9260,91.8750;67.9260;72.8890,OK
pl200w_smauto,200,auto,maximus,h2o,4gb,q9,gpu,3,90.2720,82.5820,120.5160;82.5820;90.2720,OK
pl200w_smauto,200,auto,maximus,h2o,4gb,q1,cpu,3,152.9570,152.7970,162.6410;152.7970;152.9570,OK
pl200w_smauto,200,auto,maximus,h2o,4gb,q3,cpu,3,359.2830,359.2830,371.2540;361.2240;359.2830,OK
pl200w_smauto,200,auto,maximus,h2o,4gb,q5,cpu,3,217.0620,216.2500,233.3800;216.2500;217.0620,OK
pl200w_smauto,200,auto,maximus,h2o,4gb,q6,cpu,3,769.2220,769.2220,793.5030;776.5180;769.2220,OK
pl200w_smauto,200,auto,maximus,h2o,4gb,q7,cpu,3,302.4520,293.8540,311.9390;293.8540;302.4520,OK
pl200w_smauto,200,auto,maximus,h2o,4gb,q9,cpu,3,77.9040,75.1920,100.6760;75.1920;77.9040,OK
pl200w_smauto,200,auto,sirius,h2o,4gb,q1,gpu,3,18.0000,16.0000,16.0000;16.0000;18.0000,OK
pl200w_smauto,200,auto,sirius,h2o,4gb,q3,gpu,3,112.0000,109.0000,109.0000;111.0000;112.0000,OK
pl200w_smauto,200,auto,sirius,h2o,4gb,q5,gpu,3,23.0000,23.0000,23.0000;25.0000;23.0000,OK
pl200w_smauto,200,auto,sirius,h2o,4gb,q6,gpu,3,33.0000,33.0000,33.0000;34.0000;33.0000,OK
pl200w_smauto,200,auto,sirius,h2o,4gb,q7,gpu,3,80.0000,78.0000,78.0000;80.0000;80.0000,OK
pl200w_smauto,200,auto,sirius,h2o,4gb,q9,gpu,3,75.0000,73.0000,73.0000;73.0000;75.0000,OK
pl200w_smauto,200,auto,sirius,h2o,4gb,q1,cpu,3,17.0000,16.0000,16.0000;16.0000;17.0000,OK
pl200w_smauto,200,auto,sirius,h2o,4gb,q3,cpu,3,123.0000,122.0000,123.0000;122.0000;123.0000,OK
pl200w_smauto,200,auto,sirius,h2o,4gb,q5,cpu,3,25.0000,21.0000,21.0000;25.0000;25.0000,OK
pl200w_smauto,200,auto,sirius,h2o,4gb,q6,cpu,3,33.0000,31.0000,31.0000;34.0000;33.0000,OK
pl200w_smauto,200,auto,sirius,h2o,4gb,q7,cpu,3,81.0000,81.0000,90.0000;91.0000;81.0000,OK
pl200w_smauto,200,auto,sirius,h2o,4gb,q9,cpu,3,73.0000,73.0000,76.0000;74.0000;73.0000,OK
pl250w_smauto,250,auto,maximus,tpch,10,q1,gpu,3,34.5010,33.8150,57.4810;33.8150;34.5010,OK
pl250w_smauto,250,auto,maximus,tpch,10,q3,gpu,3,14.7300,13.9760,41.7490;13.9760;14.7300,OK
pl250w_smauto,250,auto,maximus,tpch,10,q6,gpu,3,8.2020,7.8100,10.0460;7.8100;8.2020,OK
pl250w_smauto,250,auto,maximus,tpch,10,q9,gpu,3,35.0530,32.0740,74.7910;32.0740;35.0530,OK
pl250w_smauto,250,auto,maximus,tpch,10,q13,gpu,3,159.3410,151.8260,166.0020;151.8260;159.3410,OK
pl250w_smauto,250,auto,maximus,tpch,10,q16,gpu,3,30.1240,29.8570,52.5400;29.8570;30.1240,OK
pl250w_smauto,250,auto,maximus,tpch,10,q1,cpu,3,45.2870,45.0630,61.6080;45.0630;45.2870,OK
pl250w_smauto,250,auto,maximus,tpch,10,q3,cpu,3,19.8540,19.7290,41.6500;19.7290;19.8540,OK
pl250w_smauto,250,auto,maximus,tpch,10,q6,cpu,3,12.3460,12.2820,15.5620;12.2820;12.3460,OK
pl250w_smauto,250,auto,maximus,tpch,10,q9,cpu,3,259.7850,259.5720,281.4200;259.5720;259.7850,OK
pl250w_smauto,250,auto,maximus,tpch,10,q13,cpu,3,154.6420,154.6420,171.2450;155.1310;154.6420,OK
pl250w_smauto,250,auto,maximus,tpch,10,q16,cpu,3,124.6930,124.6930,153.2400;124.9490;124.6930,OK
pl250w_smauto,250,auto,sirius,tpch,10,q1,gpu,3,80.0000,80.0000,80.0000;82.0000;80.0000,OK
pl250w_smauto,250,auto,sirius,tpch,10,q3,gpu,3,24.0000,24.0000,24.0000;24.0000;24.0000,OK
pl250w_smauto,250,auto,sirius,tpch,10,q6,gpu,3,3.0000,3.0000,4.0000;4.0000;3.0000,OK
pl250w_smauto,250,auto,sirius,tpch,10,q9,gpu,3,689.0000,688.0000,688.0000;688.0000;689.0000,OK
pl250w_smauto,250,auto,sirius,tpch,10,q13,gpu,3,58.0000,54.0000,54.0000;56.0000;58.0000,OK
pl250w_smauto,250,auto,sirius,tpch,10,q16,gpu,3,65.0000,63.0000,65.0000;63.0000;65.0000,OK
pl250w_smauto,250,auto,sirius,tpch,10,q1,cpu,3,82.0000,81.0000,87.0000;81.0000;82.0000,OK
pl250w_smauto,250,auto,sirius,tpch,10,q3,cpu,3,23.0000,23.0000,24.0000;24.0000;23.0000,OK
pl250w_smauto,250,auto,sirius,tpch,10,q6,cpu,3,3.0000,3.0000,4.0000;4.0000;3.0000,OK
pl250w_smauto,250,auto,sirius,tpch,10,q9,cpu,3,702.0000,684.0000,684.0000;688.0000;702.0000,OK
pl250w_smauto,250,auto,sirius,tpch,10,q13,cpu,3,59.0000,56.0000,56.0000;60.0000;59.0000,OK
pl250w_smauto,250,auto,sirius,tpch,10,q16,cpu,3,65.0000,63.0000,65.0000;63.0000;65.0000,OK
pl250w_smauto,250,auto,maximus,h2o,4gb,q1,gpu,3,18.9870,18.9870,53.8360;20.5910;18.9870,OK
pl250w_smauto,250,auto,maximus,h2o,4gb,q3,gpu,3,64.5690,63.1370,86.6490;63.1370;64.5690,OK
pl250w_smauto,250,auto,maximus,h2o,4gb,q5,gpu,3,15.1250,15.1250,30.9400;17.4520;15.1250,OK
pl250w_smauto,250,auto,maximus,h2o,4gb,q6,gpu,3,511.6590,488.2480,524.9470;488.2480;511.6590,OK
pl250w_smauto,250,auto,maximus,h2o,4gb,q7,gpu,3,46.7240,45.6750,75.4380;45.6750;46.7240,OK
pl250w_smauto,250,auto,maximus,h2o,4gb,q9,gpu,3,72.3710,60.6660,114.5980;60.6660;72.3710,OK
pl250w_smauto,250,auto,maximus,h2o,4gb,q1,cpu,3,152.4800,152.4800,163.2150;152.5350;152.4800,OK
pl250w_smauto,250,auto,maximus,h2o,4gb,q3,cpu,3,348.6650,346.8500,360.9150;346.8500;348.6650,OK
pl250w_smauto,250,auto,maximus,h2o,4gb,q5,cpu,3,220.8130,219.3700,234.1580;219.3700;220.8130,OK
pl250w_smauto,250,auto,maximus,h2o,4gb,q6,cpu,3,637.7730,635.3220,649.9630;635.3220;637.7730,OK
pl250w_smauto,250,auto,maximus,h2o,4gb,q7,cpu,3,290.5720,290.5720,304.2600;290.9110;290.5720,OK
pl250w_smauto,250,auto,maximus,h2o,4gb,q9,cpu,3,65.9870,65.9870,93.5940;66.2480;65.9870,OK
pl250w_smauto,250,auto,sirius,h2o,4gb,q1,gpu,3,15.0000,14.0000,14.0000;15.0000;15.0000,OK
pl250w_smauto,250,auto,sirius,h2o,4gb,q3,gpu,3,105.0000,105.0000,107.0000;109.0000;105.0000,OK
pl250w_smauto,250,auto,sirius,h2o,4gb,q5,gpu,3,20.0000,19.0000,19.0000;20.0000;20.0000,OK
pl250w_smauto,250,auto,sirius,h2o,4gb,q6,gpu,3,29.0000,28.0000,28.0000;28.0000;29.0000,OK
pl250w_smauto,250,auto,sirius,h2o,4gb,q7,gpu,3,79.0000,78.0000,78.0000;79.0000;79.0000,OK
pl250w_smauto,250,auto,sirius,h2o,4gb,q9,gpu,3,63.0000,63.0000,63.0000;63.0000;63.0000,OK
pl250w_smauto,250,auto,sirius,h2o,4gb,q1,cpu,3,15.0000,14.0000,15.0000;14.0000;15.0000,OK
pl250w_smauto,250,auto,sirius,h2o,4gb,q3,cpu,3,117.0000,105.0000,105.0000;105.0000;117.0000,OK
pl250w_smauto,250,auto,sirius,h2o,4gb,q5,cpu,3,20.0000,18.0000,18.0000;20.0000;20.0000,OK
pl250w_smauto,250,auto,sirius,h2o,4gb,q6,cpu,3,28.0000,28.0000,28.0000;28.0000;28.0000,OK
pl250w_smauto,250,auto,sirius,h2o,4gb,q7,cpu,3,77.0000,76.0000,86.0000;76.0000;77.0000,OK
pl250w_smauto,250,auto,sirius,h2o,4gb,q9,cpu,3,63.0000,62.0000,62.0000;63.0000;63.0000,OK
pl300w_smauto,300,auto,maximus,tpch,10,q1,gpu,3,33.4400,32.7950,43.3270;32.7950;33.4400,OK
pl300w_smauto,300,auto,maximus,tpch,10,q3,gpu,3,11.9570,11.4530,27.0920;11.4530;11.9570,OK
pl300w_smauto,300,auto,maximus,tpch,10,q6,gpu,3,6.7820,6.7820,7.5470;6.9060;6.7820,OK
pl300w_smauto,300,auto,maximus,tpch,10,q9,gpu,3,30.7140,27.4580,55.0120;27.4580;30.7140,OK
pl300w_smauto,300,auto,maximus,tpch,10,q13,gpu,3,143.3220,137.0540,153.2160;137.0540;143.3220,OK
pl300w_smauto,300,auto,maximus,tpch,10,q16,gpu,3,28.5520,27.8970,47.0990;27.8970;28.5520,OK
pl300w_smauto,300,auto,maximus,tpch,10,q1,cpu,3,45.4080,45.4080,70.6140;45.8750;45.4080,OK
pl300w_smauto,300,auto,maximus,tpch,10,q3,cpu,3,19.7110,19.7110,39.8790;19.7600;19.7110,OK
pl300w_smauto,300,auto,maximus,tpch,10,q6,cpu,3,12.3520,12.3310,15.7310;12.3310;12.3520,OK
pl300w_smauto,300,auto,maximus,tpch,10,q9,cpu,3,260.2790,260.2790,282.2710;261.2010;260.2790,OK
pl300w_smauto,300,auto,maximus,tpch,10,q13,cpu,3,143.7310,143.7310,166.9640;143.9070;143.7310,OK
pl300w_smauto,300,auto,maximus,tpch,10,q16,cpu,3,121.2570,121.1370,142.7660;121.1370;121.2570,OK
pl300w_smauto,300,auto,sirius,tpch,10,q1,gpu,3,75.0000,74.0000,74.0000;75.0000;75.0000,OK
pl300w_smauto,300,auto,sirius,tpch,10,q3,gpu,3,22.0000,21.0000,21.0000;22.0000;22.0000,OK
pl300w_smauto,300,auto,sirius,tpch,10,q6,gpu,3,4.0000,4.0000,4.0000;4.0000;4.0000,OK
pl300w_smauto,300,auto,sirius,tpch,10,q9,gpu,3,692.0000,684.0000,685.0000;684.0000;692.0000,OK
pl300w_smauto,300,auto,sirius,tpch,10,q13,gpu,3,50.0000,50.0000,50.0000;51.0000;50.0000,OK
pl300w_smauto,300,auto,sirius,tpch,10,q16,gpu,3,58.0000,58.0000,61.0000;60.0000;58.0000,OK
pl300w_smauto,300,auto,sirius,tpch,10,q1,cpu,3,75.0000,71.0000,71.0000;75.0000;75.0000,OK
pl300w_smauto,300,auto,sirius,tpch,10,q3,cpu,3,22.0000,22.0000,22.0000;22.0000;22.0000,OK
pl300w_smauto,300,auto,sirius,tpch,10,q6,cpu,3,4.0000,4.0000,4.0000;4.0000;4.0000,OK
pl300w_smauto,300,auto,sirius,tpch,10,q9,cpu,3,687.0000,679.0000,685.0000;679.0000;687.0000,OK
pl300w_smauto,300,auto,sirius,tpch,10,q13,cpu,3,51.0000,50.0000,51.0000;50.0000;51.0000,OK
pl300w_smauto,300,auto,sirius,tpch,10,q16,cpu,3,59.0000,59.0000,60.0000;59.0000;59.0000,OK
pl300w_smauto,300,auto,maximus,h2o,4gb,q1,gpu,3,17.3490,17.3490,35.9680;18.4450;17.3490,OK
pl300w_smauto,300,auto,maximus,h2o,4gb,q3,gpu,3,58.9400,58.9400,79.3200;59.0940;58.9400,OK
pl300w_smauto,300,auto,maximus,h2o,4gb,q5,gpu,3,12.3360,11.5190,27.8070;11.5190;12.3360,OK
pl300w_smauto,300,auto,maximus,h2o,4gb,q6,gpu,3,410.3020,406.3660,422.7840;406.3660;410.3020,OK
pl300w_smauto,300,auto,maximus,h2o,4gb,q7,gpu,3,43.4870,43.4870,63.6800;43.6570;43.4870,OK
pl300w_smauto,300,auto,maximus,h2o,4gb,q9,gpu,3,57.6390,53.8290,91.2680;53.8290;57.6390,OK
pl300w_smauto,300,auto,maximus,h2o,4gb,q1,cpu,3,152.7840,152.5330,163.2230;152.5330;152.7840,OK
pl300w_smauto,300,auto,maximus,h2o,4gb,q3,cpu,3,347.6880,347.6880,360.3950;347.9080;347.6880,OK
pl300w_smauto,300,auto,maximus,h2o,4gb,q5,cpu,3,216.1360,216.1190,230.1160;216.1190;216.1360,OK
pl300w_smauto,300,auto,maximus,h2o,4gb,q6,cpu,3,556.1860,556.1860,570.4420;557.7580;556.1860,OK
pl300w_smauto,300,auto,maximus,h2o,4gb,q7,cpu,3,290.7410,289.8660,304.7380;289.8660;290.7410,OK
pl300w_smauto,300,auto,maximus,h2o,4gb,q9,cpu,3,63.8820,62.8820,87.5290;62.8820;63.8820,OK
pl300w_smauto,300,auto,sirius,h2o,4gb,q1,gpu,3,14.0000,14.0000,15.0000;14.0000;14.0000,OK
pl300w_smauto,300,auto,sirius,h2o,4gb,q3,gpu,3,100.0000,100.0000,100.0000;102.0000;100.0000,OK
pl300w_smauto,300,auto,sirius,h2o,4gb,q5,gpu,3,18.0000,17.0000,17.0000;18.0000;18.0000,OK
pl300w_smauto,300,auto,sirius,h2o,4gb,q6,gpu,3,26.0000,26.0000,26.0000;26.0000;26.0000,OK
pl300w_smauto,300,auto,sirius,h2o,4gb,q7,gpu,3,86.0000,76.0000,76.0000;76.0000;86.0000,OK
pl300w_smauto,300,auto,sirius,h2o,4gb,q9,gpu,3,57.0000,57.0000,57.0000;57.0000;57.0000,OK
pl300w_smauto,300,auto,sirius,h2o,4gb,q1,cpu,3,14.0000,14.0000,14.0000;15.0000;14.0000,OK
pl300w_smauto,300,auto,sirius,h2o,4gb,q3,cpu,3,106.0000,106.0000,113.0000;114.0000;106.0000,OK
pl300w_smauto,300,auto,sirius,h2o,4gb,q5,cpu,3,19.0000,17.0000,17.0000;19.0000;19.0000,OK
pl300w_smauto,300,auto,sirius,h2o,4gb,q6,cpu,3,27.0000,26.0000,26.0000;26.0000;27.0000,OK
pl300w_smauto,300,auto,sirius,h2o,4gb,q7,cpu,3,76.0000,76.0000,76.0000;80.0000;76.0000,OK
pl300w_smauto,300,auto,sirius,h2o,4gb,q9,cpu,3,57.0000,56.0000,57.0000;56.0000;57.0000,OK
pl400w_smauto,400,auto,maximus,tpch,10,q1,gpu,3,27.9850,27.9850,41.2400;28.2030;27.9850,OK
pl400w_smauto,400,auto,maximus,tpch,10,q3,gpu,3,10.5010,10.5010,25.6010;10.8160;10.5010,OK
pl400w_smauto,400,auto,maximus,tpch,10,q6,gpu,3,5.2830,5.1980,7.3440;5.1980;5.2830,OK
pl400w_smauto,400,auto,maximus,tpch,10,q9,gpu,3,25.9450,25.9450,49.5050;26.4060;25.9450,OK
pl400w_smauto,400,auto,maximus,tpch,10,q13,gpu,3,119.4420,116.8500,132.5680;116.8500;119.4420,OK
pl400w_smauto,400,auto,maximus,tpch,10,q16,gpu,3,27.4540,27.3550,48.6460;27.3550;27.4540,OK
pl400w_smauto,400,auto,maximus,tpch,10,q1,cpu,3,45.1660,45.1660,63.0760;45.1720;45.1660,OK
pl400w_smauto,400,auto,maximus,tpch,10,q3,cpu,3,19.8710,19.7520,34.7880;19.7520;19.8710,OK
pl400w_smauto,400,auto,maximus,tpch,10,q6,cpu,3,12.3310,12.3050,15.7600;12.3050;12.3310,OK
pl400w_smauto,400,auto,maximus,tpch,10,q9,cpu,3,259.0070,259.0070,278.5990;259.1760;259.0070,OK
pl400w_smauto,400,auto,maximus,tpch,10,q13,cpu,3,127.5320,125.9570,148.9930;125.9570;127.5320,OK
pl400w_smauto,400,auto,maximus,tpch,10,q16,cpu,3,121.9380,121.8270,144.1360;121.8270;121.9380,OK
pl400w_smauto,400,auto,sirius,tpch,10,q1,gpu,3,66.0000,64.0000,64.0000;64.0000;66.0000,OK
pl400w_smauto,400,auto,sirius,tpch,10,q3,gpu,3,22.0000,22.0000,22.0000;22.0000;22.0000,OK
pl400w_smauto,400,auto,sirius,tpch,10,q6,gpu,3,3.0000,3.0000,4.0000;4.0000;3.0000,OK
pl400w_smauto,400,auto,sirius,tpch,10,q9,gpu,3,677.0000,670.0000,671.0000;670.0000;677.0000,OK
pl400w_smauto,400,auto,sirius,tpch,10,q13,gpu,3,44.0000,44.0000,44.0000;46.0000;44.0000,OK
pl400w_smauto,400,auto,sirius,tpch,10,q16,gpu,3,52.0000,52.0000,52.0000;52.0000;52.0000,OK
pl400w_smauto,400,auto,sirius,tpch,10,q1,cpu,3,66.0000,65.0000,65.0000;65.0000;66.0000,OK
pl400w_smauto,400,auto,sirius,tpch,10,q3,cpu,3,21.0000,21.0000,21.0000;22.0000;21.0000,OK
pl400w_smauto,400,auto,sirius,tpch,10,q6,cpu,3,4.0000,3.0000,4.0000;3.0000;4.0000,OK
pl400w_smauto,400,auto,sirius,tpch,10,q9,cpu,3,668.0000,663.0000,663.0000;672.0000;668.0000,OK
pl400w_smauto,400,auto,sirius,tpch,10,q13,cpu,3,43.0000,43.0000,44.0000;44.0000;43.0000,OK
pl400w_smauto,400,auto,sirius,tpch,10,q16,cpu,3,52.0000,52.0000,52.0000;53.0000;52.0000,OK
pl400w_smauto,400,auto,maximus,h2o,4gb,q1,gpu,3,16.0580,16.0580,30.0380;16.7440;16.0580,OK
pl400w_smauto,400,auto,maximus,h2o,4gb,q3,gpu,3,57.7540,57.7540,72.1490;58.0210;57.7540,OK
pl400w_smauto,400,auto,maximus,h2o,4gb,q5,gpu,3,10.0390,10.0390,24.7370;10.4010;10.0390,OK
pl400w_smauto,400,auto,maximus,h2o,4gb,q6,gpu,3,342.6430,337.9670,358.4620;337.9670;342.6430,OK
pl400w_smauto,400,auto,maximus,h2o,4gb,q7,gpu,3,42.7750,42.7750,59.1350;43.0400;42.7750,OK
pl400w_smauto,400,auto,maximus,h2o,4gb,q9,gpu,3,46.8340,46.2490,74.8580;46.2490;46.8340,OK
pl400w_smauto,400,auto,maximus,h2o,4gb,q1,cpu,3,150.6080,150.3960,162.2260;150.3960;150.6080,OK
pl400w_smauto,400,auto,maximus,h2o,4gb,q3,cpu,3,345.7240,344.5370,358.0220;344.5370;345.7240,OK
pl400w_smauto,400,auto,maximus,h2o,4gb,q5,cpu,3,217.5150,216.9510,230.4770;216.9510;217.5150,OK
pl400w_smauto,400,auto,maximus,h2o,4gb,q6,cpu,3,499.2840,498.8330,526.5290;498.8330;499.2840,OK
pl400w_smauto,400,auto,maximus,h2o,4gb,q7,cpu,3,309.4300,293.7480,306.2240;293.7480;309.4300,OK
pl400w_smauto,400,auto,maximus,h2o,4gb,q9,cpu,3,61.0120,60.8610,83.0440;60.8610;61.0120,OK
pl400w_smauto,400,auto,sirius,h2o,4gb,q1,gpu,3,15.0000,14.0000,14.0000;14.0000;15.0000,OK
pl400w_smauto,400,auto,sirius,h2o,4gb,q3,gpu,3,113.0000,104.0000,113.0000;104.0000;113.0000,OK
pl400w_smauto,400,auto,sirius,h2o,4gb,q5,gpu,3,17.0000,16.0000,16.0000;17.0000;17.0000,OK
pl400w_smauto,400,auto,sirius,h2o,4gb,q6,gpu,3,25.0000,25.0000,25.0000;25.0000;25.0000,OK
pl400w_smauto,400,auto,sirius,h2o,4gb,q7,gpu,3,77.0000,77.0000,77.0000;77.0000;77.0000,OK
pl400w_smauto,400,auto,sirius,h2o,4gb,q9,gpu,3,55.0000,55.0000,55.0000;55.0000;55.0000,OK
pl400w_smauto,400,auto,sirius,h2o,4gb,q1,cpu,3,14.0000,14.0000,14.0000;14.0000;14.0000,OK
pl400w_smauto,400,auto,sirius,h2o,4gb,q3,cpu,3,91.0000,91.0000,104.0000;94.0000;91.0000,OK
pl400w_smauto,400,auto,sirius,h2o,4gb,q5,cpu,3,17.0000,17.0000,17.0000;17.0000;17.0000,OK
pl400w_smauto,400,auto,sirius,h2o,4gb,q6,cpu,3,25.0000,25.0000,25.0000;25.0000;25.0000,OK
pl400w_smauto,400,auto,sirius,h2o,4gb,q7,cpu,3,77.0000,77.0000,88.0000;78.0000;77.0000,OK
pl400w_smauto,400,auto,sirius,h2o,4gb,q9,cpu,3,55.0000,55.0000,56.0000;55.0000;55.0000,OK
pl900w_smauto,900,auto,maximus,tpch,10,q1,gpu,3,27.7830,27.7830,40.2580;27.8410;27.7830,OK
pl900w_smauto,900,auto,maximus,tpch,10,q3,gpu,3,10.2970,10.2970,29.1780;10.3740;10.2970,OK
pl900w_smauto,900,auto,maximus,tpch,10,q6,gpu,3,5.1330,5.1330,7.3250;5.1570;5.1330,OK
pl900w_smauto,900,auto,maximus,tpch,10,q9,gpu,3,25.7740,25.7740,46.4030;25.7760;25.7740,OK
pl900w_smauto,900,auto,maximus,tpch,10,q13,gpu,3,110.4770,110.4770,125.0970;110.5690;110.4770,OK
pl900w_smauto,900,auto,maximus,tpch,10,q16,gpu,3,27.2640,27.2640,47.0480;27.3140;27.2640,OK
pl900w_smauto,900,auto,maximus,tpch,10,q1,cpu,3,45.2450,45.0610,64.2260;45.0610;45.2450,OK
pl900w_smauto,900,auto,maximus,tpch,10,q3,cpu,3,19.7670,19.7260,38.6980;19.7260;19.7670,OK
pl900w_smauto,900,auto,maximus,tpch,10,q6,cpu,3,12.3260,12.3260,15.5460;12.3800;12.3260,OK
pl900w_smauto,900,auto,maximus,tpch,10,q9,cpu,3,260.6320,260.6320,279.3570;261.7060;260.6320,OK
pl900w_smauto,900,auto,maximus,tpch,10,q13,cpu,3,123.6930,123.6460,139.2140;123.6460;123.6930,OK
pl900w_smauto,900,auto,maximus,tpch,10,q16,cpu,3,123.6830,123.6830,144.7130;124.0030;123.6830,OK
pl900w_smauto,900,auto,sirius,tpch,10,q1,gpu,3,64.0000,64.0000,65.0000;67.0000;64.0000,OK
pl900w_smauto,900,auto,sirius,tpch,10,q3,gpu,3,22.0000,21.0000,22.0000;21.0000;22.0000,OK
pl900w_smauto,900,auto,sirius,tpch,10,q6,gpu,3,4.0000,3.0000,3.0000;4.0000;4.0000,OK
pl900w_smauto,900,auto,sirius,tpch,10,q9,gpu,3,670.0000,670.0000,676.0000;673.0000;670.0000,OK
pl900w_smauto,900,auto,sirius,tpch,10,q13,gpu,3,43.0000,43.0000,44.0000;44.0000;43.0000,OK
pl900w_smauto,900,auto,sirius,tpch,10,q16,gpu,3,51.0000,51.0000,51.0000;52.0000;51.0000,OK
pl900w_smauto,900,auto,sirius,tpch,10,q1,cpu,3,64.0000,63.0000,63.0000;67.0000;64.0000,OK
pl900w_smauto,900,auto,sirius,tpch,10,q3,cpu,3,22.0000,22.0000,22.0000;22.0000;22.0000,OK
pl900w_smauto,900,auto,sirius,tpch,10,q6,cpu,3,3.0000,3.0000,4.0000;4.0000;3.0000,OK
pl900w_smauto,900,auto,sirius,tpch,10,q9,cpu,3,678.0000,675.0000,683.0000;675.0000;678.0000,OK
pl900w_smauto,900,auto,sirius,tpch,10,q13,cpu,3,43.0000,43.0000,43.0000;43.0000;43.0000,OK
pl900w_smauto,900,auto,sirius,tpch,10,q16,cpu,3,51.0000,51.0000,51.0000;51.0000;51.0000,OK
pl900w_smauto,900,auto,maximus,h2o,4gb,q1,gpu,3,15.6830,15.6830,27.3750;15.7200;15.6830,OK
pl900w_smauto,900,auto,maximus,h2o,4gb,q3,gpu,3,57.4890,57.4890,72.3870;57.6770;57.4890,OK
pl900w_smauto,900,auto,maximus,h2o,4gb,q5,gpu,3,9.6130,9.6130,26.0110;9.6850;9.6130,OK
pl900w_smauto,900,auto,maximus,h2o,4gb,q6,gpu,3,326.8520,326.8520,352.4530;326.9990;326.8520,OK
pl900w_smauto,900,auto,maximus,h2o,4gb,q7,gpu,3,42.5170,42.5170,60.4010;42.5740;42.5170,OK
pl900w_smauto,900,auto,maximus,h2o,4gb,q9,gpu,3,46.0290,46.0290,67.2360;46.3710;46.0290,OK
pl900w_smauto,900,auto,maximus,h2o,4gb,q1,cpu,3,152.6430,152.4660,162.0100;152.4660;152.6430,OK
pl900w_smauto,900,auto,maximus,h2o,4gb,q3,cpu,3,350.4250,348.5070,361.7980;348.5070;350.4250,OK
pl900w_smauto,900,auto,maximus,h2o,4gb,q5,cpu,3,217.1940,217.1940,232.3480;217.4630;217.1940,OK
pl900w_smauto,900,auto,maximus,h2o,4gb,q6,cpu,3,493.5100,492.0700,523.5700;492.0700;493.5100,OK
pl900w_smauto,900,auto,maximus,h2o,4gb,q7,cpu,3,293.8960,293.8800,308.7660;293.8800;293.8960,OK
pl900w_smauto,900,auto,maximus,h2o,4gb,q9,cpu,3,61.3270,61.2020,87.5860;61.2020;61.3270,OK
pl900w_smauto,900,auto,sirius,h2o,4gb,q1,gpu,3,14.0000,14.0000,14.0000;14.0000;14.0000,OK
pl900w_smauto,900,auto,sirius,h2o,4gb,q3,gpu,3,103.0000,103.0000,104.0000;104.0000;103.0000,OK
pl900w_smauto,900,auto,sirius,h2o,4gb,q5,gpu,3,17.0000,17.0000,17.0000;17.0000;17.0000,OK
pl900w_smauto,900,auto,sirius,h2o,4gb,q6,gpu,3,25.0000,25.0000,25.0000;25.0000;25.0000,OK
pl900w_smauto,900,auto,sirius,h2o,4gb,q7,gpu,3,76.0000,76.0000,76.0000;86.0000;76.0000,OK
pl900w_smauto,900,auto,sirius,h2o,4gb,q9,gpu,3,55.0000,55.0000,55.0000;56.0000;55.0000,OK
pl900w_smauto,900,auto,sirius,h2o,4gb,q1,cpu,3,15.0000,14.0000,14.0000;14.0000;15.0000,OK
pl900w_smauto,900,auto,sirius,h2o,4gb,q3,cpu,3,103.0000,101.0000,101.0000;101.0000;103.0000,OK
pl900w_smauto,900,auto,sirius,h2o,4gb,q5,cpu,3,17.0000,17.0000,17.0000;17.0000;17.0000,OK
pl900w_smauto,900,auto,sirius,h2o,4gb,q6,cpu,3,25.0000,25.0000,26.0000;25.0000;25.0000,OK
pl900w_smauto,900,auto,sirius,h2o,4gb,q7,cpu,3,77.0000,77.0000,89.0000;77.0000;77.0000,OK
pl900w_smauto,900,auto,sirius,h2o,4gb,q9,cpu,3,55.0000,55.0000,55.0000;55.0000;55.0000,OK
pl900w_sm600,900,600,maximus,tpch,10,q1,gpu,3,75.9640,75.8830,85.7240;75.8830;75.9640,OK
pl900w_sm600,900,600,maximus,tpch,10,q3,gpu,3,28.2930,28.2930,47.4880;28.3600;28.2930,OK
pl900w_sm600,900,600,maximus,tpch,10,q6,gpu,3,14.5710,14.5710,16.8730;14.6040;14.5710,OK
pl900w_sm600,900,600,maximus,tpch,10,q9,gpu,3,75.3970,75.2410,95.2460;75.2410;75.3970,OK
pl900w_sm600,900,600,maximus,tpch,10,q13,gpu,3,332.4730,332.3850,352.6430;332.3850;332.4730,OK
pl900w_sm600,900,600,maximus,tpch,10,q16,gpu,3,78.4840,78.4750,98.5330;78.4750;78.4840,OK
pl900w_sm600,900,600,maximus,tpch,10,q1,cpu,3,110.5750,110.5750,129.2710;110.6570;110.5750,OK
pl900w_sm600,900,600,maximus,tpch,10,q3,cpu,3,45.0400,45.0400,60.6580;45.1280;45.0400,OK
pl900w_sm600,900,600,maximus,tpch,10,q6,cpu,3,26.4350,26.4350,29.3050;26.5040;26.4350,OK
pl900w_sm600,900,600,maximus,tpch,10,q9,cpu,3,311.0380,310.6950,331.9020;310.6950;311.0380,OK
pl900w_sm600,900,600,maximus,tpch,10,q13,cpu,3,354.3500,354.1730,370.2380;354.1730;354.3500,OK
pl900w_sm600,900,600,maximus,tpch,10,q16,cpu,3,177.4090,177.4090,207.5010;177.8490;177.4090,OK
pl900w_sm600,900,600,sirius,tpch,10,q1,gpu,3,169.0000,168.0000,168.0000;170.0000;169.0000,OK
pl900w_sm600,900,600,sirius,tpch,10,q3,gpu,3,57.0000,57.0000,57.0000;57.0000;57.0000,OK
pl900w_sm600,900,600,sirius,tpch,10,q6,gpu,3,9.0000,8.0000,9.0000;8.0000;9.0000,OK
pl900w_sm600,900,600,sirius,tpch,10,q9,gpu,3,832.0000,824.0000,824.0000;836.0000;832.0000,OK
pl900w_sm600,900,600,sirius,tpch,10,q13,gpu,3,111.0000,111.0000,111.0000;111.0000;111.0000,OK
pl900w_sm600,900,600,sirius,tpch,10,q16,gpu,3,132.0000,132.0000,133.0000;133.0000;132.0000,OK
pl900w_sm600,900,600,sirius,tpch,10,q1,cpu,3,170.0000,169.0000,169.0000;170.0000;170.0000,OK
pl900w_sm600,900,600,sirius,tpch,10,q3,cpu,3,57.0000,56.0000,56.0000;57.0000;57.0000,OK
pl900w_sm600,900,600,sirius,tpch,10,q6,cpu,3,8.0000,8.0000,9.0000;9.0000;8.0000,OK
pl900w_sm600,900,600,sirius,tpch,10,q9,cpu,3,850.0000,833.0000,836.0000;833.0000;850.0000,OK
pl900w_sm600,900,600,sirius,tpch,10,q13,cpu,3,111.0000,111.0000,112.0000;111.0000;111.0000,OK
pl900w_sm600,900,600,sirius,tpch,10,q16,cpu,3,132.0000,131.0000,131.0000;132.0000;132.0000,OK
pl900w_sm600,900,600,maximus,h2o,4gb,q1,gpu,3,46.3560,46.2980,57.4600;46.2980;46.3560,OK
pl900w_sm600,900,600,maximus,h2o,4gb,q3,gpu,3,100.7110,100.7110,113.7830;100.8720;100.7110,OK
pl900w_sm600,900,600,maximus,h2o,4gb,q5,gpu,3,26.1290,26.1290,42.1650;26.2610;26.1290,OK
pl900w_sm600,900,600,maximus,h2o,4gb,q6,gpu,3,754.2600,754.2600,779.1700;754.6310;754.2600,OK
pl900w_sm600,900,600,maximus,h2o,4gb,q7,gpu,3,77.7430,77.7430,91.2820;77.8190;77.7430,OK
pl900w_sm600,900,600,maximus,h2o,4gb,q9,gpu,3,125.5170,125.5170,146.7810;125.6070;125.5170,OK
pl900w_sm600,900,600,maximus,h2o,4gb,q1,cpu,3,185.0720,185.0150,197.5360;185.0150;185.0720,OK
pl900w_sm600,900,600,maximus,h2o,4gb,q3,cpu,3,402.4190,400.9880,415.9230;400.9880;402.4190,OK
pl900w_sm600,900,600,maximus,h2o,4gb,q5,cpu,3,240.9710,240.0560,254.1060;240.0560;240.9710,OK
pl900w_sm600,900,600,maximus,h2o,4gb,q6,cpu,3,924.5780,923.9100,951.1470;923.9100;924.5780,OK
pl900w_sm600,900,600,maximus,h2o,4gb,q7,cpu,3,335.7400,335.3640,349.1320;335.3640;335.7400,OK
pl900w_sm600,900,600,maximus,h2o,4gb,q9,cpu,3,156.1350,156.1350,180.2670;156.3570;156.1350,OK
pl900w_sm600,900,600,sirius,h2o,4gb,q1,gpu,3,39.0000,38.0000,39.0000;38.0000;39.0000,OK
pl900w_sm600,900,600,sirius,h2o,4gb,q3,gpu,3,143.0000,143.0000,150.0000;144.0000;143.0000,OK
pl900w_sm600,900,600,sirius,h2o,4gb,q5,gpu,3,38.0000,38.0000,39.0000;38.0000;38.0000,OK
pl900w_sm600,900,600,sirius,h2o,4gb,q6,gpu,3,55.0000,55.0000,56.0000;56.0000;55.0000,OK
pl900w_sm600,900,600,sirius,h2o,4gb,q7,gpu,3,103.0000,103.0000,109.0000;106.0000;103.0000,OK
pl900w_sm600,900,600,sirius,h2o,4gb,q9,gpu,3,118.0000,118.0000,118.0000;118.0000;118.0000,OK
pl900w_sm600,900,600,sirius,h2o,4gb,q1,cpu,3,38.0000,38.0000,39.0000;38.0000;38.0000,OK
pl900w_sm600,900,600,sirius,h2o,4gb,q3,cpu,3,133.0000,133.0000,144.0000;145.0000;133.0000,OK
pl900w_sm600,900,600,sirius,h2o,4gb,q5,cpu,3,38.0000,38.0000,39.0000;38.0000;38.0000,OK
pl900w_sm600,900,600,sirius,h2o,4gb,q6,cpu,3,56.0000,55.0000,55.0000;55.0000;56.0000,OK
pl900w_sm600,900,600,sirius,h2o,4gb,q7,cpu,3,108.0000,108.0000,110.0000;114.0000;108.0000,OK
pl900w_sm600,900,600,sirius,h2o,4gb,q9,cpu,3,118.0000,118.0000,119.0000;118.0000;118.0000,OK
pl900w_sm1110,900,1110,maximus,tpch,10,q1,gpu,3,43.0220,43.0220,59.7260;43.0620;43.0220,OK
pl900w_sm1110,900,1110,maximus,tpch,10,q3,gpu,3,16.1810,16.1810,28.5940;16.2290;16.1810,OK
pl900w_sm1110,900,1110,maximus,tpch,10,q6,gpu,3,8.3050,8.3050,10.4980;8.3050;8.3050,OK
pl900w_sm1110,900,1110,maximus,tpch,10,q9,gpu,3,42.2850,42.2170,62.7790;42.2170;42.2850,OK
pl900w_sm1110,900,1110,maximus,tpch,10,q13,gpu,3,183.3340,183.3340,200.0920;183.5540;183.3340,OK
pl900w_sm1110,900,1110,maximus,tpch,10,q16,gpu,3,44.2310,44.1850,63.8350;44.1850;44.2310,OK
pl900w_sm1110,900,1110,maximus,tpch,10,q1,cpu,3,65.3560,65.3190,83.3800;65.3190;65.3560,OK
pl900w_sm1110,900,1110,maximus,tpch,10,q3,cpu,3,27.5060,27.4910,47.7100;27.4910;27.5060,OK
pl900w_sm1110,900,1110,maximus,tpch,10,q6,cpu,3,16.5820,16.5820,19.5970;16.7270;16.5820,OK
pl900w_sm1110,900,1110,maximus,tpch,10,q9,cpu,3,275.4850,275.3050,296.6420;275.3050;275.4850,OK
pl900w_sm1110,900,1110,maximus,tpch,10,q13,cpu,3,197.7610,197.5460,213.8510;197.5460;197.7610,OK
pl900w_sm1110,900,1110,maximus,tpch,10,q16,cpu,3,139.0140,138.8790,160.9830;138.8790;139.0140,OK
pl900w_sm1110,900,1110,sirius,tpch,10,q1,gpu,3,97.0000,97.0000,97.0000;97.0000;97.0000,OK
pl900w_sm1110,900,1110,sirius,tpch,10,q3,gpu,3,33.0000,33.0000,33.0000;33.0000;33.0000,OK
pl900w_sm1110,900,1110,sirius,tpch,10,q6,gpu,3,5.0000,5.0000,5.0000;6.0000;5.0000,OK
pl900w_sm1110,900,1110,sirius,tpch,10,q9,gpu,3,738.0000,719.0000,719.0000;724.0000;738.0000,OK
pl900w_sm1110,900,1110,sirius,tpch,10,q13,gpu,3,64.0000,63.0000,64.0000;63.0000;64.0000,OK
pl900w_sm1110,900,1110,sirius,tpch,10,q16,gpu,3,76.0000,76.0000,77.0000;78.0000;76.0000,OK
pl900w_sm1110,900,1110,sirius,tpch,10,q1,cpu,3,97.0000,96.0000,96.0000;97.0000;97.0000,OK
pl900w_sm1110,900,1110,sirius,tpch,10,q3,cpu,3,33.0000,33.0000,33.0000;34.0000;33.0000,OK
pl900w_sm1110,900,1110,sirius,tpch,10,q6,cpu,3,5.0000,5.0000,6.0000;5.0000;5.0000,OK
pl900w_sm1110,900,1110,sirius,tpch,10,q9,cpu,3,744.0000,720.0000,720.0000;727.0000;744.0000,OK
pl900w_sm1110,900,1110,sirius,tpch,10,q13,cpu,3,63.0000,63.0000,64.0000;63.0000;63.0000,OK
pl900w_sm1110,900,1110,sirius,tpch,10,q16,cpu,3,77.0000,77.0000,77.0000;78.0000;77.0000,OK
pl900w_sm1110,900,1110,maximus,h2o,4gb,q1,gpu,3,25.9950,25.9160,38.3280;25.9160;25.9950,OK
pl900w_sm1110,900,1110,maximus,h2o,4gb,q3,gpu,3,63.6230,63.6230,76.4060;63.8680;63.6230,OK
pl900w_sm1110,900,1110,maximus,h2o,4gb,q5,gpu,3,14.8000,14.8000,28.6730;14.8650;14.8000,OK
pl900w_sm1110,900,1110,maximus,h2o,4gb,q6,gpu,3,426.0820,426.0820,449.9310;426.1520;426.0820,OK
pl900w_sm1110,900,1110,maximus,h2o,4gb,q7,gpu,3,47.5240,47.5240,61.7640;47.5630;47.5240,OK
pl900w_sm1110,900,1110,maximus,h2o,4gb,q9,gpu,3,70.9600,69.5470,90.9490;69.5470;70.9600,OK
pl900w_sm1110,900,1110,maximus,h2o,4gb,q1,cpu,3,160.0260,160.0260,170.1610;160.3210;160.0260,OK
pl900w_sm1110,900,1110,maximus,h2o,4gb,q3,cpu,3,353.8700,353.3620,368.0870;353.3620;353.8700,OK
pl900w_sm1110,900,1110,maximus,h2o,4gb,q5,cpu,3,221.9140,220.9740,235.4410;220.9740;221.9140,OK
pl900w_sm1110,900,1110,maximus,h2o,4gb,q6,cpu,3,593.8490,593.2710,618.4040;593.2710;593.8490,OK
pl900w_sm1110,900,1110,maximus,h2o,4gb,q7,cpu,3,294.0930,294.0930,312.6150;294.2070;294.0930,OK
pl900w_sm1110,900,1110,maximus,h2o,4gb,q9,cpu,3,90.3770,90.3770,113.1990;90.6300;90.3770,OK
pl900w_sm1110,900,1110,sirius,h2o,4gb,q1,gpu,3,22.0000,22.0000,22.0000;22.0000;22.0000,OK
pl900w_sm1110,900,1110,sirius,h2o,4gb,q3,gpu,3,111.0000,106.0000,107.0000;106.0000;111.0000,OK
pl900w_sm1110,900,1110,sirius,h2o,4gb,q5,gpu,3,25.0000,24.0000,24.0000;24.0000;25.0000,OK
pl900w_sm1110,900,1110,sirius,h2o,4gb,q6,gpu,3,35.0000,35.0000,35.0000;36.0000;35.0000,OK
pl900w_sm1110,900,1110,sirius,h2o,4gb,q7,gpu,3,81.0000,76.0000,81.0000;76.0000;81.0000,OK
pl900w_sm1110,900,1110,sirius,h2o,4gb,q9,gpu,3,76.0000,75.0000,76.0000;75.0000;76.0000,OK
pl900w_sm1110,900,1110,sirius,h2o,4gb,q1,cpu,3,22.0000,22.0000,23.0000;22.0000;22.0000,OK
pl900w_sm1110,900,1110,sirius,h2o,4gb,q3,cpu,3,117.0000,110.0000,110.0000;117.0000;117.0000,OK
pl900w_sm1110,900,1110,sirius,h2o,4gb,q5,cpu,3,24.0000,24.0000,24.0000;24.0000;24.0000,OK
pl900w_sm1110,900,1110,sirius,h2o,4gb,q6,cpu,3,35.0000,35.0000,35.0000;36.0000;35.0000,OK
pl900w_sm1110,900,1110,sirius,h2o,4gb,q7,cpu,3,83.0000,82.0000,94.0000;82.0000;83.0000,OK
pl900w_sm1110,900,1110,sirius,h2o,4gb,q9,cpu,3,76.0000,76.0000,76.0000;76.0000;76.0000,OK
pl900w_sm1980,900,1980,maximus,tpch,10,q1,gpu,3,29.1900,29.1900,38.6680;29.2400;29.1900,OK
pl900w_sm1980,900,1980,maximus,tpch,10,q3,gpu,3,10.8990,10.8990,26.0540;10.9700;10.8990,OK
pl900w_sm1980,900,1980,maximus,tpch,10,q6,gpu,3,5.4220,5.4220,7.5270;5.4240;5.4220,OK
pl900w_sm1980,900,1980,maximus,tpch,10,q9,gpu,3,27.2620,27.2620,45.6230;27.3110;27.2620,OK
pl900w_sm1980,900,1980,maximus,tpch,10,q13,gpu,3,117.0270,117.0270,130.1060;117.1420;117.0270,OK
pl900w_sm1980,900,1980,maximus,tpch,10,q16,gpu,3,28.7950,28.7950,51.8250;28.8280;28.7950,OK
pl900w_sm1980,900,1980,maximus,tpch,10,q1,cpu,3,46.7450,46.6760,59.4870;46.6760;46.7450,OK
pl900w_sm1980,900,1980,maximus,tpch,10,q3,cpu,3,20.2610,20.2610,37.9390;20.2820;20.2610,OK
pl900w_sm1980,900,1980,maximus,tpch,10,q6,cpu,3,12.5730,12.5730,16.0380;12.6200;12.5730,OK
pl900w_sm1980,900,1980,maximus,tpch,10,q9,cpu,3,263.9080,263.9080,287.5020;264.4290;263.9080,OK
pl900w_sm1980,900,1980,maximus,tpch,10,q13,cpu,3,129.2130,129.2130,147.8570;129.3210;129.2130,OK
pl900w_sm1980,900,1980,maximus,tpch,10,q16,cpu,3,123.0940,122.6240,144.5480;122.6240;123.0940,OK
pl900w_sm1980,900,1980,sirius,tpch,10,q1,gpu,3,66.0000,66.0000,67.0000;67.0000;66.0000,OK
pl900w_sm1980,900,1980,sirius,tpch,10,q3,gpu,3,23.0000,22.0000,23.0000;22.0000;23.0000,OK
pl900w_sm1980,900,1980,sirius,tpch,10,q6,gpu,3,4.0000,4.0000,4.0000;4.0000;4.0000,OK
pl900w_sm1980,900,1980,sirius,tpch,10,q9,gpu,3,675.0000,666.0000,666.0000;680.0000;675.0000,OK
pl900w_sm1980,900,1980,sirius,tpch,10,q13,gpu,3,45.0000,45.0000,45.0000;46.0000;45.0000,OK
pl900w_sm1980,900,1980,sirius,tpch,10,q16,gpu,3,52.0000,52.0000,53.0000;53.0000;52.0000,OK
pl900w_sm1980,900,1980,sirius,tpch,10,q1,cpu,3,67.0000,67.0000,68.0000;67.0000;67.0000,OK
pl900w_sm1980,900,1980,sirius,tpch,10,q3,cpu,3,22.0000,22.0000,23.0000;23.0000;22.0000,OK
pl900w_sm1980,900,1980,sirius,tpch,10,q6,cpu,3,4.0000,4.0000,4.0000;4.0000;4.0000,OK
pl900w_sm1980,900,1980,sirius,tpch,10,q9,cpu,3,675.0000,672.0000,688.0000;672.0000;675.0000,OK
pl900w_sm1980,900,1980,sirius,tpch,10,q13,cpu,3,46.0000,45.0000,46.0000;45.0000;46.0000,OK
pl900w_sm1980,900,1980,sirius,tpch,10,q16,cpu,3,53.0000,53.0000,53.0000;54.0000;53.0000,OK
pl900w_sm1980,900,1980,maximus,h2o,4gb,q1,gpu,3,16.7140,16.7140,29.3080;16.9390;16.7140,OK
pl900w_sm1980,900,1980,maximus,h2o,4gb,q3,gpu,3,57.7530,57.7530,75.0400;58.1770;57.7530,OK
pl900w_sm1980,900,1980,maximus,h2o,4gb,q5,gpu,3,10.0260,10.0260,22.8910;10.0790;10.0260,OK
pl900w_sm1980,900,1980,maximus,h2o,4gb,q6,gpu,3,331.3130,331.1710,355.5490;331.1710;331.3130,OK
pl900w_sm1980,900,1980,maximus,h2o,4gb,q7,gpu,3,42.2720,42.2720,56.8350;42.4950;42.2720,OK
pl900w_sm1980,900,1980,maximus,h2o,4gb,q9,gpu,3,46.5090,46.5090,67.6370;46.9120;46.5090,OK
pl900w_sm1980,900,1980,maximus,h2o,4gb,q1,cpu,3,152.6600,152.6600,165.5810;152.6800;152.6600,OK
pl900w_sm1980,900,1980,maximus,h2o,4gb,q3,cpu,3,343.9400,343.3170,356.7340;343.3170;343.9400,OK
pl900w_sm1980,900,1980,maximus,h2o,4gb,q5,cpu,3,216.3440,215.2400,229.0150;215.2400;216.3440,OK
pl900w_sm1980,900,1980,maximus,h2o,4gb,q6,cpu,3,497.8570,497.0580,523.1490;497.0580;497.8570,OK
pl900w_sm1980,900,1980,maximus,h2o,4gb,q7,cpu,3,290.1640,289.8080,303.6210;289.8080;290.1640,OK
pl900w_sm1980,900,1980,maximus,h2o,4gb,q9,cpu,3,62.3500,62.1130,84.0770;62.1130;62.3500,OK
pl900w_sm1980,900,1980,sirius,h2o,4gb,q1,gpu,3,15.0000,14.0000,14.0000;15.0000;15.0000,OK
pl900w_sm1980,900,1980,sirius,h2o,4gb,q3,gpu,3,101.0000,101.0000,103.0000;102.0000;101.0000,OK
pl900w_sm1980,900,1980,sirius,h2o,4gb,q5,gpu,3,18.0000,17.0000,18.0000;17.0000;18.0000,OK
pl900w_sm1980,900,1980,sirius,h2o,4gb,q6,gpu,3,26.0000,25.0000,26.0000;25.0000;26.0000,OK
pl900w_sm1980,900,1980,sirius,h2o,4gb,q7,gpu,3,71.0000,71.0000,76.0000;72.0000;71.0000,OK
pl900w_sm1980,900,1980,sirius,h2o,4gb,q9,gpu,3,56.0000,55.0000,55.0000;56.0000;56.0000,OK
pl900w_sm1980,900,1980,sirius,h2o,4gb,q1,cpu,3,15.0000,15.0000,15.0000;15.0000;15.0000,OK
pl900w_sm1980,900,1980,sirius,h2o,4gb,q3,cpu,3,104.0000,104.0000,116.0000;104.0000;104.0000,OK
pl900w_sm1980,900,1980,sirius,h2o,4gb,q5,cpu,3,17.0000,17.0000,18.0000;17.0000;17.0000,OK
pl900w_sm1980,900,1980,sirius,h2o,4gb,q6,cpu,3,26.0000,25.0000,25.0000;26.0000;26.0000,OK
pl900w_sm1980,900,1980,sirius,h2o,4gb,q7,cpu,3,79.0000,75.0000,75.0000;76.0000;79.0000,OK
pl900w_sm1980,900,1980,sirius,h2o,4gb,q9,cpu,3,55.0000,55.0000,56.0000;56.0000;55.0000,OK
pl200w_sm1110,200,1110,maximus,tpch,10,q1,gpu,3,60.5290,51.6550,78.9750;51.6550;60.5290,OK
pl200w_sm1110,200,1110,maximus,tpch,10,q3,gpu,3,25.0870,25.0870,43.1050;30.5880;25.0870,OK
pl200w_sm1110,200,1110,maximus,tpch,10,q6,gpu,3,12.6390,12.6390,22.9770;14.2090;12.6390,OK
pl200w_sm1110,200,1110,maximus,tpch,10,q9,gpu,3,59.4860,59.4860,90.5570;64.7040;59.4860,OK
pl200w_sm1110,200,1110,maximus,tpch,10,q13,gpu,3,195.7810,191.9140,198.7330;191.9140;195.7810,OK
pl200w_sm1110,200,1110,maximus,tpch,10,q16,gpu,3,44.4220,44.4220,67.1140;44.4330;44.4220,OK
pl200w_sm1110,200,1110,maximus,tpch,10,q1,cpu,3,65.3740,65.3740,79.9560;65.4800;65.3740,OK
pl200w_sm1110,200,1110,maximus,tpch,10,q3,cpu,3,27.4620,27.4620,50.3400;27.5070;27.4620,OK
pl200w_sm1110,200,1110,maximus,tpch,10,q6,cpu,3,16.8840,16.6440,19.6100;16.6440;16.8840,OK
pl200w_sm1110,200,1110,maximus,tpch,10,q9,cpu,3,275.2650,275.2130,295.3950;275.2130;275.2650,OK
pl200w_sm1110,200,1110,maximus,tpch,10,q13,cpu,3,198.1660,197.6970,219.6010;197.6970;198.1660,OK
pl200w_sm1110,200,1110,maximus,tpch,10,q16,cpu,3,139.1560,139.1560,159.8670;140.4580;139.1560,OK
pl200w_sm1110,200,1110,sirius,tpch,10,q1,gpu,3,121.0000,110.0000,112.0000;110.0000;121.0000,OK
pl200w_sm1110,200,1110,sirius,tpch,10,q3,gpu,3,33.0000,33.0000,34.0000;33.0000;33.0000,OK
pl200w_sm1110,200,1110,sirius,tpch,10,q6,gpu,3,6.0000,5.0000,6.0000;5.0000;6.0000,OK
pl200w_sm1110,200,1110,sirius,tpch,10,q9,gpu,3,761.0000,743.0000,743.0000;755.0000;761.0000,OK
pl200w_sm1110,200,1110,sirius,tpch,10,q13,gpu,3,81.0000,78.0000,81.0000;78.0000;81.0000,OK
pl200w_sm1110,200,1110,sirius,tpch,10,q16,gpu,3,92.0000,79.0000,79.0000;87.0000;92.0000,OK
pl200w_sm1110,200,1110,sirius,tpch,10,q1,cpu,3,115.0000,115.0000,119.0000;123.0000;115.0000,OK
pl200w_sm1110,200,1110,sirius,tpch,10,q3,cpu,3,33.0000,33.0000,33.0000;34.0000;33.0000,OK
pl200w_sm1110,200,1110,sirius,tpch,10,q6,cpu,3,5.0000,5.0000,5.0000;6.0000;5.0000,OK
pl200w_sm1110,200,1110,sirius,tpch,10,q9,cpu,3,754.0000,747.0000,747.0000;748.0000;754.0000,OK
pl200w_sm1110,200,1110,sirius,tpch,10,q13,cpu,3,79.0000,77.0000,77.0000;88.0000;79.0000,OK
pl200w_sm1110,200,1110,sirius,tpch,10,q16,cpu,3,81.0000,81.0000,86.0000;85.0000;81.0000,OK
pl200w_sm1110,200,1110,maximus,h2o,4gb,q1,gpu,3,32.2420,31.1270,67.6380;31.1270;32.2420,OK
pl200w_sm1110,200,1110,maximus,h2o,4gb,q3,gpu,3,90.1820,86.1280,108.4360;86.1280;90.1820,OK
pl200w_sm1110,200,1110,maximus,h2o,4gb,q5,gpu,3,21.1130,21.1130,47.6520;25.3140;21.1130,OK
pl200w_sm1110,200,1110,maximus,h2o,4gb,q6,gpu,3,675.0260,665.6180,665.6180;674.5110;675.0260,OK
pl200w_sm1110,200,1110,maximus,h2o,4gb,q7,gpu,3,68.3330,68.2860,89.5330;68.2860;68.3330,OK
pl200w_sm1110,200,1110,maximus,h2o,4gb,q9,gpu,3,95.2610,93.9490,119.2170;93.9490;95.2610,OK
pl200w_sm1110,200,1110,maximus,h2o,4gb,q1,cpu,3,162.0880,162.0320,173.8020;162.0320;162.0880,OK
pl200w_sm1110,200,1110,maximus,h2o,4gb,q3,cpu,3,365.4170,365.4170,380.9890;371.2070;365.4170,OK
pl200w_sm1110,200,1110,maximus,h2o,4gb,q5,cpu,3,222.7250,221.8920,237.0370;221.8920;222.7250,OK
pl200w_sm1110,200,1110,maximus,h2o,4gb,q6,cpu,3,801.3890,798.0200,818.7540;798.0200;801.3890,OK
pl200w_sm1110,200,1110,maximus,h2o,4gb,q7,cpu,3,313.1660,306.2910,327.2620;306.2910;313.1660,OK
pl200w_sm1110,200,1110,maximus,h2o,4gb,q9,cpu,3,91.8390,91.8390,113.8710;92.5600;91.8390,OK
pl200w_sm1110,200,1110,sirius,h2o,4gb,q1,gpu,3,22.0000,22.0000,22.0000;23.0000;22.0000,OK
pl200w_sm1110,200,1110,sirius,h2o,4gb,q3,gpu,3,119.0000,113.0000,113.0000;121.0000;119.0000,OK
pl200w_sm1110,200,1110,sirius,h2o,4gb,q5,gpu,3,25.0000,24.0000,24.0000;24.0000;25.0000,OK
pl200w_sm1110,200,1110,sirius,h2o,4gb,q6,gpu,3,36.0000,35.0000,36.0000;35.0000;36.0000,OK
pl200w_sm1110,200,1110,sirius,h2o,4gb,q7,gpu,3,98.0000,90.0000,90.0000;100.0000;98.0000,OK
pl200w_sm1110,200,1110,sirius,h2o,4gb,q9,gpu,3,76.0000,76.0000,76.0000;76.0000;76.0000,OK
pl200w_sm1110,200,1110,sirius,h2o,4gb,q1,cpu,3,23.0000,22.0000,22.0000;22.0000;23.0000,OK
pl200w_sm1110,200,1110,sirius,h2o,4gb,q3,cpu,3,115.0000,115.0000,130.0000;115.0000;115.0000,OK
pl200w_sm1110,200,1110,sirius,h2o,4gb,q5,cpu,3,25.0000,24.0000,24.0000;24.0000;25.0000,OK
pl200w_sm1110,200,1110,sirius,h2o,4gb,q6,cpu,3,36.0000,35.0000,35.0000;35.0000;36.0000,OK
pl200w_sm1110,200,1110,sirius,h2o,4gb,q7,cpu,3,97.0000,87.0000,94.0000;87.0000;97.0000,OK
pl200w_sm1110,200,1110,sirius,h2o,4gb,q9,cpu,3,77.0000,76.0000,76.0000;76.0000;77.0000,OK
pl300w_sm600,300,600,maximus,tpch,10,q1,gpu,3,76.0650,76.0070,85.9300;76.0070;76.0650,OK
pl300w_sm600,300,600,maximus,tpch,10,q3,gpu,3,28.2700,28.2700,40.9560;28.3090;28.2700,OK
pl300w_sm600,300,600,maximus,tpch,10,q6,gpu,3,14.5710,14.5640,16.8510;14.5640;14.5710,OK
pl300w_sm600,300,600,maximus,tpch,10,q9,gpu,3,75.1180,75.1180,94.9200;75.3610;75.1180,OK
pl300w_sm600,300,600,maximus,tpch,10,q13,gpu,3,332.4460,332.4460,347.6350;332.5220;332.4460,OK
pl300w_sm600,300,600,maximus,tpch,10,q16,gpu,3,78.4270,78.4130,97.4930;78.4130;78.4270,OK
pl300w_sm600,300,600,maximus,tpch,10,q1,cpu,3,110.3520,110.3520,123.1970;110.6110;110.3520,OK
pl300w_sm600,300,600,maximus,tpch,10,q3,cpu,3,45.0830,45.0830,74.3040;45.1730;45.0830,OK
pl300w_sm600,300,600,maximus,tpch,10,q6,cpu,3,26.5130,26.5130,29.4320;26.5200;26.5130,OK
pl300w_sm600,300,600,maximus,tpch,10,q9,cpu,3,312.4250,312.4250,332.9270;312.6230;312.4250,OK
pl300w_sm600,300,600,maximus,tpch,10,q13,cpu,3,354.3730,354.3020,369.3570;354.3020;354.3730,OK
pl300w_sm600,300,600,maximus,tpch,10,q16,cpu,3,176.7530,176.6440,197.4560;176.6440;176.7530,OK
pl300w_sm600,300,600,sirius,tpch,10,q1,gpu,3,167.0000,167.0000,171.0000;168.0000;167.0000,OK
pl300w_sm600,300,600,sirius,tpch,10,q3,gpu,3,57.0000,56.0000,56.0000;57.0000;57.0000,OK
pl300w_sm600,300,600,sirius,tpch,10,q6,gpu,3,8.0000,8.0000,8.0000;9.0000;8.0000,OK
pl300w_sm600,300,600,sirius,tpch,10,q9,gpu,3,830.0000,824.0000,824.0000;837.0000;830.0000,OK
pl300w_sm600,300,600,sirius,tpch,10,q13,gpu,3,111.0000,111.0000,111.0000;112.0000;111.0000,OK
pl300w_sm600,300,600,sirius,tpch,10,q16,gpu,3,132.0000,132.0000,132.0000;132.0000;132.0000,OK
pl300w_sm600,300,600,sirius,tpch,10,q1,cpu,3,170.0000,167.0000,167.0000;169.0000;170.0000,OK
pl300w_sm600,300,600,sirius,tpch,10,q3,cpu,3,57.0000,57.0000,57.0000;57.0000;57.0000,OK
pl300w_sm600,300,600,sirius,tpch,10,q6,cpu,3,8.0000,8.0000,9.0000;9.0000;8.0000,OK
pl300w_sm600,300,600,sirius,tpch,10,q9,cpu,3,835.0000,834.0000,848.0000;834.0000;835.0000,OK
pl300w_sm600,300,600,sirius,tpch,10,q13,cpu,3,111.0000,111.0000,111.0000;111.0000;111.0000,OK
pl300w_sm600,300,600,sirius,tpch,10,q16,cpu,3,132.0000,132.0000,133.0000;132.0000;132.0000,OK
pl300w_sm600,300,600,maximus,h2o,4gb,q1,gpu,3,46.2790,46.2790,58.6590;46.4460;46.2790,OK
pl300w_sm600,300,600,maximus,h2o,4gb,q3,gpu,3,100.6920,100.6920,114.1530;100.9140;100.6920,OK
pl300w_sm600,300,600,maximus,h2o,4gb,q5,gpu,3,26.1350,26.1350,39.6120;26.2080;26.1350,OK
pl300w_sm600,300,600,maximus,h2o,4gb,q6,gpu,3,754.0980,754.0860,780.5800;754.0860;754.0980,OK
pl300w_sm600,300,600,maximus,h2o,4gb,q7,gpu,3,78.0640,78.0640,96.4780;78.1590;78.0640,OK
pl300w_sm600,300,600,maximus,h2o,4gb,q9,gpu,3,124.7640,124.7640,147.1020;125.3510;124.7640,OK
pl300w_sm600,300,600,maximus,h2o,4gb,q1,cpu,3,181.8880,181.5740,191.2300;181.5740;181.8880,OK
pl300w_sm600,300,600,maximus,h2o,4gb,q3,cpu,3,393.5990,393.5990,406.1160;393.6520;393.5990,OK
pl300w_sm600,300,600,maximus,h2o,4gb,q5,cpu,3,234.9590,234.9590,249.3410;235.4410;234.9590,OK
pl300w_sm600,300,600,maximus,h2o,4gb,q6,cpu,3,924.5110,923.9520,951.7080;923.9520;924.5110,OK
pl300w_sm600,300,600,maximus,h2o,4gb,q7,cpu,3,329.9640,329.5470,343.1610;329.5470;329.9640,OK
pl300w_sm600,300,600,maximus,h2o,4gb,q9,cpu,3,156.7500,156.7500,185.9340;157.7160;156.7500,OK
pl300w_sm600,300,600,sirius,h2o,4gb,q1,gpu,3,38.0000,38.0000,38.0000;39.0000;38.0000,OK
pl300w_sm600,300,600,sirius,h2o,4gb,q3,gpu,3,141.0000,141.0000,143.0000;142.0000;141.0000,OK
pl300w_sm600,300,600,sirius,h2o,4gb,q5,gpu,3,38.0000,38.0000,39.0000;38.0000;38.0000,OK
pl300w_sm600,300,600,sirius,h2o,4gb,q6,gpu,3,56.0000,56.0000,56.0000;56.0000;56.0000,OK
pl300w_sm600,300,600,sirius,h2o,4gb,q7,gpu,3,108.0000,108.0000,118.0000;110.0000;108.0000,OK
pl300w_sm600,300,600,sirius,h2o,4gb,q9,gpu,3,119.0000,118.0000,119.0000;118.0000;119.0000,OK
pl300w_sm600,300,600,sirius,h2o,4gb,q1,cpu,3,39.0000,38.0000,38.0000;38.0000;39.0000,OK
pl300w_sm600,300,600,sirius,h2o,4gb,q3,cpu,3,141.0000,132.0000,140.0000;132.0000;141.0000,OK
pl300w_sm600,300,600,sirius,h2o,4gb,q5,cpu,3,38.0000,38.0000,38.0000;39.0000;38.0000,OK
pl300w_sm600,300,600,sirius,h2o,4gb,q6,cpu,3,56.0000,55.0000,56.0000;55.0000;56.0000,OK
pl300w_sm600,300,600,sirius,h2o,4gb,q7,cpu,3,109.0000,104.0000,104.0000;105.0000;109.0000,OK
pl300w_sm600,300,600,sirius,h2o,4gb,q9,cpu,3,117.0000,117.0000,118.0000;117.0000;117.0000,OK
