config,pl_w,sm_mhz,engine,benchmark,sf,query,storage,n_reps,min_ms,query_ms,elapsed_s,n_samples,n_steady,avg_power_w,max_power_w,avg_util,max_mem_mb,avg_sm_mhz,gpu_energy_j,cpu_energy_j,total_energy_j,status
pl150w_smauto,150,auto,maximus,tpch,10,q1,gpu,72,66.4470,66.4470,8.47,124,110,147.8,154.1,97.8,48711,709,9.8240,0.0000,9.8240,OK
pl150w_smauto,150,auto,maximus,tpch,10,q3,gpu,100,32.6410,32.6410,7.01,103,88,158.2,164.7,97.0,48711,583,5.1644,0.0000,5.1644,OK
pl150w_smauto,150,auto,maximus,tpch,10,q6,gpu,100,17.8400,17.8400,5.81,86,72,159.9,166.6,97.1,48714,538,2.8518,0.0000,2.8518,OK
pl150w_smauto,150,auto,maximus,tpch,10,q9,gpu,73,70.0770,70.0770,8.84,130,116,149.0,155.1,98.1,48715,674,10.4448,0.0000,10.4448,OK
pl150w_smauto,150,auto,maximus,tpch,10,q13,gpu,17,305.3030,305.3030,7.38,110,96,148.5,152.0,98.8,48714,707,45.3323,0.0000,45.3323,OK
pl150w_smauto,150,auto,maximus,tpch,10,q16,gpu,100,43.1580,43.1580,7.27,108,94,145.5,149.8,95.9,48713,999,6.2785,0.0000,6.2785,OK
pl150w_smauto,150,auto,maximus,tpch,10,q1,cpu,86,52.4640,52.4640,118.75,1853,1846,121.4,133.5,4.4,48709,1905,6.3694,0.0000,6.3694,OK
pl150w_smauto,150,auto,maximus,tpch,10,q3,cpu,100,19.6050,19.6050,165.56,2589,2582,120.0,124.4,1.1,48705,1965,2.3523,0.0000,2.3523,OK
pl150w_smauto,150,auto,maximus,tpch,10,q6,cpu,100,12.1860,12.1860,133.44,2085,2080,120.0,123.6,0.8,48704,1972,1.4627,0.0000,1.4627,OK
pl150w_smauto,150,auto,maximus,tpch,10,q9,cpu,19,259.1740,259.1740,45.56,711,704,120.5,124.9,1.6,48704,1958,31.2285,0.0000,31.2285,OK
pl150w_smauto,150,auto,maximus,tpch,10,q13,cpu,18,280.3260,280.3260,16.41,251,161,141.0,150.8,48.0,48706,1237,39.5345,0.0000,39.5345,OK
pl150w_smauto,150,auto,maximus,tpch,10,q16,cpu,41,122.5850,122.5850,20.42,316,311,125.4,135.6,7.0,48708,1873,15.3780,0.0000,15.3780,OK
pl150w_smauto,150,auto,sirius,tpch,10,q1,gpu,36,139.0000,139.0000,11.91,179,87,146.1,155.1,95.1,96341,747,20.3109,0.0000,20.3109,OK
pl150w_smauto,150,auto,sirius,tpch,10,q3,gpu,100,38.0000,38.0000,7.89,103,42,135.1,151.0,55.1,96754,1243,5.1331,0.0000,5.1331,OK
pl150w_smauto,150,auto,sirius,tpch,10,q6,gpu,100,4.0000,4.0000,5.15,77,23,126.7,142.1,29.1,96607,1613,0.5068,0.0000,0.5068,OK
pl150w_smauto,150,auto,sirius,tpch,10,q9,gpu,7,785.0000,785.0000,12.27,166,107,133.0,150.0,20.1,96405,1605,104.4098,0.0000,104.4098,OK
pl150w_smauto,150,auto,sirius,tpch,10,q13,gpu,52,95.0000,95.0000,10.42,156,83,146.6,151.5,93.4,96641,725,13.9232,0.0000,13.9232,OK
pl150w_smauto,150,auto,sirius,tpch,10,q16,gpu,39,125.0000,125.0000,9.84,147,83,144.9,150.0,95.0,96710,567,18.1128,0.0000,18.1128,OK
pl150w_smauto,150,auto,sirius,tpch,10,q1,cpu,36,140.0000,140.0000,11.87,178,85,146.4,155.3,96.3,96338,672,20.4925,0.0000,20.4925,OK
pl150w_smauto,150,auto,sirius,tpch,10,q3,cpu,100,37.0000,37.0000,6.62,97,42,134.9,150.7,55.3,96760,1277,4.9924,0.0000,4.9924,OK
pl150w_smauto,150,auto,sirius,tpch,10,q6,cpu,100,5.0000,5.0000,5.19,77,23,125.7,138.7,28.1,96598,1574,0.6286,0.0000,0.6286,OK
pl150w_smauto,150,auto,sirius,tpch,10,q9,cpu,7,789.0000,789.0000,12.45,169,105,132.9,146.6,19.5,96406,1580,104.8954,0.0000,104.8954,OK
pl150w_smauto,150,auto,sirius,tpch,10,q13,cpu,52,95.0000,95.0000,10.24,153,80,148.9,154.3,96.2,96641,633,14.1455,0.0000,14.1455,OK
pl150w_smauto,150,auto,sirius,tpch,10,q16,cpu,39,126.0000,126.0000,9.63,144,82,145.5,150.3,94.3,96710,544,18.3322,0.0000,18.3322,OK
pl150w_smauto,150,auto,maximus,h2o,4gb,q1,gpu,100,30.9940,30.9940,7.61,112,96,146.9,158.0,99.1,48706,742,4.5545,0.0000,4.5545,OK
pl150w_smauto,150,auto,maximus,h2o,4gb,q3,gpu,51,97.8960,97.8960,7.88,116,102,177.8,189.8,91.8,48708,514,17.4034,0.0000,17.4034,OK
pl150w_smauto,150,auto,maximus,h2o,4gb,q5,gpu,100,34.4410,34.4410,7.21,106,92,164.8,175.4,99.6,48706,530,5.6773,0.0000,5.6773,OK
pl150w_smauto,150,auto,maximus,h2o,4gb,q6,gpu,6,901.9670,901.9670,7.33,109,93,168.7,178.8,99.5,48711,537,152.1982,0.0000,152.1982,OK
pl150w_smauto,150,auto,maximus,h2o,4gb,q7,gpu,56,85.8700,85.8700,7.69,113,97,174.2,183.6,93.6,48711,484,14.9618,0.0000,14.9618,OK
pl150w_smauto,150,auto,maximus,h2o,4gb,q9,gpu,34,144.1700,144.1700,7.26,108,93,153.8,160.8,99.1,48709,611,22.1690,0.0000,22.1690,OK
pl150w_smauto,150,auto,maximus,h2o,4gb,q1,cpu,33,148.6850,148.6850,52.08,813,807,120.6,136.2,1.4,48705,1965,17.9319,0.0000,17.9319,OK
pl150w_smauto,150,auto,maximus,h2o,4gb,q3,cpu,14,359.5040,359.5040,28.71,445,439,122.3,129.2,4.1,48703,1902,43.9699,0.0000,43.9699,OK
pl150w_smauto,150,auto,maximus,h2o,4gb,q5,cpu,24,213.1020,213.1020,41.02,639,633,120.5,127.5,1.1,48704,1957,25.6757,0.0000,25.6757,OK
pl150w_smauto,150,auto,maximus,h2o,4gb,q6,cpu,6,987.8790,987.8790,19.03,291,286,134.9,173.3,26.4,48704,1553,133.2798,0.0000,133.2798,OK
pl150w_smauto,150,auto,maximus,h2o,4gb,q7,cpu,17,296.9630,296.9630,31.85,495,489,122.1,144.5,4.1,48703,1899,36.2611,0.0000,36.2611,OK
pl150w_smauto,150,auto,maximus,h2o,4gb,q9,cpu,39,127.0740,127.0740,60.66,943,936,123.4,129.4,7.8,48706,1838,15.6801,0.0000,15.6801,OK
pl150w_smauto,150,auto,sirius,h2o,4gb,q1,gpu,100,20.0000,20.0000,7.40,111,56,135.8,154.0,56.1,96608,1441,2.7169,0.0000,2.7169,OK
pl150w_smauto,150,auto,sirius,h2o,4gb,q3,gpu,44,98.0000,98.0000,11.47,171,119,148.7,174.7,31.6,96372,1174,14.5725,0.0000,14.5725,OK
pl150w_smauto,150,auto,sirius,h2o,4gb,q5,gpu,100,36.0000,36.0000,8.84,132,61,145.5,149.9,93.1,96617,494,5.2363,0.0000,5.2363,OK
pl150w_smauto,150,auto,sirius,h2o,4gb,q6,gpu,97,45.0000,45.0000,10.06,151,81,146.1,150.5,95.0,96605,486,6.5730,0.0000,6.5730,OK
pl150w_smauto,150,auto,sirius,h2o,4gb,q7,gpu,56,79.0000,79.0000,11.54,172,117,146.9,166.8,41.8,96420,1031,11.6012,0.0000,11.6012,OK
pl150w_smauto,150,auto,sirius,h2o,4gb,q9,gpu,45,110.0000,110.0000,10.68,160,82,147.1,151.3,96.4,96377,416,16.1829,0.0000,16.1829,OK
pl150w_smauto,150,auto,sirius,h2o,4gb,q1,cpu,100,19.0000,19.0000,7.25,109,56,135.9,153.2,56.9,96608,1444,2.5817,0.0000,2.5817,OK
pl150w_smauto,150,auto,sirius,h2o,4gb,q3,cpu,48,106.0000,106.0000,12.26,184,130,148.9,171.7,31.3,96389,1167,15.7844,0.0000,15.7844,OK
pl150w_smauto,150,auto,sirius,h2o,4gb,q5,cpu,100,35.0000,35.0000,8.95,133,60,145.4,152.3,93.2,96616,531,5.0880,0.0000,5.0880,OK
pl150w_smauto,150,auto,sirius,h2o,4gb,q6,cpu,100,46.0000,46.0000,10.25,154,81,146.5,150.2,95.6,96621,475,6.7388,0.0000,6.7388,OK
pl150w_smauto,150,auto,sirius,h2o,4gb,q7,cpu,56,81.0000,81.0000,11.54,172,117,146.6,164.8,42.1,96423,1006,11.8721,0.0000,11.8721,OK
pl150w_smauto,150,auto,sirius,h2o,4gb,q9,cpu,45,110.0000,110.0000,10.69,161,82,147.0,151.2,96.0,96378,425,16.1743,0.0000,16.1743,OK
pl200w_smauto,200,auto,maximus,tpch,10,q1,gpu,100,47.2730,47.2730,8.49,125,111,174.5,184.0,97.6,48710,741,8.2483,0.0000,8.2483,OK
pl200w_smauto,200,auto,maximus,tpch,10,q3,gpu,100,15.7840,15.7840,5.81,84,72,180.0,189.6,96.0,48711,898,2.8405,0.0000,2.8405,OK
pl200w_smauto,200,auto,maximus,tpch,10,q6,gpu,100,10.1900,10.1900,4.52,66,53,186.3,203.2,96.1,48710,829,1.8989,0.0000,1.8989,OK
pl200w_smauto,200,auto,maximus,tpch,10,q9,gpu,100,41.9910,41.9910,8.87,127,111,176.5,189.0,97.4,48713,1111,7.4099,0.0000,7.4099,OK
pl200w_smauto,200,auto,maximus,tpch,10,q13,gpu,27,189.5100,189.5100,7.14,106,93,189.2,196.7,97.8,48713,1139,35.8496,0.0000,35.8496,OK
pl200w_smauto,200,auto,maximus,tpch,10,q16,gpu,100,33.3330,33.3330,5.74,86,71,182.4,192.7,94.6,48717,1396,6.0804,0.0000,6.0804,OK
pl200w_smauto,200,auto,maximus,tpch,10,q1,cpu,100,45.1090,45.1090,138.14,2159,2153,123.6,160.7,3.2,48712,1954,5.5750,0.0000,5.5750,OK
pl200w_smauto,200,auto,maximus,tpch,10,q3,cpu,100,19.5410,19.5410,165.10,2583,2576,120.8,128.0,1.2,48705,1978,2.3601,0.0000,2.3601,OK
pl200w_smauto,200,auto,maximus,tpch,10,q6,cpu,100,12.1700,12.1700,134.28,2099,2093,120.3,125.4,0.8,48704,1980,1.4643,0.0000,1.4643,OK
pl200w_smauto,200,auto,maximus,tpch,10,q9,cpu,20,258.0140,258.0140,47.32,739,731,121.6,125.5,1.5,48705,1969,31.3802,0.0000,31.3802,OK
pl200w_smauto,200,auto,maximus,tpch,10,q13,cpu,29,173.0350,173.0350,20.02,308,301,148.2,167.8,26.7,48705,1705,25.6457,0.0000,25.6457,OK
pl200w_smauto,200,auto,maximus,tpch,10,q16,cpu,41,123.0080,123.0080,20.26,314,309,128.7,141.5,6.7,48709,1931,15.8298,0.0000,15.8298,OK
pl200w_smauto,200,auto,sirius,tpch,10,q1,gpu,49,97.0000,97.0000,11.59,175,80,180.9,193.6,95.6,96395,1097,17.5515,0.0000,17.5515,OK
pl200w_smauto,200,auto,sirius,tpch,10,q3,gpu,100,27.0000,27.0000,6.09,89,35,151.3,198.5,45.8,96759,1632,4.0853,0.0000,4.0853,OK
pl200w_smauto,200,auto,sirius,tpch,10,q6,gpu,100,4.0000,4.0000,5.02,75,22,133.9,161.2,23.4,96593,1802,0.5358,0.0000,0.5358,OK
pl200w_smauto,200,auto,sirius,tpch,10,q9,gpu,7,723.0000,723.0000,11.72,158,95,138.4,157.8,13.0,96405,1789,100.0686,0.0000,100.0686,OK
pl200w_smauto,200,auto,sirius,tpch,10,q13,gpu,65,73.0000,73.0000,10.25,153,79,170.7,177.4,95.3,96755,903,12.4591,0.0000,12.4591,OK
pl200w_smauto,200,auto,sirius,tpch,10,q16,gpu,65,79.0000,79.0000,18.61,154,54,182.0,189.5,92.3,96763,988,14.3774,0.0000,14.3774,OK
pl200w_smauto,200,auto,sirius,tpch,10,q1,cpu,52,96.0000,96.0000,11.73,176,87,179.4,192.9,95.0,96411,1046,17.2256,0.0000,17.2256,OK
pl200w_smauto,200,auto,sirius,tpch,10,q3,cpu,100,25.0000,25.0000,6.50,92,35,150.1,199.3,47.1,96764,1638,3.7534,0.0000,3.7534,OK
pl200w_smauto,200,auto,sirius,tpch,10,q6,cpu,100,4.0000,4.0000,5.03,75,22,135.0,162.5,25.7,96592,1805,0.5400,0.0000,0.5400,OK
pl200w_smauto,200,auto,sirius,tpch,10,q9,cpu,7,723.0000,723.0000,11.62,156,95,139.1,157.2,11.3,96404,1786,100.5377,0.0000,100.5377,OK
pl200w_smauto,200,auto,sirius,tpch,10,q13,cpu,65,68.0000,68.0000,10.29,153,79,170.7,178.2,95.2,96754,896,11.6048,0.0000,11.6048,OK
pl200w_smauto,200,auto,sirius,tpch,10,q16,cpu,63,65.0000,65.0000,17.72,152,63,173.3,191.8,79.1,96761,1145,11.2660,0.0000,11.2660,OK
pl200w_smauto,200,auto,maximus,h2o,4gb,q1,gpu,100,23.3300,23.3300,5.70,83,69,174.3,184.6,98.7,48708,1075,4.0668,0.0000,4.0668,OK
pl200w_smauto,200,auto,maximus,h2o,4gb,q3,gpu,58,87.0260,87.0260,7.53,109,96,189.6,202.3,90.8,48711,653,16.5019,0.0000,16.5019,OK
pl200w_smauto,200,auto,maximus,h2o,4gb,q5,gpu,100,20.9480,20.9480,5.83,85,71,186.4,196.8,99.1,48710,754,3.9043,0.0000,3.9043,OK
pl200w_smauto,200,auto,maximus,h2o,4gb,q6,gpu,8,661.8580,661.8580,7.17,106,92,195.6,207.5,99.5,48712,713,129.4574,0.0000,129.4574,OK
pl200w_smauto,200,auto,maximus,h2o,4gb,q7,gpu,74,68.5180,68.5180,8.04,117,103,192.6,201.1,92.4,48712,616,13.1942,0.0000,13.1942,OK
pl200w_smauto,200,auto,maximus,h2o,4gb,q9,gpu,61,82.0830,82.0830,8.03,118,103,188.5,197.6,98.9,48712,888,15.4748,0.0000,15.4748,OK
pl200w_smauto,200,auto,maximus,h2o,4gb,q1,cpu,33,149.1160,149.1160,52.25,816,810,121.5,159.9,1.4,48707,1978,18.1117,0.0000,18.1117,OK
pl200w_smauto,200,auto,maximus,h2o,4gb,q3,cpu,14,345.7800,345.7800,27.73,431,424,123.3,129.8,3.8,48703,1913,42.6514,0.0000,42.6514,OK
pl200w_smauto,200,auto,maximus,h2o,4gb,q5,cpu,24,217.2320,217.2320,41.91,654,649,121.5,130.9,1.1,48703,1970,26.3943,0.0000,26.3943,OK
pl200w_smauto,200,auto,maximus,h2o,4gb,q6,cpu,7,768.4430,768.4430,19.68,302,295,140.2,181.8,21.8,48705,1665,107.6976,0.0000,107.6976,OK
pl200w_smauto,200,auto,maximus,h2o,4gb,q7,cpu,18,291.8260,291.8260,33.82,527,521,123.0,153.8,2.6,48704,1934,35.8916,0.0000,35.8916,OK
pl200w_smauto,200,auto,maximus,h2o,4gb,q9,cpu,67,72.4930,72.4930,96.49,1507,1500,126.2,132.6,4.8,48705,1912,9.1484,0.0000,9.1484,OK
pl200w_smauto,200,auto,sirius,h2o,4gb,q1,gpu,100,15.0000,15.0000,6.93,104,50,156.2,201.3,51.1,96615,1685,2.3425,0.0000,2.3425,OK
pl200w_smauto,200,auto,sirius,h2o,4gb,q3,gpu,46,103.0000,103.0000,11.88,179,123,157.2,189.5,29.1,96380,1342,16.1954,0.0000,16.1954,OK
pl200w_smauto,200,auto,sirius,h2o,4gb,q5,gpu,100,22.0000,22.0000,7.28,109,54,166.4,200.9,61.5,96617,1410,3.6605,0.0000,3.6605,OK
pl200w_smauto,200,auto,sirius,h2o,4gb,q6,gpu,100,32.0000,32.0000,8.15,122,53,188.1,201.0,91.4,96618,1231,6.0195,0.0000,6.0195,OK
pl200w_smauto,200,auto,sirius,h2o,4gb,q7,gpu,65,78.0000,78.0000,12.73,191,138,157.6,184.8,31.3,96459,1247,12.2946,0.0000,12.2946,OK
pl200w_smauto,200,auto,sirius,h2o,4gb,q9,gpu,69,72.0000,72.0000,10.62,159,79,186.3,194.3,93.8,96483,1093,13.4124,0.0000,13.4124,OK
pl200w_smauto,200,auto,sirius,h2o,4gb,q1,cpu,100,15.0000,15.0000,6.77,103,49,157.3,201.2,51.9,96614,1678,2.3588,0.0000,2.3588,OK
pl200w_smauto,200,auto,sirius,h2o,4gb,q3,cpu,41,100.0000,100.0000,11.33,169,115,155.4,189.0,28.3,96357,1367,15.5395,0.0000,15.5395,OK
pl200w_smauto,200,auto,sirius,h2o,4gb,q5,cpu,100,21.0000,21.0000,7.31,110,54,166.7,201.6,61.2,96616,1394,3.5001,0.0000,3.5001,OK
pl200w_smauto,200,auto,sirius,h2o,4gb,q6,cpu,100,32.0000,32.0000,8.17,122,50,189.9,201.0,92.8,96614,1186,6.0770,0.0000,6.0770,OK
pl200w_smauto,200,auto,sirius,h2o,4gb,q7,cpu,62,74.0000,74.0000,11.44,169,117,161.0,189.6,35.4,96446,1285,11.9148,0.0000,11.9148,OK
pl200w_smauto,200,auto,sirius,h2o,4gb,q9,cpu,69,72.0000,72.0000,10.54,158,78,186.4,195.0,93.7,96483,1078,13.4218,0.0000,13.4218,OK
pl250w_smauto,250,auto,maximus,tpch,10,q1,gpu,100,34.1910,34.1910,6.56,95,81,223.9,240.1,97.1,48708,1408,7.6547,0.0000,7.6547,OK
pl250w_smauto,250,auto,maximus,tpch,10,q3,gpu,100,13.5100,13.5100,4.61,66,52,218.8,244.1,95.2,48710,1331,2.9563,0.0000,2.9563,OK
pl250w_smauto,250,auto,maximus,tpch,10,q6,gpu,100,7.1110,7.1110,3.75,54,39,209.6,240.7,94.6,48712,1211,1.4908,0.0000,1.4908,OK
pl250w_smauto,250,auto,maximus,tpch,10,q9,gpu,100,31.1180,31.1180,6.93,102,88,225.6,244.9,96.3,48713,1376,7.0195,0.0000,7.0195,OK
pl250w_smauto,250,auto,maximus,tpch,10,q13,gpu,33,152.9970,152.9970,7.06,106,91,232.0,249.6,98.4,48714,1361,35.5028,0.0000,35.5028,OK
pl250w_smauto,250,auto,maximus,tpch,10,q16,gpu,100,29.5180,29.5180,5.16,78,64,226.5,247.8,93.1,48718,1647,6.6861,0.0000,6.6861,OK
pl250w_smauto,250,auto,maximus,tpch,10,q1,cpu,100,44.9420,44.9420,135.79,2123,2117,124.5,188.8,3.1,48710,1966,5.5973,0.0000,5.5973,OK
pl250w_smauto,250,auto,maximus,tpch,10,q3,cpu,100,19.6150,19.6150,163.76,2561,2554,121.0,130.9,1.2,48704,1980,2.3744,0.0000,2.3744,OK
pl250w_smauto,250,auto,maximus,tpch,10,q6,cpu,100,12.1790,12.1790,131.83,2060,2054,120.2,125.8,0.8,48703,1980,1.4637,0.0000,1.4637,OK
pl250w_smauto,250,auto,maximus,tpch,10,q9,cpu,20,260.4940,260.4940,48.30,753,748,121.7,126.4,1.5,48705,1977,31.7151,0.0000,31.7151,OK
pl250w_smauto,250,auto,maximus,tpch,10,q13,cpu,33,149.9110,149.9110,20.88,322,316,159.6,190.8,25.2,48706,1800,23.9269,0.0000,23.9269,OK
pl250w_smauto,250,auto,maximus,tpch,10,q16,cpu,41,124.0360,124.0360,20.90,323,317,130.1,148.2,6.1,48708,1962,16.1418,0.0000,16.1418,OK
pl250w_smauto,250,auto,sirius,tpch,10,q1,gpu,63,78.0000,78.0000,11.45,172,80,228.6,241.1,94.4,96458,1382,17.8304,0.0000,17.8304,OK
pl250w_smauto,250,auto,sirius,tpch,10,q3,gpu,100,24.0000,24.0000,6.03,88,32,159.0,246.6,42.3,96724,1814,3.8167,0.0000,3.8167,OK
pl250w_smauto,250,auto,sirius,tpch,10,q6,gpu,100,3.0000,3.0000,4.89,73,21,137.5,178.0,19.8,96580,1916,0.4125,0.0000,0.4125,OK
pl250w_smauto,250,auto,sirius,tpch,10,q9,gpu,8,687.0000,687.0000,12.03,162,100,144.6,164.6,8.2,96430,1886,99.3232,0.0000,99.3232,OK
pl250w_smauto,250,auto,sirius,tpch,10,q13,gpu,93,54.0000,54.0000,8.87,132,55,224.8,240.3,93.9,96754,1270,12.1410,0.0000,12.1410,OK
pl250w_smauto,250,auto,sirius,tpch,10,q16,gpu,80,63.0000,63.0000,25.33,174,52,212.1,251.3,76.2,96751,1432,13.3630,0.0000,13.3630,OK
pl250w_smauto,250,auto,sirius,tpch,10,q1,cpu,62,78.0000,78.0000,11.48,173,79,228.4,241.7,94.5,96452,1399,17.8189,0.0000,17.8189,OK
pl250w_smauto,250,auto,sirius,tpch,10,q3,cpu,100,24.0000,24.0000,6.00,87,33,161.0,250.1,41.8,96752,1823,3.8632,0.0000,3.8632,OK
pl250w_smauto,250,auto,sirius,tpch,10,q6,cpu,100,3.0000,3.0000,4.97,74,20,135.0,177.2,21.2,96574,1919,0.4050,0.0000,0.4050,OK
pl250w_smauto,250,auto,sirius,tpch,10,q9,cpu,8,688.0000,688.0000,12.22,162,100,144.3,165.0,9.5,96430,1894,99.2844,0.0000,99.2844,OK
pl250w_smauto,250,auto,sirius,tpch,10,q13,cpu,90,53.0000,53.0000,8.84,132,77,195.7,239.9,69.2,96756,1458,10.3711,0.0000,10.3711,OK
pl250w_smauto,250,auto,sirius,tpch,10,q16,cpu,80,62.0000,62.0000,25.04,170,53,212.2,249.1,75.0,96762,1437,13.1555,0.0000,13.1555,OK
pl250w_smauto,250,auto,maximus,h2o,4gb,q1,gpu,100,18.5550,18.5550,4.70,69,55,221.6,245.3,98.8,48706,1511,4.1117,0.0000,4.1117,OK
pl250w_smauto,250,auto,maximus,h2o,4gb,q3,gpu,80,60.9040,60.9040,7.59,105,91,228.7,243.1,87.1,48709,1124,13.9302,0.0000,13.9302,OK
pl250w_smauto,250,auto,maximus,h2o,4gb,q5,gpu,100,12.9750,12.9750,4.54,65,51,220.8,249.1,98.7,48709,1045,2.8648,0.0000,2.8648,OK
pl250w_smauto,250,auto,maximus,h2o,4gb,q6,gpu,11,493.1540,493.1540,7.40,109,93,231.5,252.1,99.6,48713,906,114.1808,0.0000,114.1808,OK
pl250w_smauto,250,auto,maximus,h2o,4gb,q7,gpu,100,45.3060,45.3060,7.70,110,95,236.0,253.4,88.6,48714,1039,10.6937,0.0000,10.6937,OK
pl250w_smauto,250,auto,maximus,h2o,4gb,q9,gpu,83,61.9350,61.9350,8.32,122,108,224.4,241.3,98.8,48711,1193,13.8960,0.0000,13.8960,OK
pl250w_smauto,250,auto,maximus,h2o,4gb,q1,cpu,33,149.5370,149.5370,52.70,822,816,121.8,179.2,1.3,48708,1980,18.2091,0.0000,18.2091,OK
pl250w_smauto,250,auto,maximus,h2o,4gb,q3,cpu,15,346.7440,346.7440,29.55,458,451,124.6,130.9,3.3,48705,1957,43.1993,0.0000,43.1993,OK
pl250w_smauto,250,auto,maximus,h2o,4gb,q5,cpu,23,218.9710,218.9710,40.63,632,627,121.6,132.7,1.0,48703,1976,26.6305,0.0000,26.6305,OK
pl250w_smauto,250,auto,maximus,h2o,4gb,q6,cpu,8,631.3350,631.3350,20.57,316,223,154.5,189.2,25.6,48705,1675,97.5271,0.0000,97.5271,OK
pl250w_smauto,250,auto,maximus,h2o,4gb,q7,cpu,18,288.4420,288.4420,33.42,519,512,124.4,170.4,2.1,48701,1956,35.8843,0.0000,35.8843,OK
pl250w_smauto,250,auto,maximus,h2o,4gb,q9,cpu,76,61.8290,61.8290,107.98,1684,1678,128.7,135.7,4.8,48706,1941,7.9555,0.0000,7.9555,OK
pl250w_smauto,250,auto,sirius,h2o,4gb,q1,gpu,100,14.0000,14.0000,6.61,99,46,171.4,252.1,47.7,96609,1868,2.3994,0.0000,2.3994,OK
pl250w_smauto,250,auto,sirius,h2o,4gb,q3,gpu,48,94.0000,94.0000,11.45,171,117,172.2,224.5,26.1,96390,1677,16.1908,0.0000,16.1908,OK
pl250w_smauto,250,auto,sirius,h2o,4gb,q5,gpu,100,19.0000,19.0000,6.85,103,49,188.5,259.4,57.2,96617,1614,3.5806,0.0000,3.5806,OK
pl250w_smauto,250,auto,sirius,h2o,4gb,q6,gpu,100,28.0000,28.0000,7.69,116,46,228.8,249.0,91.0,96620,1427,6.4052,0.0000,6.4052,OK
pl250w_smauto,250,auto,sirius,h2o,4gb,q7,gpu,65,71.0000,71.0000,11.16,165,112,179.8,220.1,32.3,96461,1674,12.7684,0.0000,12.7684,OK
pl250w_smauto,250,auto,sirius,h2o,4gb,q9,gpu,80,61.0000,61.0000,10.38,156,103,207.4,247.4,71.5,96531,1531,12.6523,0.0000,12.6523,OK
pl250w_smauto,250,auto,sirius,h2o,4gb,q1,cpu,100,14.0000,14.0000,6.61,100,48,173.4,250.9,46.2,96614,1867,2.4277,0.0000,2.4277,OK
pl250w_smauto,250,auto,sirius,h2o,4gb,q3,cpu,48,93.0000,93.0000,11.46,172,117,170.0,218.8,26.6,96390,1613,15.8087,0.0000,15.8087,OK
pl250w_smauto,250,auto,sirius,h2o,4gb,q5,cpu,100,17.0000,17.0000,6.89,103,48,185.2,245.4,57.0,96609,1599,3.1483,0.0000,3.1483,OK
pl250w_smauto,250,auto,sirius,h2o,4gb,q6,cpu,100,28.0000,28.0000,7.66,115,62,201.8,249.7,67.5,96621,1560,5.6501,0.0000,5.6501,OK
pl250w_smauto,250,auto,sirius,h2o,4gb,q7,cpu,66,72.0000,72.0000,11.16,164,110,181.0,223.5,33.2,96465,1724,13.0302,0.0000,13.0302,OK
pl250w_smauto,250,auto,sirius,h2o,4gb,q9,cpu,81,61.0000,61.0000,10.41,157,105,207.4,244.9,70.9,96534,1530,12.6514,0.0000,12.6514,OK
pl300w_smauto,300,auto,maximus,tpch,10,q1,gpu,100,30.9120,30.9120,6.11,89,75,260.9,287.4,96.8,48711,1609,8.0646,0.0000,8.0646,OK
pl300w_smauto,300,auto,maximus,tpch,10,q3,gpu,100,12.1480,12.1480,4.29,62,48,256.1,301.6,94.4,48711,1540,3.1110,0.0000,3.1110,OK
pl300w_smauto,300,auto,maximus,tpch,10,q6,gpu,100,6.2850,6.2850,3.42,50,35,240.9,300.5,95.0,48711,1509,1.5139,0.0000,1.5139,OK
pl300w_smauto,300,auto,maximus,tpch,10,q9,gpu,100,30.1990,30.1990,6.38,92,78,262.8,288.5,95.9,48712,1566,7.9354,0.0000,7.9354,OK
pl300w_smauto,300,auto,maximus,tpch,10,q13,gpu,37,138.0550,138.0550,7.12,108,93,273.6,299.1,98.1,48713,1492,37.7678,0.0000,37.7678,OK
pl300w_smauto,300,auto,maximus,tpch,10,q16,gpu,100,27.5330,27.5330,4.84,73,59,259.7,297.8,92.7,48716,1846,7.1515,0.0000,7.1515,OK
pl300w_smauto,300,auto,maximus,tpch,10,q1,cpu,100,45.0630,45.0630,137.35,2145,2138,125.4,211.6,3.1,48707,1975,5.6512,0.0000,5.6512,OK
pl300w_smauto,300,auto,maximus,tpch,10,q3,cpu,100,19.6660,19.6660,163.34,2551,2545,120.9,131.0,1.1,48705,1980,2.3779,0.0000,2.3779,OK
pl300w_smauto,300,auto,maximus,tpch,10,q6,cpu,100,12.1630,12.1630,131.60,2056,2050,120.3,126.3,0.8,48703,1980,1.4635,0.0000,1.4635,OK
pl300w_smauto,300,auto,maximus,tpch,10,q9,cpu,20,257.3990,257.3990,47.48,741,733,121.8,126.3,1.6,48705,1980,31.3605,0.0000,31.3605,OK
pl300w_smauto,300,auto,maximus,tpch,10,q13,cpu,35,140.5530,140.5530,21.55,333,327,168.4,206.8,21.9,48705,1848,23.6643,0.0000,23.6643,OK
pl300w_smauto,300,auto,maximus,tpch,10,q16,cpu,42,123.7360,123.7360,20.91,324,319,131.6,153.3,5.8,48707,1979,16.2844,0.0000,16.2844,OK
pl300w_smauto,300,auto,sirius,tpch,10,q1,gpu,68,72.0000,72.0000,11.48,173,79,263.9,279.4,93.7,96480,1617,18.9988,0.0000,18.9988,OK
pl300w_smauto,300,auto,sirius,tpch,10,q3,gpu,100,22.0000,22.0000,5.69,84,15,224.8,296.3,75.9,96742,1896,4.9447,0.0000,4.9447,OK
pl300w_smauto,300,auto,sirius,tpch,10,q6,gpu,100,3.0000,3.0000,4.91,73,20,137.6,191.3,20.0,96570,1980,0.4129,0.0000,0.4129,OK
pl300w_smauto,300,auto,sirius,tpch,10,q9,gpu,8,678.0000,678.0000,12.15,162,99,148.2,172.0,8.5,96431,1941,100.5011,0.0000,100.5011,OK
pl300w_smauto,300,auto,sirius,tpch,10,q13,gpu,100,49.0000,49.0000,8.52,125,51,264.4,289.2,91.9,96759,1581,12.9573,0.0000,12.9573,OK
pl300w_smauto,300,auto,sirius,tpch,10,q16,gpu,87,58.0000,58.0000,28.14,175,48,231.0,284.6,73.6,96749,1619,13.3983,0.0000,13.3983,OK
pl300w_smauto,300,auto,sirius,tpch,10,q1,cpu,71,71.0000,71.0000,11.69,177,83,264.0,279.9,93.2,96491,1605,18.7448,0.0000,18.7448,OK
pl300w_smauto,300,auto,sirius,tpch,10,q3,cpu,100,22.0000,22.0000,7.54,94,32,173.8,295.4,40.2,96758,1943,3.8244,0.0000,3.8244,OK
pl300w_smauto,300,auto,sirius,tpch,10,q6,cpu,100,3.0000,3.0000,4.92,73,21,140.8,190.3,18.6,96589,1974,0.4225,0.0000,0.4225,OK
pl300w_smauto,300,auto,sirius,tpch,10,q9,cpu,8,679.0000,679.0000,12.04,158,96,148.2,171.4,8.3,96428,1959,100.6158,0.0000,100.6158,OK
pl300w_smauto,300,auto,sirius,tpch,10,q13,cpu,100,48.0000,48.0000,8.55,126,50,266.0,290.6,93.4,96756,1597,12.7694,0.0000,12.7694,OK
pl300w_smauto,300,auto,sirius,tpch,10,q16,cpu,85,58.0000,58.0000,27.84,188,48,232.1,287.4,74.0,96752,1612,13.4636,0.0000,13.4636,OK
pl300w_smauto,300,auto,maximus,h2o,4gb,q1,gpu,100,17.0160,17.0160,4.45,65,50,249.6,290.2,98.8,48708,1698,4.2477,0.0000,4.2477,OK
pl300w_smauto,300,auto,maximus,h2o,4gb,q3,gpu,85,58.2290,58.2290,7.48,109,95,274.5,300.6,86.9,48713,1460,15.9864,0.0000,15.9864,OK
pl300w_smauto,300,auto,maximus,h2o,4gb,q5,gpu,100,11.6280,11.6280,3.97,58,44,251.8,301.6,98.9,48712,1407,2.9276,0.0000,2.9276,OK
pl300w_smauto,300,auto,maximus,h2o,4gb,q6,gpu,13,408.1690,408.1690,7.13,104,90,272.8,298.6,99.2,48715,1165,111.3336,0.0000,111.3336,OK
pl300w_smauto,300,auto,maximus,h2o,4gb,q7,gpu,100,43.2150,43.2150,7.16,103,89,273.6,299.9,86.8,48716,1446,11.8250,0.0000,11.8250,OK
pl300w_smauto,300,auto,maximus,h2o,4gb,q9,gpu,93,53.3780,53.3780,8.05,118,103,271.3,294.3,98.6,48715,1428,14.4829,0.0000,14.4829,OK
pl300w_smauto,300,auto,maximus,h2o,4gb,q1,cpu,33,149.3370,149.3370,52.64,821,815,122.1,209.4,1.4,48707,1980,18.2266,0.0000,18.2266,OK
pl300w_smauto,300,auto,maximus,h2o,4gb,q3,cpu,15,348.2690,348.2690,30.13,468,461,125.0,131.8,3.2,48705,1964,43.5456,0.0000,43.5456,OK
pl300w_smauto,300,auto,maximus,h2o,4gb,q5,cpu,24,215.7080,215.7080,41.32,644,639,121.8,133.7,1.1,48703,1980,26.2725,0.0000,26.2725,OK
pl300w_smauto,300,auto,maximus,h2o,4gb,q6,cpu,9,557.0770,557.0770,22.28,343,336,149.1,197.2,15.7,48705,1835,83.0588,0.0000,83.0588,OK
pl300w_smauto,300,auto,maximus,h2o,4gb,q7,cpu,18,291.7770,291.7770,33.88,527,521,125.1,193.6,2.7,48703,1964,36.5089,0.0000,36.5089,OK
pl300w_smauto,300,auto,maximus,h2o,4gb,q9,cpu,80,61.4720,61.4720,113.77,1775,1767,130.2,137.0,4.4,48705,1952,8.0008,0.0000,8.0008,OK
pl300w_smauto,300,auto,sirius,h2o,4gb,q1,gpu,100,14.0000,14.0000,6.49,98,45,183.6,294.8,44.5,96613,1973,2.5699,0.0000,2.5699,OK
pl300w_smauto,300,auto,sirius,h2o,4gb,q3,gpu,50,93.0000,93.0000,11.99,180,125,178.5,227.6,25.3,96398,1779,16.6030,0.0000,16.6030,OK
pl300w_smauto,300,auto,sirius,h2o,4gb,q5,gpu,100,17.0000,17.0000,6.71,102,47,209.2,299.0,55.0,96617,1696,3.5568,0.0000,3.5568,OK
pl300w_smauto,300,auto,sirius,h2o,4gb,q6,gpu,100,25.0000,25.0000,7.41,111,42,268.6,300.7,89.4,96620,1628,6.7150,0.0000,6.7150,OK
pl300w_smauto,300,auto,sirius,h2o,4gb,q7,gpu,66,72.0000,72.0000,11.52,171,116,190.8,236.5,31.8,96464,1801,13.7343,0.0000,13.7343,OK
pl300w_smauto,300,auto,sirius,h2o,4gb,q9,gpu,88,56.0000,56.0000,10.47,159,78,282.9,297.7,92.6,96564,1613,15.8440,0.0000,15.8440,OK
pl300w_smauto,300,auto,sirius,h2o,4gb,q1,cpu,100,14.0000,14.0000,6.53,98,45,184.6,297.0,44.6,96609,1976,2.5843,0.0000,2.5843,OK
pl300w_smauto,300,auto,sirius,h2o,4gb,q3,cpu,48,93.0000,93.0000,11.58,174,120,179.9,234.2,25.5,96387,1814,16.7331,0.0000,16.7331,OK
pl300w_smauto,300,auto,sirius,h2o,4gb,q5,cpu,100,17.0000,17.0000,6.75,101,47,205.8,297.8,55.3,96611,1698,3.4986,0.0000,3.4986,OK
pl300w_smauto,300,auto,sirius,h2o,4gb,q6,cpu,100,25.0000,25.0000,7.38,111,41,272.8,299.9,92.0,96620,1625,6.8204,0.0000,6.8204,OK
pl300w_smauto,300,auto,sirius,h2o,4gb,q7,cpu,66,72.0000,72.0000,11.45,170,114,191.1,237.3,32.6,96466,1803,13.7613,0.0000,13.7613,OK
pl300w_smauto,300,auto,sirius,h2o,4gb,q9,cpu,90,56.0000,56.0000,10.50,159,80,283.2,297.3,92.4,96574,1634,15.8583,0.0000,15.8583,OK
pl400w_smauto,400,auto,maximus,tpch,10,q1,gpu,100,27.8530,27.8530,5.64,81,68,318.2,369.0,95.9,48710,1945,8.8622,0.0000,8.8622,OK
pl400w_smauto,400,auto,maximus,tpch,10,q3,gpu,100,10.2930,10.2930,4.01,59,46,307.9,396.2,94.0,48709,1945,3.1695,0.0000,3.1695,OK
pl400w_smauto,400,auto,maximus,tpch,10,q6,gpu,100,5.2490,5.2490,3.28,47,34,281.3,397.8,92.8,48711,1875,1.4766,0.0000,1.4766,OK
pl400w_smauto,400,auto,maximus,tpch,10,q9,gpu,100,25.8410,25.8410,5.76,84,71,328.8,385.1,95.4,48711,1937,8.4963,0.0000,8.4963,OK
pl400w_smauto,400,auto,maximus,tpch,10,q13,gpu,43,118.6880,118.6880,7.04,106,92,355.9,398.5,97.8,48710,1782,42.2382,0.0000,42.2382,OK
pl400w_smauto,400,auto,maximus,tpch,10,q16,gpu,100,27.0650,27.0650,4.70,71,58,283.5,335.4,92.3,48713,1975,7.6729,0.0000,7.6729,OK
pl400w_smauto,400,auto,maximus,tpch,10,q1,cpu,100,45.0410,45.0410,136.77,2136,2131,126.1,237.3,3.1,48707,1980,5.6782,0.0000,5.6782,OK
pl400w_smauto,400,auto,maximus,tpch,10,q3,cpu,100,19.7120,19.7120,162.49,2539,2532,120.7,131.0,1.1,48706,1980,2.3800,0.0000,2.3800,OK
pl400w_smauto,400,auto,maximus,tpch,10,q6,cpu,100,12.1790,12.1790,134.70,2105,2100,120.4,125.8,0.8,48703,1980,1.4666,0.0000,1.4666,OK
pl400w_smauto,400,auto,maximus,tpch,10,q9,cpu,20,259.2860,259.2860,48.40,754,747,121.6,125.7,1.7,48704,1980,31.5257,0.0000,31.5257,OK
pl400w_smauto,400,auto,maximus,tpch,10,q13,cpu,40,125.4860,125.4860,23.13,358,267,204.1,233.5,29.2,48705,1929,25.6123,0.0000,25.6123,OK
pl400w_smauto,400,auto,maximus,tpch,10,q16,cpu,42,120.9830,120.9830,20.52,318,313,132.5,161.7,5.9,48706,1980,16.0308,0.0000,16.0308,OK
pl400w_smauto,400,auto,sirius,tpch,10,q1,gpu,79,64.0000,64.0000,11.42,172,81,330.6,356.9,92.1,96528,1951,21.1580,0.0000,21.1580,OK
pl400w_smauto,400,auto,sirius,tpch,10,q3,gpu,100,21.0000,21.0000,5.82,85,31,173.3,311.8,39.9,96760,1980,3.6389,0.0000,3.6389,OK
pl400w_smauto,400,auto,sirius,tpch,10,q6,gpu,100,3.0000,3.0000,5.02,75,21,141.1,192.3,18.1,96586,1980,0.4233,0.0000,0.4233,OK
pl400w_smauto,400,auto,sirius,tpch,10,q9,gpu,8,672.0000,672.0000,11.97,158,97,153.9,181.5,7.4,96431,1974,103.4457,0.0000,103.4457,OK
pl400w_smauto,400,auto,sirius,tpch,10,q13,gpu,100,44.0000,44.0000,8.63,123,45,327.4,371.4,91.4,96756,1924,14.4050,0.0000,14.4050,OK
pl400w_smauto,400,auto,sirius,tpch,10,q16,gpu,97,52.0000,52.0000,32.70,185,43,277.3,364.0,72.1,96751,1913,14.4189,0.0000,14.4189,OK
pl400w_smauto,400,auto,sirius,tpch,10,q1,cpu,77,64.0000,64.0000,11.38,172,81,329.3,357.0,91.8,96519,1930,21.0727,0.0000,21.0727,OK
pl400w_smauto,400,auto,sirius,tpch,10,q3,cpu,100,21.0000,21.0000,6.91,90,31,171.4,312.7,37.6,96739,1980,3.5985,0.0000,3.5985,OK
pl400w_smauto,400,auto,sirius,tpch,10,q6,cpu,100,3.0000,3.0000,4.94,74,21,141.1,190.8,21.9,96592,1980,0.4233,0.0000,0.4233,OK
pl400w_smauto,400,auto,sirius,tpch,10,q9,cpu,8,671.0000,671.0000,12.13,160,97,153.7,181.1,7.1,96431,1973,103.1628,0.0000,103.1628,OK
pl400w_smauto,400,auto,sirius,tpch,10,q13,cpu,100,44.0000,44.0000,8.16,121,65,262.4,369.2,63.5,96750,1942,11.5475,0.0000,11.5475,OK
pl400w_smauto,400,auto,sirius,tpch,10,q16,cpu,97,51.0000,51.0000,32.74,190,136,174.5,366.1,24.0,96760,1960,8.8974,0.0000,8.8974,OK
pl400w_smauto,400,auto,maximus,h2o,4gb,q1,gpu,100,15.5880,15.5880,4.19,61,47,288.2,353.2,98.7,48706,1967,4.4927,0.0000,4.4927,OK
pl400w_smauto,400,auto,maximus,h2o,4gb,q3,gpu,87,56.7340,56.7340,7.46,111,96,334.7,370.6,87.1,48708,1962,18.9917,0.0000,18.9917,OK
pl400w_smauto,400,auto,maximus,h2o,4gb,q5,gpu,100,10.1800,10.1800,3.74,54,41,305.4,401.6,97.9,48708,1650,3.1091,0.0000,3.1091,OK
pl400w_smauto,400,auto,maximus,h2o,4gb,q6,gpu,15,337.6560,337.6560,6.95,101,86,349.5,398.9,99.5,48711,1578,118.0158,0.0000,118.0158,OK
pl400w_smauto,400,auto,maximus,h2o,4gb,q7,gpu,100,41.7180,41.7180,6.98,100,86,340.3,384.2,86.7,48713,1943,14.1986,0.0000,14.1986,OK
pl400w_smauto,400,auto,maximus,h2o,4gb,q9,gpu,100,46.4330,46.4330,7.62,114,99,355.1,396.4,98.6,48710,1674,16.4889,0.0000,16.4889,OK
pl400w_smauto,400,auto,maximus,h2o,4gb,q1,cpu,34,151.3280,151.3280,54.90,857,851,122.7,258.3,1.3,48706,1980,18.5687,0.0000,18.5687,OK
pl400w_smauto,400,auto,maximus,h2o,4gb,q3,cpu,15,344.8990,344.8990,29.72,461,454,126.1,133.4,3.2,48703,1980,43.5002,0.0000,43.5002,OK
pl400w_smauto,400,auto,maximus,h2o,4gb,q5,cpu,24,215.1220,215.1220,41.63,648,642,121.7,136.6,1.2,48701,1980,26.1717,0.0000,26.1717,OK
pl400w_smauto,400,auto,maximus,h2o,4gb,q6,cpu,11,497.4460,497.4460,24.61,379,373,161.4,219.9,14.7,48705,1912,80.3077,0.0000,80.3077,OK
pl400w_smauto,400,auto,maximus,h2o,4gb,q7,cpu,18,286.5930,286.5930,33.74,524,518,126.1,218.6,2.6,48703,1980,36.1501,0.0000,36.1501,OK
pl400w_smauto,400,auto,maximus,h2o,4gb,q9,cpu,83,59.9060,59.9060,116.38,1817,1809,132.3,139.3,4.2,48705,1970,7.9245,0.0000,7.9245,OK
pl400w_smauto,400,auto,sirius,h2o,4gb,q1,gpu,100,14.0000,14.0000,6.59,100,46,186.0,297.1,44.7,96609,1980,2.6041,0.0000,2.6041,OK
pl400w_smauto,400,auto,sirius,h2o,4gb,q3,gpu,49,91.0000,91.0000,11.43,171,117,192.2,251.9,25.9,96394,1958,17.4916,0.0000,17.4916,OK
pl400w_smauto,400,auto,sirius,h2o,4gb,q5,gpu,100,16.0000,16.0000,6.58,98,45,243.3,384.8,51.2,96616,1969,3.8924,0.0000,3.8924,OK
pl400w_smauto,400,auto,sirius,h2o,4gb,q6,gpu,100,25.0000,25.0000,7.38,112,57,262.3,363.8,65.5,96621,1980,6.5571,0.0000,6.5571,OK
pl400w_smauto,400,auto,sirius,h2o,4gb,q7,gpu,65,71.0000,71.0000,11.17,165,108,206.3,269.2,32.0,96462,1969,14.6448,0.0000,14.6448,OK
pl400w_smauto,400,auto,sirius,h2o,4gb,q9,gpu,91,55.0000,55.0000,10.38,157,80,333.0,356.3,91.0,96578,1963,18.3150,0.0000,18.3150,OK
pl400w_smauto,400,auto,sirius,h2o,4gb,q1,cpu,100,14.0000,14.0000,6.50,98,45,185.1,297.2,45.0,96609,1980,2.5914,0.0000,2.5914,OK
pl400w_smauto,400,auto,sirius,h2o,4gb,q3,cpu,55,100.0000,100.0000,12.50,189,134,192.7,242.0,25.4,96418,1958,19.2692,0.0000,19.2692,OK
pl400w_smauto,400,auto,sirius,h2o,4gb,q5,cpu,100,16.0000,16.0000,6.66,100,45,236.6,382.8,51.8,96616,1971,3.7858,0.0000,3.7858,OK
pl400w_smauto,400,auto,sirius,h2o,4gb,q6,cpu,100,25.0000,25.0000,7.32,110,58,263.2,364.1,63.4,96619,1980,6.5811,0.0000,6.5811,OK
pl400w_smauto,400,auto,sirius,h2o,4gb,q7,cpu,65,71.0000,71.0000,11.06,162,71,250.2,268.5,48.0,96461,1964,17.7619,0.0000,17.7619,OK
pl400w_smauto,400,auto,sirius,h2o,4gb,q9,cpu,91,55.0000,55.0000,10.33,157,81,332.1,355.8,91.0,96579,1963,18.2643,0.0000,18.2643,OK
pl900w_smauto,900,auto,maximus,tpch,10,q1,gpu,100,27.7290,27.7290,5.62,81,66,323.6,380.6,96.2,48709,1980,8.9744,0.0000,8.9744,OK
pl900w_smauto,900,auto,maximus,tpch,10,q3,gpu,100,10.2210,10.2210,4.01,59,44,316.1,405.4,94.2,48712,1980,3.2310,0.0000,3.2310,OK
pl900w_smauto,900,auto,maximus,tpch,10,q6,gpu,100,5.0870,5.0870,3.24,46,33,295.5,436.3,94.0,48711,1980,1.5033,0.0000,1.5033,OK
pl900w_smauto,900,auto,maximus,tpch,10,q9,gpu,100,25.5720,25.5720,5.73,84,69,342.8,400.0,95.6,48710,1980,8.7655,0.0000,8.7655,OK
pl900w_smauto,900,auto,maximus,tpch,10,q13,gpu,46,110.3280,110.3280,6.94,105,90,434.3,499.1,97.9,48710,1980,47.9136,0.0000,47.9136,OK
pl900w_smauto,900,auto,maximus,tpch,10,q16,gpu,100,27.0380,27.0380,4.70,71,58,285.1,336.5,92.4,48715,1980,7.7083,0.0000,7.7083,OK
pl900w_smauto,900,auto,maximus,tpch,10,q1,cpu,100,45.0960,45.0960,138.04,2157,2151,126.0,237.5,3.1,48708,1980,5.6835,0.0000,5.6835,OK
pl900w_smauto,900,auto,maximus,tpch,10,q3,cpu,100,19.5950,19.5950,164.15,2566,2560,120.7,131.9,1.0,48704,1980,2.3661,0.0000,2.3661,OK
pl900w_smauto,900,auto,maximus,tpch,10,q6,cpu,100,12.2500,12.2500,136.61,2134,2128,120.2,126.0,0.8,48705,1980,1.4729,0.0000,1.4729,OK
pl900w_smauto,900,auto,maximus,tpch,10,q9,cpu,20,262.4950,262.4950,48.73,761,754,121.8,126.4,1.5,48705,1980,31.9723,0.0000,31.9723,OK
pl900w_smauto,900,auto,maximus,tpch,10,q13,cpu,41,123.3960,123.3960,23.21,359,354,193.6,246.3,22.7,48705,1980,23.8921,0.0000,23.8921,OK
pl900w_smauto,900,auto,maximus,tpch,10,q16,cpu,41,123.6630,123.6630,20.45,317,311,132.1,172.9,6.3,48711,1980,16.3389,0.0000,16.3389,OK
pl900w_smauto,900,auto,sirius,tpch,10,q1,gpu,79,63.0000,63.0000,11.40,175,81,348.5,371.8,93.0,96527,1980,21.9559,0.0000,21.9559,OK
pl900w_smauto,900,auto,sirius,tpch,10,q3,gpu,100,21.0000,21.0000,7.12,90,31,171.7,310.5,38.7,96751,1980,3.6049,0.0000,3.6049,OK
pl900w_smauto,900,auto,sirius,tpch,10,q6,gpu,100,3.0000,3.0000,5.05,75,21,140.4,190.3,17.7,96592,1980,0.4212,0.0000,0.4212,OK
pl900w_smauto,900,auto,sirius,tpch,10,q9,gpu,8,671.0000,671.0000,12.08,160,96,155.2,184.0,6.8,96430,1980,104.1152,0.0000,104.1152,OK
pl900w_smauto,900,auto,sirius,tpch,10,q13,gpu,100,43.0000,43.0000,9.48,128,66,273.6,387.5,63.4,96763,1980,11.7653,0.0000,11.7653,OK
pl900w_smauto,900,auto,sirius,tpch,10,q16,gpu,99,50.0000,50.0000,33.76,190,43,286.0,381.6,71.4,96751,1980,14.2984,0.0000,14.2984,OK
pl900w_smauto,900,auto,sirius,tpch,10,q1,cpu,80,63.0000,63.0000,11.52,175,121,273.7,371.0,63.3,96532,1980,17.2451,0.0000,17.2451,OK
pl900w_smauto,900,auto,sirius,tpch,10,q3,cpu,100,21.0000,21.0000,5.93,87,31,175.3,307.1,39.2,96759,1980,3.6812,0.0000,3.6812,OK
pl900w_smauto,900,auto,sirius,tpch,10,q6,cpu,100,3.0000,3.0000,5.01,75,21,140.9,192.0,21.4,96586,1980,0.4228,0.0000,0.4228,OK
pl900w_smauto,900,auto,sirius,tpch,10,q9,cpu,8,672.0000,672.0000,12.03,159,96,155.5,184.5,6.5,96431,1980,104.4843,0.0000,104.4843,OK
pl900w_smauto,900,auto,sirius,tpch,10,q13,cpu,100,43.0000,43.0000,8.12,120,65,272.6,389.0,63.5,96756,1980,11.7220,0.0000,11.7220,OK
pl900w_smauto,900,auto,sirius,tpch,10,q16,cpu,99,51.0000,51.0000,33.87,193,35,327.2,382.5,86.4,96762,1980,16.6895,0.0000,16.6895,OK
pl900w_smauto,900,auto,maximus,h2o,4gb,q1,gpu,100,15.5990,15.5990,4.20,61,47,294.0,357.4,98.6,48708,1980,4.5856,0.0000,4.5856,OK
pl900w_smauto,900,auto,maximus,h2o,4gb,q3,gpu,87,57.5780,57.5780,7.53,111,96,335.7,368.1,86.1,48709,1980,19.3287,0.0000,19.3287,OK
pl900w_smauto,900,auto,maximus,h2o,4gb,q5,gpu,100,9.5730,9.5730,3.57,51,37,355.2,495.7,98.0,48708,1980,3.4005,0.0000,3.4005,OK
pl900w_smauto,900,auto,maximus,h2o,4gb,q6,gpu,16,326.4680,326.4680,7.05,103,88,436.9,498.4,99.4,48709,1980,142.6178,0.0000,142.6178,OK
pl900w_smauto,900,auto,maximus,h2o,4gb,q7,gpu,100,42.1640,42.1640,7.00,100,86,348.4,389.3,86.4,48711,1980,14.6915,0.0000,14.6915,OK
pl900w_smauto,900,auto,maximus,h2o,4gb,q9,gpu,100,43.9170,43.9170,7.19,107,93,433.7,494.3,98.7,48712,1980,19.0464,0.0000,19.0464,OK
pl900w_smauto,900,auto,maximus,h2o,4gb,q1,cpu,33,150.5150,150.5150,53.20,830,823,123.6,321.2,1.4,48706,1980,18.6005,0.0000,18.6005,OK
pl900w_smauto,900,auto,maximus,h2o,4gb,q3,cpu,15,345.3080,345.3080,30.16,469,463,126.3,133.7,2.9,48703,1980,43.6083,0.0000,43.6083,OK
pl900w_smauto,900,auto,maximus,h2o,4gb,q5,cpu,24,214.6870,214.6870,41.60,648,642,121.8,136.6,1.1,48703,1980,26.1588,0.0000,26.1588,OK
pl900w_smauto,900,auto,maximus,h2o,4gb,q6,cpu,11,491.1770,491.1770,24.66,380,373,170.9,239.7,14.8,48705,1980,83.9446,0.0000,83.9446,OK
pl900w_smauto,900,auto,maximus,h2o,4gb,q7,cpu,18,291.2500,291.2500,34.05,529,523,126.4,240.7,2.7,48704,1980,36.8038,0.0000,36.8038,OK
pl900w_smauto,900,auto,maximus,h2o,4gb,q9,cpu,82,60.0870,60.0870,114.53,1788,1781,133.0,139.3,4.2,48705,1980,7.9892,0.0000,7.9892,OK
pl900w_smauto,900,auto,sirius,h2o,4gb,q1,gpu,100,14.0000,14.0000,6.61,100,46,185.6,296.6,44.5,96609,1980,2.5977,0.0000,2.5977,OK
pl900w_smauto,900,auto,sirius,h2o,4gb,q3,gpu,49,93.0000,93.0000,11.91,180,125,190.9,249.9,24.5,96394,1980,17.7500,0.0000,17.7500,OK
pl900w_smauto,900,auto,sirius,h2o,4gb,q5,gpu,100,16.0000,16.0000,6.48,98,44,237.7,391.1,51.4,96616,1980,3.8032,0.0000,3.8032,OK
pl900w_smauto,900,auto,sirius,h2o,4gb,q6,gpu,100,25.0000,25.0000,7.24,109,40,319.8,366.6,89.6,96615,1980,7.9945,0.0000,7.9945,OK
pl900w_smauto,900,auto,sirius,h2o,4gb,q7,gpu,66,71.0000,71.0000,11.13,163,109,208.0,270.0,31.6,96464,1980,14.7660,0.0000,14.7660,OK
pl900w_smauto,900,auto,sirius,h2o,4gb,q9,gpu,91,55.0000,55.0000,10.32,156,79,336.7,361.2,92.5,96580,1980,18.5188,0.0000,18.5188,OK
pl900w_smauto,900,auto,sirius,h2o,4gb,q1,cpu,100,14.0000,14.0000,6.57,99,44,186.3,297.7,46.3,96612,1980,2.6082,0.0000,2.6082,OK
pl900w_smauto,900,auto,sirius,h2o,4gb,q3,cpu,50,92.0000,92.0000,11.79,177,121,194.0,256.0,26.0,96398,1980,17.8488,0.0000,17.8488,OK
pl900w_smauto,900,auto,sirius,h2o,4gb,q5,cpu,100,16.0000,16.0000,6.55,99,46,242.0,389.9,50.5,96615,1980,3.8723,0.0000,3.8723,OK
pl900w_smauto,900,auto,sirius,h2o,4gb,q6,cpu,100,25.0000,25.0000,7.36,111,57,263.7,365.6,65.5,96621,1980,6.5921,0.0000,6.5921,OK
pl900w_smauto,900,auto,sirius,h2o,4gb,q7,cpu,65,71.0000,71.0000,10.97,161,107,207.5,269.8,32.1,96462,1980,14.7314,0.0000,14.7314,OK
pl900w_smauto,900,auto,sirius,h2o,4gb,q9,cpu,91,54.0000,54.0000,10.37,157,78,339.7,361.2,91.7,96579,1980,18.3456,0.0000,18.3456,OK
pl900w_sm600,900,600,maximus,tpch,10,q1,gpu,66,75.7620,75.7620,9.03,123,106,134.4,147.6,98.2,48712,600,10.1860,0.0000,10.1860,OK
pl900w_sm600,900,600,maximus,tpch,10,q3,gpu,100,28.1630,28.1630,7.87,104,87,146.1,168.3,97.4,48710,600,4.1158,0.0000,4.1158,OK
pl900w_sm600,900,600,maximus,tpch,10,q6,gpu,100,14.5020,14.5020,6.07,80,65,144.7,181.1,95.9,48709,600,2.0986,0.0000,2.0986,OK
pl900w_sm600,900,600,maximus,tpch,10,q9,gpu,67,75.1580,75.1580,9.58,129,114,135.4,148.7,98.4,48707,600,10.1792,0.0000,10.1792,OK
pl900w_sm600,900,600,maximus,tpch,10,q13,gpu,16,332.2790,332.2790,8.27,114,98,129.9,143.4,98.7,48707,600,43.1770,0.0000,43.1770,OK
pl900w_sm600,900,600,maximus,tpch,10,q16,gpu,64,78.1870,78.1870,8.16,113,97,113.1,119.9,96.9,48711,600,8.8466,0.0000,8.8466,OK
pl900w_sm600,900,600,maximus,tpch,10,q1,cpu,46,110.5050,110.5050,70.25,1023,1017,78.2,90.7,7.3,48704,600,8.6415,0.0000,8.6415,OK
pl900w_sm600,900,600,maximus,tpch,10,q3,cpu,100,45.1030,45.1030,168.20,2460,2452,75.3,81.9,2.6,48704,600,3.3963,0.0000,3.3963,OK
pl900w_sm600,900,600,maximus,tpch,10,q6,cpu,100,26.4460,26.4460,136.28,1992,1986,74.7,78.2,1.8,48704,600,1.9765,0.0000,1.9765,OK
pl900w_sm600,900,600,maximus,tpch,10,q9,cpu,17,313.1990,313.1990,43.85,638,631,75.9,78.4,3.6,48704,600,23.7654,0.0000,23.7654,OK
pl900w_sm600,900,600,maximus,tpch,10,q13,cpu,15,353.8270,353.8270,15.95,227,222,97.3,122.0,36.0,48705,600,34.4218,0.0000,34.4218,OK
pl900w_sm600,900,600,maximus,tpch,10,q16,cpu,29,177.5900,177.5900,17.92,257,250,80.2,88.2,14.6,48709,600,14.2506,0.0000,14.2506,OK
pl900w_sm600,900,600,sirius,tpch,10,q1,gpu,30,165.0000,165.0000,11.96,167,114,114.8,139.7,66.5,96310,600,18.9457,0.0000,18.9457,OK
pl900w_sm600,900,600,sirius,tpch,10,q3,gpu,88,56.0000,56.0000,8.65,108,53,105.1,124.3,65.5,96765,600,5.8883,0.0000,5.8883,OK
pl900w_sm600,900,600,sirius,tpch,10,q6,gpu,100,8.0000,8.0000,5.78,78,26,90.2,122.0,42.8,96592,600,0.7215,0.0000,0.7215,OK
pl900w_sm600,900,600,sirius,tpch,10,q9,gpu,7,832.0000,832.0000,12.99,162,104,95.9,113.8,24.4,96405,600,79.7531,0.0000,79.7531,OK
pl900w_sm600,900,600,sirius,tpch,10,q13,gpu,46,111.0000,111.0000,10.67,146,96,125.0,144.5,76.7,96587,600,13.8742,0.0000,13.8742,OK
pl900w_sm600,900,600,sirius,tpch,10,q16,gpu,38,132.0000,132.0000,9.98,138,88,132.1,145.4,83.5,96697,600,17.4396,0.0000,17.4396,OK
pl900w_sm600,900,600,sirius,tpch,10,q1,cpu,30,165.0000,165.0000,11.95,166,115,114.7,140.5,67.2,96310,600,18.9217,0.0000,18.9217,OK
pl900w_sm600,900,600,sirius,tpch,10,q3,cpu,90,56.0000,56.0000,8.85,110,54,105.2,124.8,62.4,96759,600,5.8933,0.0000,5.8933,OK
pl900w_sm600,900,600,sirius,tpch,10,q6,cpu,100,8.0000,8.0000,5.71,76,26,91.2,121.5,41.5,96603,600,0.7295,0.0000,0.7295,OK
pl900w_sm600,900,600,sirius,tpch,10,q9,cpu,7,831.0000,831.0000,13.02,163,105,95.9,112.7,24.9,96404,600,79.6689,0.0000,79.6689,OK
pl900w_sm600,900,600,sirius,tpch,10,q13,cpu,46,111.0000,111.0000,10.68,147,97,125.4,145.1,76.5,96588,600,13.9247,0.0000,13.9247,OK
pl900w_sm600,900,600,sirius,tpch,10,q16,cpu,39,132.0000,132.0000,10.20,141,90,132.2,147.0,83.3,96711,600,17.4456,0.0000,17.4456,OK
pl900w_sm600,900,600,maximus,h2o,4gb,q1,gpu,100,46.2120,46.2120,9.05,123,107,130.7,147.5,99.4,48706,600,6.0422,0.0000,6.0422,OK
pl900w_sm600,900,600,maximus,h2o,4gb,q3,gpu,50,100.4610,100.4610,8.64,111,96,159.6,184.4,92.5,48708,600,16.0355,0.0000,16.0355,OK
pl900w_sm600,900,600,maximus,h2o,4gb,q5,gpu,100,26.0510,26.0510,7.04,92,75,159.9,192.1,99.2,48712,600,4.1660,0.0000,4.1660,OK
pl900w_sm600,900,600,maximus,h2o,4gb,q6,gpu,7,753.6610,753.6610,8.16,109,93,162.2,197.3,99.5,48711,600,122.2108,0.0000,122.2108,OK
pl900w_sm600,900,600,maximus,h2o,4gb,q7,gpu,65,77.5500,77.5500,9.00,118,101,164.8,187.8,93.4,48714,600,12.7793,0.0000,12.7793,OK
pl900w_sm600,900,600,maximus,h2o,4gb,q9,gpu,40,122.6590,122.6590,8.43,115,98,145.2,164.2,99.1,48713,600,17.8043,0.0000,17.8043,OK
pl900w_sm600,900,600,maximus,h2o,4gb,q1,cpu,28,184.4270,184.4270,47.11,685,679,76.0,103.8,3.4,48708,600,14.0125,0.0000,14.0125,OK
pl900w_sm600,900,600,maximus,h2o,4gb,q3,cpu,13,399.4030,399.4030,27.52,396,390,79.6,85.4,4.9,48703,600,31.7988,0.0000,31.7988,OK
pl900w_sm600,900,600,maximus,h2o,4gb,q5,cpu,21,242.3770,242.3770,38.51,560,553,76.1,87.1,2.5,48701,600,18.4503,0.0000,18.4503,OK
pl900w_sm600,900,600,maximus,h2o,4gb,q6,cpu,6,923.3730,923.3730,18.74,265,259,100.3,159.5,24.2,48703,600,92.6215,0.0000,92.6215,OK
pl900w_sm600,900,600,maximus,h2o,4gb,q7,cpu,15,335.1460,335.1460,30.07,435,427,78.8,93.7,4.3,48703,600,26.4174,0.0000,26.4174,OK
pl900w_sm600,900,600,maximus,h2o,4gb,q9,cpu,33,155.8670,155.8670,53.04,771,765,81.5,85.8,9.5,48705,600,12.6971,0.0000,12.6971,OK
pl900w_sm600,900,600,sirius,h2o,4gb,q1,gpu,100,38.0000,38.0000,9.28,128,78,103.3,117.7,70.6,96615,600,3.9238,0.0000,3.9238,OK
pl900w_sm600,900,600,sirius,h2o,4gb,q3,gpu,35,132.0000,132.0000,12.01,166,114,113.8,147.4,36.3,96331,600,15.0231,0.0000,15.0231,OK
pl900w_sm600,900,600,sirius,h2o,4gb,q5,gpu,100,38.0000,38.0000,9.07,125,74,126.9,150.6,72.2,96616,600,4.8228,0.0000,4.8228,OK
pl900w_sm600,900,600,sirius,h2o,4gb,q6,gpu,91,55.0000,55.0000,10.15,139,90,127.7,144.7,80.2,96579,600,7.0240,0.0000,7.0240,OK
pl900w_sm600,900,600,sirius,h2o,4gb,q7,gpu,49,109.0000,109.0000,12.62,173,121,119.8,149.0,40.5,96390,600,13.0528,0.0000,13.0528,OK
pl900w_sm600,900,600,sirius,h2o,4gb,q9,gpu,43,117.0000,117.0000,10.82,150,98,125.6,147.7,74.4,96369,600,14.7007,0.0000,14.7007,OK
pl900w_sm600,900,600,sirius,h2o,4gb,q1,cpu,100,38.0000,38.0000,9.29,128,78,103.2,117.6,70.3,96613,600,3.9219,0.0000,3.9219,OK
pl900w_sm600,900,600,sirius,h2o,4gb,q3,cpu,38,138.0000,138.0000,12.51,173,123,115.5,144.3,37.5,96344,600,15.9358,0.0000,15.9358,OK
pl900w_sm600,900,600,sirius,h2o,4gb,q5,cpu,100,38.0000,38.0000,9.07,124,73,126.8,150.9,72.0,96615,600,4.8194,0.0000,4.8194,OK
pl900w_sm600,900,600,sirius,h2o,4gb,q6,cpu,91,55.0000,55.0000,10.33,142,91,127.8,144.6,79.2,96578,600,7.0301,0.0000,7.0301,OK
pl900w_sm600,900,600,sirius,h2o,4gb,q7,cpu,47,103.0000,103.0000,11.72,160,110,122.1,151.9,43.9,96382,600,12.5784,0.0000,12.5784,OK
pl900w_sm600,900,600,sirius,h2o,4gb,q9,cpu,43,117.0000,117.0000,10.87,151,99,126.3,148.2,74.1,96370,600,14.7778,0.0000,14.7778,OK
pl900w_sm1110,900,1110,maximus,tpch,10,q1,gpu,100,42.9120,42.9120,7.49,109,94,178.7,199.5,97.1,48709,1110,7.6664,0.0000,7.6664,OK
pl900w_sm1110,900,1110,maximus,tpch,10,q3,gpu,100,16.0830,16.0830,5.09,72,59,182.1,228.2,95.3,48710,1110,2.9285,0.0000,2.9285,OK
pl900w_sm1110,900,1110,maximus,tpch,10,q6,gpu,100,8.2080,8.2080,4.04,57,44,176.6,248.9,94.2,48708,1110,1.4495,0.0000,1.4495,OK
pl900w_sm1110,900,1110,maximus,tpch,10,q9,gpu,100,42.1260,42.1260,7.92,114,100,180.8,202.1,97.1,48710,1110,7.6143,0.0000,7.6143,OK
pl900w_sm1110,900,1110,maximus,tpch,10,q13,gpu,28,183.2800,183.2800,7.35,108,94,181.7,205.0,98.1,48711,1110,33.2957,0.0000,33.2957,OK
pl900w_sm1110,900,1110,maximus,tpch,10,q16,gpu,100,44.0850,44.0850,6.81,100,85,145.2,157.3,95.2,48715,1110,6.4031,0.0000,6.4031,OK
pl900w_sm1110,900,1110,maximus,tpch,10,q1,cpu,77,65.5100,65.5100,109.87,1678,1671,81.7,109.8,4.4,48710,1110,5.3535,0.0000,5.3535,OK
pl900w_sm1110,900,1110,maximus,tpch,10,q3,cpu,100,27.5030,27.5030,166.46,2548,2542,78.7,85.5,1.6,48705,1110,2.1648,0.0000,2.1648,OK
pl900w_sm1110,900,1110,maximus,tpch,10,q6,cpu,100,16.5520,16.5520,132.62,2029,2023,78.3,82.0,1.1,48704,1110,1.2965,0.0000,1.2965,OK
pl900w_sm1110,900,1110,maximus,tpch,10,q9,cpu,19,274.1290,274.1290,45.95,701,694,79.3,82.2,2.3,48705,1110,21.7385,0.0000,21.7385,OK
pl900w_sm1110,900,1110,maximus,tpch,10,q13,cpu,26,197.5460,197.5460,18.94,286,279,111.2,128.3,28.2,48705,1110,21.9588,0.0000,21.9588,OK
pl900w_sm1110,900,1110,maximus,tpch,10,q16,cpu,37,138.5850,138.5850,19.73,298,292,84.7,104.4,8.2,48708,1110,11.7332,0.0000,11.7332,OK
pl900w_sm1110,900,1110,sirius,tpch,10,q1,gpu,52,95.0000,95.0000,11.55,170,118,143.6,186.8,64.3,96410,1110,13.6446,0.0000,13.6446,OK
pl900w_sm1110,900,1110,sirius,tpch,10,q3,gpu,100,33.0000,33.0000,6.36,92,38,113.1,160.7,50.2,96752,1110,3.7315,0.0000,3.7315,OK
pl900w_sm1110,900,1110,sirius,tpch,10,q6,gpu,100,5.0000,5.0000,5.19,74,22,92.2,123.5,31.0,96600,1110,0.4610,0.0000,0.4610,OK
pl900w_sm1110,900,1110,sirius,tpch,10,q9,gpu,7,728.0000,728.0000,11.78,156,96,100.8,120.0,13.1,96405,1110,73.4067,0.0000,73.4067,OK
pl900w_sm1110,900,1110,sirius,tpch,10,q13,gpu,80,63.0000,63.0000,10.56,145,90,156.3,191.1,69.8,96765,1110,9.8499,0.0000,9.8499,OK
pl900w_sm1110,900,1110,sirius,tpch,10,q16,gpu,66,77.0000,77.0000,19.27,161,86,142.9,194.9,57.8,96763,1110,11.0040,0.0000,11.0040,OK
pl900w_sm1110,900,1110,sirius,tpch,10,q1,cpu,53,95.0000,95.0000,11.70,173,82,174.9,187.9,93.7,96414,1110,16.6161,0.0000,16.6161,OK
pl900w_sm1110,900,1110,sirius,tpch,10,q3,cpu,100,33.0000,33.0000,7.02,95,38,113.0,161.0,51.8,96752,1110,3.7293,0.0000,3.7293,OK
pl900w_sm1110,900,1110,sirius,tpch,10,q6,cpu,100,5.0000,5.0000,5.14,74,22,92.3,122.4,30.0,96600,1110,0.4617,0.0000,0.4617,OK
pl900w_sm1110,900,1110,sirius,tpch,10,q9,cpu,7,725.0000,725.0000,11.95,158,96,101.3,120.5,13.6,96406,1110,73.4775,0.0000,73.4775,OK
pl900w_sm1110,900,1110,sirius,tpch,10,q13,cpu,80,63.0000,63.0000,9.54,139,87,156.1,191.5,70.0,96760,1110,9.8314,0.0000,9.8314,OK
pl900w_sm1110,900,1110,sirius,tpch,10,q16,cpu,65,77.0000,77.0000,18.52,153,59,165.5,195.9,79.0,96750,1110,12.7439,0.0000,12.7439,OK
pl900w_sm1110,900,1110,maximus,h2o,4gb,q1,gpu,100,25.8120,25.8120,5.65,78,63,164.0,191.4,98.9,48713,1110,4.2331,0.0000,4.2331,OK
pl900w_sm1110,900,1110,maximus,h2o,4gb,q3,gpu,79,63.7270,63.7270,7.90,109,94,211.7,241.6,87.7,48715,1110,13.4926,0.0000,13.4926,OK
pl900w_sm1110,900,1110,maximus,h2o,4gb,q5,gpu,100,14.7650,14.7650,4.56,64,50,202.3,268.4,98.6,48712,1110,2.9871,0.0000,2.9871,OK
pl900w_sm1110,900,1110,maximus,h2o,4gb,q6,gpu,12,425.8490,425.8490,7.27,104,88,232.0,276.6,99.6,48714,1110,98.8175,0.0000,98.8175,OK
pl900w_sm1110,900,1110,maximus,h2o,4gb,q7,gpu,100,47.3520,47.3520,7.97,112,97,221.6,254.3,88.7,48715,1110,10.4940,0.0000,10.4940,OK
pl900w_sm1110,900,1110,maximus,h2o,4gb,q9,gpu,72,68.5300,68.5300,7.86,114,99,204.8,230.8,98.9,48715,1110,14.0342,0.0000,14.0342,OK
pl900w_sm1110,900,1110,maximus,h2o,4gb,q1,cpu,32,159.4090,159.4090,51.82,789,783,79.5,146.8,2.3,48707,1110,12.6794,0.0000,12.6794,OK
pl900w_sm1110,900,1110,maximus,h2o,4gb,q3,cpu,15,353.0970,353.0970,30.13,457,451,82.7,88.0,3.3,48705,1110,29.2015,0.0000,29.2015,OK
pl900w_sm1110,900,1110,maximus,h2o,4gb,q5,cpu,23,224.5570,224.5570,41.06,626,620,79.2,89.6,1.5,48703,1110,17.7883,0.0000,17.7883,OK
pl900w_sm1110,900,1110,maximus,h2o,4gb,q6,cpu,9,594.4080,594.4080,22.71,341,334,108.0,158.2,17.2,48705,1110,64.1954,0.0000,64.1954,OK
pl900w_sm1110,900,1110,maximus,h2o,4gb,q7,cpu,18,293.9580,293.9580,33.66,511,505,82.5,145.4,2.9,48703,1110,24.2510,0.0000,24.2510,OK
pl900w_sm1110,900,1110,maximus,h2o,4gb,q9,cpu,56,89.4590,89.4590,86.15,1314,1306,85.2,90.0,5.8,48705,1110,7.6223,0.0000,7.6223,OK
pl900w_sm1110,900,1110,sirius,h2o,4gb,q1,gpu,100,22.0000,22.0000,7.49,110,56,114.6,150.6,57.7,96609,1110,2.5208,0.0000,2.5208,OK
pl900w_sm1110,900,1110,sirius,h2o,4gb,q3,gpu,48,100.0000,100.0000,12.03,177,123,127.0,166.1,28.4,96390,1110,12.7020,0.0000,12.7020,OK
pl900w_sm1110,900,1110,sirius,h2o,4gb,q5,gpu,100,23.0000,23.0000,7.35,107,55,144.1,195.6,62.0,96610,1110,3.3144,0.0000,3.3144,OK
pl900w_sm1110,900,1110,sirius,h2o,4gb,q6,gpu,100,35.0000,35.0000,8.48,124,71,151.7,186.3,71.7,96620,1110,5.3103,0.0000,5.3103,OK
pl900w_sm1110,900,1110,sirius,h2o,4gb,q7,gpu,66,76.0000,76.0000,11.97,174,118,137.9,175.6,34.4,96465,1110,10.4770,0.0000,10.4770,OK
pl900w_sm1110,900,1110,sirius,h2o,4gb,q9,gpu,67,75.0000,75.0000,10.55,155,78,179.0,189.8,93.9,96474,1110,13.4213,0.0000,13.4213,OK
pl900w_sm1110,900,1110,sirius,h2o,4gb,q1,cpu,100,22.0000,22.0000,7.52,111,56,115.1,150.2,57.8,96615,1110,2.5315,0.0000,2.5315,OK
pl900w_sm1110,900,1110,sirius,h2o,4gb,q3,cpu,46,98.0000,98.0000,11.96,176,121,126.2,164.8,28.2,96379,1110,12.3646,0.0000,12.3646,OK
pl900w_sm1110,900,1110,sirius,h2o,4gb,q5,cpu,100,23.0000,23.0000,7.41,108,55,144.2,196.1,62.0,96615,1110,3.3168,0.0000,3.3168,OK
pl900w_sm1110,900,1110,sirius,h2o,4gb,q6,cpu,100,35.0000,35.0000,8.54,125,71,151.3,185.8,72.3,96619,1110,5.2940,0.0000,5.2940,OK
pl900w_sm1110,900,1110,sirius,h2o,4gb,q7,cpu,61,76.0000,76.0000,11.34,164,111,136.6,175.9,34.3,96443,1110,10.3835,0.0000,10.3835,OK
pl900w_sm1110,900,1110,sirius,h2o,4gb,q9,cpu,66,75.0000,75.0000,10.57,155,77,179.7,189.7,93.6,96469,1110,13.4802,0.0000,13.4802,OK
pl900w_sm1980,900,1980,maximus,tpch,10,q1,gpu,100,29.0650,29.0650,5.65,83,71,319.4,371.6,96.0,48708,1830,9.2838,0.0000,9.2838,OK
pl900w_sm1980,900,1980,maximus,tpch,10,q3,gpu,100,10.7750,10.7750,4.06,59,45,312.9,398.0,94.3,48707,1830,3.3718,0.0000,3.3718,OK
pl900w_sm1980,900,1980,maximus,tpch,10,q6,gpu,100,5.3770,5.3770,3.23,46,34,293.5,427.2,93.7,48709,1830,1.5782,0.0000,1.5782,OK
pl900w_sm1980,900,1980,maximus,tpch,10,q9,gpu,100,27.1550,27.1550,5.87,86,71,337.1,390.6,95.8,48709,1830,9.1526,0.0000,9.1526,OK
pl900w_sm1980,900,1980,maximus,tpch,10,q13,gpu,43,116.7480,116.7480,6.90,105,89,419.0,481.4,97.6,48711,1830,48.9191,0.0000,48.9191,OK
pl900w_sm1980,900,1980,maximus,tpch,10,q16,gpu,100,28.6760,28.6760,4.88,74,60,278.7,325.1,92.5,48715,1830,7.9921,0.0000,7.9921,OK
pl900w_sm1980,900,1980,maximus,tpch,10,q1,cpu,100,46.8320,46.8320,135.12,2115,2109,126.0,227.8,3.1,48708,1830,5.9011,0.0000,5.9011,OK
pl900w_sm1980,900,1980,maximus,tpch,10,q3,cpu,100,20.2780,20.2780,164.79,2581,2573,120.6,131.0,1.1,48706,1830,2.4448,0.0000,2.4448,OK
pl900w_sm1980,900,1980,maximus,tpch,10,q6,cpu,100,12.5450,12.5450,132.90,2080,2075,120.1,126.1,0.8,48703,1830,1.5061,0.0000,1.5061,OK
pl900w_sm1980,900,1980,maximus,tpch,10,q9,cpu,19,262.5190,262.5190,46.42,725,718,121.7,126.6,1.5,48704,1830,31.9373,0.0000,31.9373,OK
pl900w_sm1980,900,1980,maximus,tpch,10,q13,cpu,39,129.1360,129.1360,22.73,352,348,193.1,249.4,22.0,48705,1830,24.9388,0.0000,24.9388,OK
pl900w_sm1980,900,1980,maximus,tpch,10,q16,cpu,41,122.4900,122.4900,20.04,311,306,132.8,169.6,6.9,48707,1830,16.2654,0.0000,16.2654,OK
pl900w_sm1980,900,1980,sirius,tpch,10,q1,gpu,76,66.0000,66.0000,11.65,174,79,334.4,360.6,92.1,96514,1830,22.0735,0.0000,22.0735,OK
pl900w_sm1980,900,1980,sirius,tpch,10,q3,gpu,100,22.0000,22.0000,5.84,86,32,175.9,303.8,39.6,96726,1830,3.8706,0.0000,3.8706,OK
pl900w_sm1980,900,1980,sirius,tpch,10,q6,gpu,100,3.0000,3.0000,4.98,75,21,141.9,192.4,23.0,96596,1830,0.4257,0.0000,0.4257,OK
pl900w_sm1980,900,1980,sirius,tpch,10,q9,gpu,8,677.0000,677.0000,12.02,158,97,155.7,185.4,9.2,96431,1830,105.4014,0.0000,105.4014,OK
pl900w_sm1980,900,1980,sirius,tpch,10,q13,gpu,100,45.0000,45.0000,8.98,126,46,339.8,380.1,92.6,96761,1830,15.2920,0.0000,15.2920,OK
pl900w_sm1980,900,1980,sirius,tpch,10,q16,gpu,97,53.0000,53.0000,33.21,199,45,285.6,375.1,71.1,96755,1830,15.1370,0.0000,15.1370,OK
pl900w_sm1980,900,1980,sirius,tpch,10,q1,cpu,75,66.0000,66.0000,11.50,172,117,264.7,362.0,62.4,96508,1830,17.4726,0.0000,17.4726,OK
pl900w_sm1980,900,1980,sirius,tpch,10,q3,cpu,100,22.0000,22.0000,6.98,91,31,172.8,307.4,40.1,96740,1830,3.8007,0.0000,3.8007,OK
pl900w_sm1980,900,1980,sirius,tpch,10,q6,cpu,100,3.0000,3.0000,5.06,75,21,141.4,194.0,20.2,96578,1830,0.4242,0.0000,0.4242,OK
pl900w_sm1980,900,1980,sirius,tpch,10,q9,cpu,8,672.0000,672.0000,12.07,159,96,155.2,184.4,9.7,96432,1830,104.3186,0.0000,104.3186,OK
pl900w_sm1980,900,1980,sirius,tpch,10,q13,cpu,100,45.0000,45.0000,8.35,122,46,337.7,379.3,91.5,96756,1830,15.1962,0.0000,15.1962,OK
pl900w_sm1980,900,1980,sirius,tpch,10,q16,cpu,95,53.0000,53.0000,31.95,188,46,284.8,372.1,69.8,96759,1830,15.0952,0.0000,15.0952,OK
pl900w_sm1980,900,1980,maximus,h2o,4gb,q1,gpu,100,16.5690,16.5690,4.29,63,49,289.6,351.4,98.6,48707,1830,4.7984,0.0000,4.7984,OK
pl900w_sm1980,900,1980,maximus,h2o,4gb,q3,gpu,87,57.1330,57.1330,7.48,111,97,338.1,373.3,87.2,48710,1830,19.3138,0.0000,19.3138,OK
pl900w_sm1980,900,1980,maximus,h2o,4gb,q5,gpu,100,9.9900,9.9900,3.63,53,38,351.0,491.5,98.3,48711,1830,3.5069,0.0000,3.5069,OK
pl900w_sm1980,900,1980,maximus,h2o,4gb,q6,gpu,16,330.8710,330.8710,7.14,104,89,433.1,494.4,99.6,48714,1830,143.2936,0.0000,143.2936,OK
pl900w_sm1980,900,1980,maximus,h2o,4gb,q7,gpu,100,42.0650,42.0650,7.00,101,87,348.8,390.5,86.7,48715,1830,14.6719,0.0000,14.6719,OK
pl900w_sm1980,900,1980,maximus,h2o,4gb,q9,gpu,100,45.6850,45.6850,7.37,110,95,426.3,483.8,98.8,48713,1830,19.4747,0.0000,19.4747,OK
pl900w_sm1980,900,1980,maximus,h2o,4gb,q1,cpu,33,151.2430,151.2430,53.28,831,824,123.5,304.6,1.4,48707,1830,18.6735,0.0000,18.6735,OK
pl900w_sm1980,900,1980,maximus,h2o,4gb,q3,cpu,15,345.3000,345.3000,29.89,465,459,126.0,133.3,3.1,48705,1830,43.5206,0.0000,43.5206,OK
pl900w_sm1980,900,1980,maximus,h2o,4gb,q5,cpu,24,215.0790,215.0790,41.51,648,641,121.4,136.6,1.1,48704,1830,26.1009,0.0000,26.1009,OK
pl900w_sm1980,900,1980,maximus,h2o,4gb,q6,cpu,11,495.9870,495.9870,24.71,381,374,170.2,239.4,14.9,48705,1830,84.4198,0.0000,84.4198,OK
pl900w_sm1980,900,1980,maximus,h2o,4gb,q7,cpu,18,288.9160,288.9160,34.04,529,523,125.9,240.3,2.3,48704,1830,36.3672,0.0000,36.3672,OK
pl900w_sm1980,900,1980,maximus,h2o,4gb,q9,cpu,81,61.3390,61.3390,114.14,1785,1779,132.8,139.4,4.4,48706,1830,8.1474,0.0000,8.1474,OK
pl900w_sm1980,900,1980,sirius,h2o,4gb,q1,gpu,100,14.0000,14.0000,6.61,99,46,184.8,293.3,46.2,96606,1830,2.5871,0.0000,2.5871,OK
pl900w_sm1980,900,1980,sirius,h2o,4gb,q3,gpu,50,92.0000,92.0000,11.63,175,119,196.5,257.8,26.6,96399,1830,18.0818,0.0000,18.0818,OK
pl900w_sm1980,900,1980,sirius,h2o,4gb,q5,gpu,100,17.0000,17.0000,6.69,101,45,238.1,385.6,52.6,96616,1830,4.0479,0.0000,4.0479,OK
pl900w_sm1980,900,1980,sirius,h2o,4gb,q6,gpu,100,25.0000,25.0000,7.50,113,57,262.2,362.8,65.4,96616,1830,6.5543,0.0000,6.5543,OK
pl900w_sm1980,900,1980,sirius,h2o,4gb,q7,gpu,71,71.0000,71.0000,11.68,174,119,211.0,267.1,32.6,96486,1830,14.9805,0.0000,14.9805,OK
pl900w_sm1980,900,1980,sirius,h2o,4gb,q9,gpu,91,55.0000,55.0000,10.40,158,80,339.5,362.1,92.6,96579,1830,18.6702,0.0000,18.6702,OK
pl900w_sm1980,900,1980,sirius,h2o,4gb,q1,cpu,100,14.0000,14.0000,6.64,100,46,190.3,296.5,45.5,96610,1830,2.6639,0.0000,2.6639,OK
pl900w_sm1980,900,1980,sirius,h2o,4gb,q3,cpu,49,94.0000,94.0000,11.85,179,125,193.0,248.2,24.9,96394,1830,18.1403,0.0000,18.1403,OK
pl900w_sm1980,900,1980,sirius,h2o,4gb,q5,cpu,100,17.0000,17.0000,6.74,101,46,239.6,384.7,53.1,96616,1830,4.0734,0.0000,4.0734,OK
pl900w_sm1980,900,1980,sirius,h2o,4gb,q6,cpu,100,25.0000,25.0000,7.38,111,58,264.2,360.4,64.3,96613,1830,6.6062,0.0000,6.6062,OK
pl900w_sm1980,900,1980,sirius,h2o,4gb,q7,cpu,67,72.0000,72.0000,11.39,169,113,209.8,271.3,32.3,96468,1830,15.1083,0.0000,15.1083,OK
pl900w_sm1980,900,1980,sirius,h2o,4gb,q9,cpu,91,55.0000,55.0000,10.55,160,81,336.7,362.0,91.9,96579,1830,18.5167,0.0000,18.5167,OK
pl200w_sm1110,200,1110,maximus,tpch,10,q1,gpu,97,44.8200,44.8200,8.63,127,113,160.2,174.9,97.7,48709,783,7.1810,0.0000,7.1810,OK
pl200w_sm1110,200,1110,maximus,tpch,10,q3,gpu,100,16.6400,16.6400,6.18,88,73,162.8,185.5,96.2,48708,781,2.7087,0.0000,2.7087,OK
pl200w_sm1110,200,1110,maximus,tpch,10,q6,gpu,100,10.4250,10.4250,4.94,71,58,161.8,199.3,95.6,48708,750,1.6871,0.0000,1.6871,OK
pl200w_sm1110,200,1110,maximus,tpch,10,q9,gpu,85,44.2820,44.2820,8.40,118,104,158.9,176.0,97.8,48711,995,7.0377,0.0000,7.0377,OK
pl200w_sm1110,200,1110,maximus,tpch,10,q13,gpu,27,187.7140,187.7140,7.53,110,95,174.2,194.6,98.8,48713,1010,32.7069,0.0000,32.7069,OK
pl200w_sm1110,200,1110,maximus,tpch,10,q16,gpu,100,44.1390,44.1390,6.85,101,87,144.3,157.1,95.1,48715,1104,6.3707,0.0000,6.3707,OK
pl200w_sm1110,200,1110,maximus,tpch,10,q1,cpu,77,65.4670,65.4670,109.62,1674,1667,81.8,108.3,4.4,48710,1110,5.3521,0.0000,5.3521,OK
pl200w_sm1110,200,1110,maximus,tpch,10,q3,cpu,100,27.4780,27.4780,166.16,2543,2535,78.6,85.2,1.6,48704,1110,2.1610,0.0000,2.1610,OK
pl200w_sm1110,200,1110,maximus,tpch,10,q6,cpu,100,16.5100,16.5100,132.35,2026,2020,78.2,81.7,1.2,48704,1110,1.2915,0.0000,1.2915,OK
pl200w_sm1110,200,1110,maximus,tpch,10,q9,cpu,19,280.0100,280.0100,47.08,718,712,79.3,81.8,2.3,48705,1110,22.2012,0.0000,22.2012,OK
pl200w_sm1110,200,1110,maximus,tpch,10,q13,cpu,26,197.6360,197.6360,18.99,286,279,110.6,127.9,27.6,48706,1097,21.8514,0.0000,21.8514,OK
pl200w_sm1110,200,1110,maximus,tpch,10,q16,cpu,36,140.5090,140.5090,19.25,291,285,84.7,104.3,9.0,48708,1110,11.9034,0.0000,11.9034,OK
pl200w_sm1110,200,1110,sirius,tpch,10,q1,gpu,46,111.0000,111.0000,11.97,177,123,133.7,168.6,66.9,96381,947,14.8394,0.0000,14.8394,OK
pl200w_sm1110,200,1110,sirius,tpch,10,q3,gpu,100,33.0000,33.0000,6.26,90,37,112.5,161.5,51.8,96739,1110,3.7126,0.0000,3.7126,OK
pl200w_sm1110,200,1110,sirius,tpch,10,q6,gpu,100,5.0000,5.0000,5.13,75,23,92.3,122.9,30.8,96613,1110,0.4614,0.0000,0.4614,OK
pl200w_sm1110,200,1110,sirius,tpch,10,q9,gpu,7,742.0000,742.0000,12.09,158,97,100.4,119.7,15.0,96403,1068,74.4720,0.0000,74.4720,OK
pl200w_sm1110,200,1110,sirius,tpch,10,q13,gpu,65,72.0000,72.0000,10.52,154,101,146.3,173.9,76.5,96754,913,10.5324,0.0000,10.5324,OK
pl200w_sm1110,200,1110,sirius,tpch,10,q16,gpu,64,82.0000,82.0000,18.51,156,65,158.8,184.5,81.5,96757,972,13.0218,0.0000,13.0218,OK
pl200w_sm1110,200,1110,sirius,tpch,10,q1,cpu,44,104.0000,104.0000,11.59,171,118,133.7,170.3,65.2,96374,967,13.9009,0.0000,13.9009,OK
pl200w_sm1110,200,1110,sirius,tpch,10,q3,cpu,100,33.0000,33.0000,6.44,93,38,113.3,160.7,52.6,96762,1110,3.7373,0.0000,3.7373,OK
pl200w_sm1110,200,1110,sirius,tpch,10,q6,cpu,100,5.0000,5.0000,5.18,75,24,93.4,122.8,30.5,96613,1110,0.4669,0.0000,0.4669,OK
pl200w_sm1110,200,1110,sirius,tpch,10,q9,cpu,7,739.0000,739.0000,12.11,158,96,100.5,119.6,14.6,96404,1072,74.2834,0.0000,74.2834,OK
pl200w_sm1110,200,1110,sirius,tpch,10,q13,cpu,65,69.0000,69.0000,10.46,154,100,146.0,174.2,76.0,96756,912,10.0748,0.0000,10.0748,OK
pl200w_sm1110,200,1110,sirius,tpch,10,q16,cpu,62,82.0000,82.0000,17.66,159,101,132.8,184.5,54.2,96764,1028,10.8862,0.0000,10.8862,OK
pl200w_sm1110,200,1110,maximus,h2o,4gb,q1,gpu,100,25.8390,25.8390,6.14,88,73,152.6,176.1,98.8,48707,975,3.9440,0.0000,3.9440,OK
pl200w_sm1110,200,1110,maximus,h2o,4gb,q3,gpu,59,85.6650,85.6650,7.98,115,100,177.0,198.6,90.7,48709,588,15.1629,0.0000,15.1629,OK
pl200w_sm1110,200,1110,maximus,h2o,4gb,q5,gpu,100,17.7390,17.7390,6.11,88,73,168.4,194.6,99.0,48706,611,2.9869,0.0000,2.9869,OK
pl200w_sm1110,200,1110,maximus,h2o,4gb,q6,gpu,8,667.7420,667.7420,7.58,111,95,181.7,206.2,99.6,48709,636,121.3374,0.0000,121.3374,OK
pl200w_sm1110,200,1110,maximus,h2o,4gb,q7,gpu,74,66.9510,66.9510,8.39,121,107,180.6,199.5,92.1,48709,579,12.0921,0.0000,12.0921,OK
pl200w_sm1110,200,1110,maximus,h2o,4gb,q9,gpu,54,84.9410,84.9410,7.74,113,98,174.4,198.3,98.8,48709,862,14.8174,0.0000,14.8174,OK
pl200w_sm1110,200,1110,maximus,h2o,4gb,q1,cpu,31,160.0450,160.0450,50.32,766,760,79.5,132.6,2.1,48703,1110,12.7214,0.0000,12.7214,OK
pl200w_sm1110,200,1110,maximus,h2o,4gb,q3,cpu,14,366.3150,366.3150,28.33,430,424,82.9,88.2,4.2,48704,1092,30.3558,0.0000,30.3558,OK
pl200w_sm1110,200,1110,maximus,h2o,4gb,q5,cpu,23,220.9930,220.9930,40.11,611,604,79.5,90.2,1.4,48704,1110,17.5706,0.0000,17.5706,OK
pl200w_sm1110,200,1110,maximus,h2o,4gb,q6,cpu,7,791.6200,791.6200,19.95,300,294,105.7,160.8,22.5,48704,997,83.7074,0.0000,83.7074,OK
pl200w_sm1110,200,1110,maximus,h2o,4gb,q7,cpu,17,294.0520,294.0520,32.37,492,485,82.2,122.3,3.2,48704,1094,24.1683,0.0000,24.1683,OK
pl200w_sm1110,200,1110,maximus,h2o,4gb,q9,cpu,55,89.3120,89.3120,82.27,1257,1250,85.3,89.4,5.9,48706,1106,7.6155,0.0000,7.6155,OK
pl200w_sm1110,200,1110,sirius,h2o,4gb,q1,gpu,100,21.0000,21.0000,7.46,109,55,115.6,150.1,58.5,96615,1110,2.4275,0.0000,2.4275,OK
pl200w_sm1110,200,1110,sirius,h2o,4gb,q3,gpu,45,100.0000,100.0000,12.04,177,121,124.7,166.0,31.9,96375,909,12.4688,0.0000,12.4688,OK
pl200w_sm1110,200,1110,sirius,h2o,4gb,q5,gpu,100,23.0000,23.0000,7.37,107,54,145.4,194.3,62.6,96611,1090,3.3445,0.0000,3.3445,OK
pl200w_sm1110,200,1110,sirius,h2o,4gb,q6,gpu,100,35.0000,35.0000,8.44,124,71,151.6,185.8,72.6,96621,1110,5.3077,0.0000,5.3077,OK
pl200w_sm1110,200,1110,sirius,h2o,4gb,q7,gpu,56,77.0000,77.0000,11.20,163,110,132.6,171.0,37.8,96421,890,10.2078,0.0000,10.2078,OK
pl200w_sm1110,200,1110,sirius,h2o,4gb,q9,gpu,66,75.0000,75.0000,10.60,156,102,154.6,187.4,72.9,96469,1061,11.5931,0.0000,11.5931,OK
pl200w_sm1110,200,1110,sirius,h2o,4gb,q1,cpu,100,21.0000,21.0000,7.42,109,56,115.4,151.0,57.7,96614,1110,2.4233,0.0000,2.4233,OK
pl200w_sm1110,200,1110,sirius,h2o,4gb,q3,cpu,44,110.0000,110.0000,12.10,178,124,123.0,156.4,31.0,96370,910,13.5339,0.0000,13.5339,OK
pl200w_sm1110,200,1110,sirius,h2o,4gb,q5,cpu,100,23.0000,23.0000,7.48,110,56,145.0,194.8,63.0,96614,1100,3.3352,0.0000,3.3352,OK
pl200w_sm1110,200,1110,sirius,h2o,4gb,q6,cpu,100,35.0000,35.0000,8.47,124,71,152.0,186.5,72.7,96620,1110,5.3203,0.0000,5.3203,OK
pl200w_sm1110,200,1110,sirius,h2o,4gb,q7,cpu,58,76.0000,76.0000,11.54,168,114,133.2,170.7,39.3,96430,882,10.1248,0.0000,10.1248,OK
pl200w_sm1110,200,1110,sirius,h2o,4gb,q9,cpu,66,75.0000,75.0000,10.64,157,103,154.5,187.2,73.1,96469,1050,11.5863,0.0000,11.5863,OK
pl300w_sm600,300,600,maximus,tpch,10,q1,gpu,66,75.7810,75.7810,9.03,123,107,134.8,148.2,98.2,48707,600,10.2189,0.0000,10.2189,OK
pl300w_sm600,300,600,maximus,tpch,10,q3,gpu,100,28.2050,28.2050,7.88,104,88,146.4,169.2,97.6,48707,600,4.1278,0.0000,4.1278,OK
pl300w_sm600,300,600,maximus,tpch,10,q6,gpu,100,14.4900,14.4900,6.06,80,64,146.7,182.0,96.3,48710,600,2.1262,0.0000,2.1262,OK
pl300w_sm600,300,600,maximus,tpch,10,q9,gpu,67,75.1410,75.1410,9.60,129,114,135.3,149.0,98.1,48708,600,10.1654,0.0000,10.1654,OK
pl300w_sm600,300,600,maximus,tpch,10,q13,gpu,16,332.2650,332.2650,8.26,114,99,131.0,144.5,98.6,48711,600,43.5373,0.0000,43.5373,OK
pl300w_sm600,300,600,maximus,tpch,10,q16,gpu,64,78.2320,78.2320,8.17,113,97,114.0,121.2,97.3,48713,600,8.9189,0.0000,8.9189,OK
pl300w_sm600,300,600,maximus,tpch,10,q1,cpu,46,110.5010,110.5010,69.61,1014,1008,78.2,90.6,6.9,48706,600,8.6403,0.0000,8.6403,OK
pl300w_sm600,300,600,maximus,tpch,10,q3,cpu,100,45.0440,45.0440,169.49,2480,2472,75.2,82.0,2.4,48706,600,3.3886,0.0000,3.3886,OK
pl300w_sm600,300,600,maximus,tpch,10,q6,cpu,100,26.4510,26.4510,135.40,1980,1974,74.8,78.5,1.9,48703,600,1.9784,0.0000,1.9784,OK
pl300w_sm600,300,600,maximus,tpch,10,q9,cpu,17,308.1170,308.1170,42.93,625,618,75.6,78.1,3.9,48704,600,23.3071,0.0000,23.3071,OK
pl300w_sm600,300,600,maximus,tpch,10,q13,cpu,15,353.9230,353.9230,15.90,227,220,97.1,121.6,36.4,48705,600,34.3503,0.0000,34.3503,OK
pl300w_sm600,300,600,maximus,tpch,10,q16,cpu,29,175.5280,175.5280,17.77,255,249,80.3,91.3,14.2,48705,600,14.0966,0.0000,14.0966,OK
pl300w_sm600,300,600,sirius,tpch,10,q1,gpu,30,165.0000,165.0000,11.90,165,114,114.7,141.0,66.1,96311,600,18.9305,0.0000,18.9305,OK
pl300w_sm600,300,600,sirius,tpch,10,q3,gpu,90,57.0000,57.0000,8.17,106,53,105.0,124.3,65.0,96764,600,5.9844,0.0000,5.9844,OK
pl300w_sm600,300,600,sirius,tpch,10,q6,gpu,100,8.0000,8.0000,5.77,77,28,92.0,121.2,40.8,96607,600,0.7362,0.0000,0.7362,OK
pl300w_sm600,300,600,sirius,tpch,10,q9,gpu,7,826.0000,826.0000,13.06,164,105,96.2,113.2,24.0,96404,600,79.4777,0.0000,79.4777,OK
pl300w_sm600,300,600,sirius,tpch,10,q13,gpu,46,111.0000,111.0000,10.68,146,96,125.2,144.5,77.4,96588,600,13.9008,0.0000,13.9008,OK
pl300w_sm600,300,600,sirius,tpch,10,q16,gpu,38,131.0000,131.0000,10.08,139,80,137.6,147.3,90.7,96698,600,18.0251,0.0000,18.0251,OK
pl300w_sm600,300,600,sirius,tpch,10,q1,cpu,30,166.0000,166.0000,11.88,166,115,115.3,140.0,66.6,96311,600,19.1379,0.0000,19.1379,OK
pl300w_sm600,300,600,sirius,tpch,10,q3,cpu,88,57.0000,57.0000,8.77,110,52,105.4,125.5,65.9,96764,600,6.0104,0.0000,6.0104,OK
pl300w_sm600,300,600,sirius,tpch,10,q6,cpu,100,8.0000,8.0000,5.80,78,28,92.7,121.6,42.3,96613,600,0.7415,0.0000,0.7415,OK
pl300w_sm600,300,600,sirius,tpch,10,q9,cpu,6,833.0000,833.0000,12.10,153,95,96.1,114.1,25.1,96375,600,80.0380,0.0000,80.0380,OK
pl300w_sm600,300,600,sirius,tpch,10,q13,cpu,46,111.0000,111.0000,10.78,148,96,125.6,145.2,76.6,96586,600,13.9438,0.0000,13.9438,OK
pl300w_sm600,300,600,sirius,tpch,10,q16,cpu,38,132.0000,132.0000,10.21,141,89,131.4,143.3,83.3,96695,600,17.3464,0.0000,17.3464,OK
pl300w_sm600,300,600,maximus,h2o,4gb,q1,gpu,100,46.1830,46.1830,9.08,124,108,130.1,146.8,99.1,48709,600,6.0104,0.0000,6.0104,OK
pl300w_sm600,300,600,maximus,h2o,4gb,q3,gpu,50,100.9350,100.9350,8.65,110,94,160.6,185.0,92.4,48710,600,16.2066,0.0000,16.2066,OK
pl300w_sm600,300,600,maximus,h2o,4gb,q5,gpu,100,26.0840,26.0840,7.04,92,76,160.4,192.6,99.0,48711,600,4.1834,0.0000,4.1834,OK
pl300w_sm600,300,600,maximus,h2o,4gb,q6,gpu,7,754.1210,754.1210,8.18,110,94,161.5,196.8,99.4,48715,600,121.7867,0.0000,121.7867,OK
pl300w_sm600,300,600,maximus,h2o,4gb,q7,gpu,65,77.7260,77.7260,8.99,117,101,165.1,188.1,93.3,48714,600,12.8287,0.0000,12.8287,OK
pl300w_sm600,300,600,maximus,h2o,4gb,q9,gpu,41,122.7820,122.7820,8.57,118,102,146.2,164.9,99.1,48712,600,17.9541,0.0000,17.9541,OK
pl300w_sm600,300,600,maximus,h2o,4gb,q1,cpu,28,183.9200,183.9200,46.77,680,675,75.8,104.6,3.4,48705,600,13.9351,0.0000,13.9351,OK
pl300w_sm600,300,600,maximus,h2o,4gb,q3,cpu,13,399.3540,399.3540,27.39,395,389,79.3,85.0,5.3,48702,600,31.6733,0.0000,31.6733,OK
pl300w_sm600,300,600,maximus,h2o,4gb,q5,cpu,22,239.9840,239.9840,39.55,575,568,75.7,86.9,2.4,48703,600,18.1759,0.0000,18.1759,OK
pl300w_sm600,300,600,maximus,h2o,4gb,q6,cpu,6,923.3030,923.3030,18.64,264,258,100.2,159.1,24.1,48708,600,92.4740,0.0000,92.4740,OK
pl300w_sm600,300,600,maximus,h2o,4gb,q7,cpu,16,330.5150,330.5150,31.76,459,453,78.8,107.8,4.5,48708,600,26.0511,0.0000,26.0511,OK
pl300w_sm600,300,600,maximus,h2o,4gb,q9,cpu,32,155.4400,155.4400,51.80,752,746,81.4,85.8,9.8,48708,600,12.6592,0.0000,12.6592,OK
pl300w_sm600,300,600,sirius,h2o,4gb,q1,gpu,100,38.0000,38.0000,9.35,128,76,103.5,117.8,70.6,96615,600,3.9344,0.0000,3.9344,OK
pl300w_sm600,300,600,sirius,h2o,4gb,q3,gpu,36,143.0000,143.0000,12.79,175,122,111.6,139.0,35.3,96338,600,15.9556,0.0000,15.9556,OK
pl300w_sm600,300,600,sirius,h2o,4gb,q5,gpu,100,37.0000,37.0000,8.97,123,73,126.7,150.8,72.0,96611,600,4.6889,0.0000,4.6889,OK
pl300w_sm600,300,600,sirius,h2o,4gb,q6,gpu,90,55.0000,55.0000,10.32,142,90,127.7,144.6,79.1,96575,600,7.0226,0.0000,7.0226,OK
pl300w_sm600,300,600,sirius,h2o,4gb,q7,gpu,47,104.0000,104.0000,11.84,162,111,121.7,150.7,43.1,96383,600,12.6546,0.0000,12.6546,OK
pl300w_sm600,300,600,sirius,h2o,4gb,q9,gpu,43,117.0000,117.0000,10.83,150,99,126.3,148.6,74.2,96370,600,14.7769,0.0000,14.7769,OK
pl300w_sm600,300,600,sirius,h2o,4gb,q1,cpu,100,38.0000,38.0000,9.39,129,77,103.3,117.7,70.3,96613,600,3.9246,0.0000,3.9246,OK
pl300w_sm600,300,600,sirius,h2o,4gb,q3,cpu,38,131.0000,131.0000,12.38,169,117,115.7,148.5,38.1,96346,600,15.1628,0.0000,15.1628,OK
pl300w_sm600,300,600,sirius,h2o,4gb,q5,cpu,100,37.0000,37.0000,8.96,123,73,126.7,150.6,73.5,96615,600,4.6890,0.0000,4.6890,OK
pl300w_sm600,300,600,sirius,h2o,4gb,q6,cpu,91,55.0000,55.0000,10.39,143,91,127.7,144.5,79.3,96579,600,7.0235,0.0000,7.0235,OK
pl300w_sm600,300,600,sirius,h2o,4gb,q7,cpu,49,104.0000,104.0000,11.88,161,110,123.3,155.0,44.6,96390,600,12.8208,0.0000,12.8208,OK
pl300w_sm600,300,600,sirius,h2o,4gb,q9,cpu,43,117.0000,117.0000,10.94,151,99,125.8,148.0,74.3,96369,600,14.7128,0.0000,14.7128,OK
