engine,benchmark,sf,query,storage,n_reps,min_ms,query_ms,elapsed_s,n_samples,n_steady,avg_power_w,max_power_w,avg_util,max_mem_mb,avg_cpu_w,gpu_energy_j,cpu_energy_j,total_energy_j,status
maximus,tpch,1,q1,gpu,100,9.3330,9.3330,2.27,33,22,251.5,347.2,89.5,48711,0.0,2.3472,0.0000,2.3472,OK
maximus,tpch,1,q2,gpu,100,7.6320,7.6320,1.90,28,18,165.1,176.8,74.0,48712,0.0,1.2602,0.0000,1.2602,OK
maximus,tpch,1,q3,gpu,100,5.2370,5.2370,1.97,28,17,231.7,329.1,89.1,48714,0.0,1.2133,0.0000,1.2133,OK
maximus,tpch,1,q4,gpu,100,4.1230,4.1230,1.84,26,16,231.9,319.1,85.6,48715,0.0,0.9563,0.0000,0.9563,OK
maximus,tpch,1,q5,gpu,99,50.4630,50.4630,6.49,97,85,309.6,329.9,96.5,48719,0.0,15.6230,0.0000,15.6230,OK
maximus,tpch,1,q6,gpu,100,1.9010,1.9010,1.53,22,11,212.2,286.2,86.8,48720,0.0,0.4034,0.0000,0.4034,OK
maximus,tpch,1,q7,gpu,100,16.9850,16.9850,3.17,47,36,282.5,324.7,89.3,48719,0.0,4.7981,0.0000,4.7981,OK
maximus,tpch,1,q8,gpu,100,48.7570,48.7570,6.38,96,86,287.7,305.4,95.5,48717,0.0,14.0250,0.0000,14.0250,OK
maximus,tpch,1,q9,gpu,40,126.5570,126.5570,6.30,94,83,339.1,367.1,98.4,48716,0.0,42.9178,0.0000,42.9178,OK
maximus,tpch,1,q10,gpu,100,4.8180,4.8180,1.94,28,18,239.2,321.9,82.1,48716,0.0,1.1527,0.0000,1.1527,OK
maximus,tpch,1,q11,gpu,100,11.0540,11.0540,2.25,33,23,270.5,380.0,83.9,48717,0.0,2.9905,0.0000,2.9905,OK
maximus,tpch,1,q12,gpu,100,5.6990,5.6990,2.03,29,17,231.2,316.3,83.1,48718,0.0,1.3177,0.0000,1.3177,OK
maximus,tpch,1,q13,gpu,100,46.7700,46.7700,5.80,88,76,432.4,477.8,97.0,48719,0.0,20.2241,0.0000,20.2241,OK
maximus,tpch,1,q14,gpu,100,4.6680,4.6680,1.84,26,17,222.0,304.0,79.9,48716,0.0,1.0362,0.0000,1.0362,OK
maximus,tpch,1,q15,gpu,100,3.6840,3.6840,1.69,24,15,211.0,283.9,77.0,48719,0.0,0.7773,0.0000,0.7773,OK
maximus,tpch,1,q16,gpu,100,37.0460,37.0460,4.82,73,61,328.4,361.6,93.8,48720,0.0,12.1668,0.0000,12.1668,OK
maximus,tpch,1,q17,gpu,100,6.7310,6.7310,2.11,31,21,217.9,272.8,73.6,48719,0.0,1.4668,0.0000,1.4668,OK
maximus,tpch,1,q18,gpu,100,17.9870,17.9870,3.23,48,36,356.9,437.6,94.0,48717,0.0,6.4202,0.0000,6.4202,OK
maximus,tpch,1,q19,gpu,48,103.9340,103.9340,6.23,94,82,388.9,424.6,96.7,48714,0.0,40.4214,0.0000,40.4214,OK
maximus,tpch,1,q20,gpu,100,7.2240,7.2240,2.19,32,23,235.1,301.6,76.0,48715,0.0,1.6985,0.0000,1.6985,OK
maximus,tpch,1,q21,gpu,3,,491.0402,1.47,20,11,198.1,268.5,83.8,87056,0.0,97.2617,0.0000,97.2617,OOM
maximus,tpch,1,q22,gpu,100,3.8790,3.8790,1.69,25,14,167.6,183.3,53.6,48720,0.0,0.6503,0.0000,0.6503,OK
maximus,tpch,1,q1,cpu,100,14.5440,14.5440,42.44,660,655,125.8,158.3,3.0,48714,0.0,1.8290,0.0000,1.8290,OK
maximus,tpch,1,q2,cpu,100,8.4190,8.4190,10.96,168,163,122.2,126.3,6.0,48709,0.0,1.0290,0.0000,1.0290,OK
maximus,tpch,1,q3,cpu,100,8.0350,8.0350,50.11,780,775,121.0,125.0,1.5,48709,0.0,0.9726,0.0000,0.9726,OK
maximus,tpch,1,q4,cpu,100,6.0200,6.0200,49.53,771,767,120.4,123.8,1.1,48706,0.0,0.7250,0.0000,0.7250,OK
maximus,tpch,1,q5,cpu,54,94.6220,94.6220,34.32,534,528,135.2,140.7,8.3,48706,0.0,12.7953,0.0000,12.7953,OK
maximus,tpch,1,q6,cpu,100,4.2190,4.2190,41.29,643,638,120.6,133.2,0.8,48704,0.0,0.5087,0.0000,0.5087,OK
maximus,tpch,1,q7,cpu,100,20.3090,20.3090,51.68,805,800,125.6,129.5,3.7,48705,0.0,2.5502,0.0000,2.5502,OK
maximus,tpch,1,q8,cpu,49,103.1070,103.1070,32.29,502,495,132.1,137.6,7.6,48705,0.0,13.6209,0.0000,13.6209,OK
maximus,tpch,1,q9,cpu,26,192.6370,192.6370,22.56,350,344,153.7,179.4,14.7,48705,0.0,29.6121,0.0000,29.6121,OK
maximus,tpch,1,q10,cpu,100,8.0670,8.0670,50.83,792,786,120.8,153.2,1.3,48706,0.0,0.9746,0.0000,0.9746,OK
maximus,tpch,1,q11,cpu,100,12.5370,12.5370,9.67,148,142,149.0,167.1,12.5,48707,0.0,1.8681,0.0000,1.8681,OK
maximus,tpch,1,q12,cpu,100,17.9790,17.9790,50.14,781,776,121.7,146.2,3.1,48703,0.0,2.1874,0.0000,2.1874,OK
maximus,tpch,1,q13,cpu,100,49.0510,49.0510,16.97,261,212,233.9,248.9,34.7,48705,0.0,11.4737,0.0000,11.4737,OK
maximus,tpch,1,q14,cpu,100,15.7020,15.7020,43.21,674,668,122.4,190.3,3.0,48704,0.0,1.9219,0.0000,1.9219,OK
maximus,tpch,1,q15,cpu,100,13.7710,13.7710,42.48,662,657,121.3,125.2,2.8,48705,0.0,1.6706,0.0000,1.6706,OK
maximus,tpch,1,q16,cpu,100,38.8990,38.8990,13.77,212,208,182.4,206.6,27.6,48707,0.0,7.0959,0.0000,7.0959,OK
maximus,tpch,1,q17,cpu,26,193.6980,193.6980,18.63,290,285,121.8,168.1,1.9,48706,0.0,23.5889,0.0000,23.5889,OK
maximus,tpch,1,q18,cpu,24,207.3680,207.3680,19.85,309,305,126.6,132.4,3.9,48706,0.0,26.2472,0.0000,26.2472,OK
maximus,tpch,1,q19,cpu,18,289.1540,289.1540,15.79,245,238,154.3,182.4,11.9,48705,0.0,44.6247,0.0000,44.6247,OK
maximus,tpch,1,q20,cpu,100,20.1700,20.1700,49.63,774,769,122.1,154.8,2.9,48707,0.0,2.4621,0.0000,2.4621,OK
maximus,tpch,1,q21,cpu,3,,1529.8467,4.59,69,65,129.0,237.3,9.5,82383,0.0,197.4001,0.0000,197.4001,OOM
maximus,tpch,1,q22,cpu,100,6.1960,6.1960,12.69,196,190,123.2,231.9,3.4,48711,0.0,0.7633,0.0000,0.7633,OK
sirius,tpch,1,q1,gpu,100,13.0000,13.0000,5.84,87,33,196.7,284.2,47.3,96611,0.0,2.5576,0.0000,2.5576,OK
sirius,tpch,1,q2,gpu,100,22.0000,22.0000,7.42,74,11,128.6,140.5,22.1,96729,0.0,2.8282,0.0000,2.8282,OK
sirius,tpch,1,q3,gpu,100,7.0000,7.0000,4.56,67,13,132.2,152.6,20.8,96698,0.0,0.9253,0.0000,0.9253,OK
sirius,tpch,1,q4,gpu,100,6.0000,6.0000,5.00,71,14,133.3,159.0,24.8,96750,0.0,0.7997,0.0000,0.7997,OK
sirius,tpch,1,q5,gpu,100,29.0000,29.0000,4.88,71,17,161.7,240.9,45.5,96730,0.0,4.6895,0.0000,4.6895,OK
sirius,tpch,1,q6,gpu,100,1.0000,1.0000,4.28,63,11,127.7,134.9,11.3,96514,0.0,0.1277,0.0000,0.1277,OK
sirius,tpch,1,q7,gpu,100,18.0000,18.0000,81.39,334,322,119.9,166.4,1.2,96766,0.0,2.1583,0.0000,2.1583,OK
sirius,tpch,1,q8,gpu,100,16.0000,16.0000,8.68,80,12,130.3,153.1,17.1,96732,0.0,2.0847,0.0000,2.0847,OK
sirius,tpch,1,q9,gpu,12,421.0000,421.0000,10.19,131,74,161.3,181.3,9.9,96535,0.0,67.9024,0.0000,67.9024,OK
sirius,tpch,1,q10,gpu,100,20.0000,20.0000,5.23,75,20,156.3,235.3,36.6,96730,0.0,3.1255,0.0000,3.1255,OK
sirius,tpch,1,q11,gpu,100,3.0000,3.0000,4.99,65,49,121.4,130.2,2.5,96735,0.0,0.3643,0.0000,0.3643,OK
sirius,tpch,1,q12,gpu,100,6.0000,6.0000,5.12,73,16,130.3,144.4,17.8,96708,0.0,0.7815,0.0000,0.7815,OK
sirius,tpch,1,q13,gpu,100,9.0000,9.0000,5.32,73,18,157.5,228.2,40.4,96759,0.0,1.4172,0.0000,1.4172,OK
sirius,tpch,1,q14,gpu,100,3.0000,3.0000,4.94,68,11,126.8,133.8,14.4,96720,0.0,0.3803,0.0000,0.3803,OK
sirius,tpch,1,q15,gpu,100,4.0000,4.0000,4.75,67,12,125.8,129.4,13.2,96741,0.0,0.5033,0.0000,0.5033,OK
sirius,tpch,1,q16,gpu,100,16.0000,16.0000,32.46,161,18,145.4,181.5,45.3,96754,0.0,2.3270,0.0000,2.3270,OK
sirius,tpch,1,q17,gpu,100,26.0000,26.0000,6.19,84,25,153.5,189.5,62.3,96762,0.0,3.9898,0.0000,3.9898,OK
sirius,tpch,1,q18,gpu,95,53.0000,53.0000,46.68,221,34,276.0,385.5,70.0,96760,0.0,14.6306,0.0000,14.6306,OK
sirius,tpch,1,q19,gpu,100,9.0000,9.0000,5.51,79,10,149.6,173.5,39.0,96759,0.0,1.3466,0.0000,1.3466,OK
sirius,tpch,1,q20,gpu,100,9.0000,9.0000,4.51,66,11,125.2,129.3,15.4,96668,0.0,1.1264,0.0000,1.1264,OK
sirius,tpch,1,q21,gpu,3,3583.0000,3583.0000,22.00,327,266,309.4,329.3,99.7,96310,0.0,1108.6203,0.0000,1108.6203,OK
sirius,tpch,1,q22,gpu,100,7.0000,7.0000,32.25,162,51,123.7,137.1,3.8,96680,0.0,0.8661,0.0000,0.8661,OK
sirius,tpch,1,q1,cpu,100,13.0000,13.0000,5.79,87,33,196.1,283.2,47.5,96608,0.0,2.5487,0.0000,2.5487,OK
sirius,tpch,1,q2,cpu,100,21.0000,21.0000,9.10,81,11,128.3,140.0,24.1,96729,0.0,2.6950,0.0000,2.6950,OK
sirius,tpch,1,q3,cpu,100,7.0000,7.0000,4.50,66,13,132.0,152.4,21.4,96701,0.0,0.9240,0.0000,0.9240,OK
sirius,tpch,1,q4,cpu,100,6.0000,6.0000,5.26,72,14,133.6,159.2,24.4,96751,0.0,0.8018,0.0000,0.8018,OK
sirius,tpch,1,q5,cpu,100,29.0000,29.0000,6.21,77,17,161.3,241.6,45.4,96727,0.0,4.6775,0.0000,4.6775,OK
sirius,tpch,1,q6,cpu,100,1.0000,1.0000,4.38,65,52,121.4,134.9,2.2,96506,0.0,0.1214,0.0000,0.1214,OK
sirius,tpch,1,q7,cpu,100,18.0000,18.0000,81.51,339,326,119.7,168.4,1.2,96765,0.0,2.1552,0.0000,2.1552,OK
sirius,tpch,1,q8,cpu,100,15.0000,15.0000,5.77,71,11,129.5,150.2,18.7,96661,0.0,1.9420,0.0000,1.9420,OK
sirius,tpch,1,q9,cpu,12,420.0000,420.0000,10.27,133,74,161.4,181.4,9.5,96535,0.0,67.7738,0.0000,67.7738,OK
sirius,tpch,1,q10,cpu,100,20.0000,20.0000,6.53,81,24,164.3,241.5,31.7,96764,0.0,3.2853,0.0000,3.2853,OK
sirius,tpch,1,q11,cpu,100,3.0000,3.0000,5.91,68,48,121.2,129.9,2.5,96703,0.0,0.3635,0.0000,0.3635,OK
sirius,tpch,1,q12,cpu,100,6.0000,6.0000,4.87,71,16,130.3,144.7,16.8,96707,0.0,0.7820,0.0000,0.7820,OK
sirius,tpch,1,q13,cpu,100,9.0000,9.0000,5.05,73,19,156.5,226.8,36.5,96706,0.0,1.4088,0.0000,1.4088,OK
sirius,tpch,1,q14,cpu,100,3.0000,3.0000,4.72,66,11,126.7,133.3,13.7,96724,0.0,0.3801,0.0000,0.3801,OK
sirius,tpch,1,q15,cpu,100,5.0000,5.0000,5.99,72,13,126.1,129.2,12.7,96757,0.0,0.6307,0.0000,0.6307,OK
sirius,tpch,1,q16,cpu,100,17.0000,17.0000,32.64,175,28,141.6,180.8,29.7,96760,0.0,2.4078,0.0000,2.4078,OK
sirius,tpch,1,q17,cpu,100,26.0000,26.0000,6.07,82,25,153.6,190.7,62.3,96761,0.0,3.9947,0.0000,3.9947,OK
sirius,tpch,1,q18,cpu,95,53.0000,53.0000,46.99,233,35,276.0,382.6,70.3,96762,0.0,14.6275,0.0000,14.6275,OK
sirius,tpch,1,q19,cpu,100,9.0000,9.0000,5.63,80,24,134.7,172.6,18.0,96764,0.0,1.2122,0.0000,1.2122,OK
sirius,tpch,1,q20,cpu,100,9.0000,9.0000,5.31,67,11,125.5,130.2,13.4,96707,0.0,1.1294,0.0000,1.1294,OK
sirius,tpch,1,q21,cpu,3,3580.0000,3580.0000,22.07,328,266,309.8,330.9,99.6,96303,0.0,1109.1462,0.0000,1109.1462,OK
sirius,tpch,1,q22,cpu,100,7.0000,7.0000,32.15,158,50,124.0,138.4,4.0,96692,0.0,0.8677,0.0000,0.8677,OK
maximus,tpch,10,q1,gpu,100,27.7270,27.7270,5.50,81,67,324.2,378.2,96.0,48713,0.0,8.9885,0.0000,8.9885,OK
maximus,tpch,10,q2,gpu,100,5.1150,5.1150,2.48,37,24,194.3,236.0,78.1,48716,0.0,0.9940,0.0000,0.9940,OK
maximus,tpch,10,q3,gpu,100,10.2410,10.2410,3.95,58,46,313.2,404.4,94.1,48717,0.0,3.2072,0.0000,3.2072,OK
maximus,tpch,10,q4,gpu,100,8.8120,8.8120,3.80,55,40,311.7,413.4,94.0,48719,0.0,2.7463,0.0000,2.7463,OK
maximus,tpch,10,q5,gpu,100,18.7090,18.7090,4.88,72,58,317.0,382.1,94.7,48718,0.0,5.9312,0.0000,5.9312,OK
maximus,tpch,10,q6,gpu,100,5.0740,5.0740,3.22,46,33,303.7,434.7,92.0,48717,0.0,1.5408,0.0000,1.5408,OK
maximus,tpch,10,q7,gpu,100,11.5510,11.5510,4.20,60,46,303.4,385.6,90.8,48718,0.0,3.5044,0.0000,3.5044,OK
maximus,tpch,10,q8,gpu,100,13.3460,13.3460,4.43,65,52,304.0,375.8,92.1,48717,0.0,4.0566,0.0000,4.0566,OK
maximus,tpch,10,q9,gpu,100,25.5960,25.5960,5.71,84,70,345.2,402.2,95.8,48716,0.0,8.8363,0.0000,8.8363,OK
maximus,tpch,10,q10,gpu,100,8.7450,8.7450,3.90,56,42,315.9,412.6,91.7,48719,0.0,2.7626,0.0000,2.7626,OK
maximus,tpch,10,q11,gpu,100,12.0140,12.0140,3.14,47,33,275.8,399.9,88.8,48720,0.0,3.3136,0.0000,3.3136,OK
maximus,tpch,10,q12,gpu,100,12.6580,12.6580,4.25,61,48,311.2,393.0,92.2,48717,0.0,3.9388,0.0000,3.9388,OK
maximus,tpch,10,q13,gpu,46,110.1880,110.1880,6.93,105,91,437.8,502.7,97.8,48719,0.0,48.2416,0.0000,48.2416,OK
maximus,tpch,10,q14,gpu,100,8.2930,8.2930,3.63,53,38,299.9,399.6,90.7,48718,0.0,2.4872,0.0000,2.4872,OK
maximus,tpch,10,q15,gpu,100,7.5130,7.5130,3.51,50,37,295.3,408.4,90.7,48721,0.0,2.2185,0.0000,2.2185,OK
maximus,tpch,10,q16,gpu,100,27.0680,27.0680,4.70,71,58,286.5,339.1,92.4,48720,0.0,7.7554,0.0000,7.7554,OK
maximus,tpch,10,q17,gpu,100,12.6370,12.6370,4.06,59,46,282.7,351.2,88.4,48717,0.0,3.5724,0.0000,3.5724,OK
maximus,tpch,10,q18,gpu,100,9.1340,9.1340,3.88,56,42,323.4,422.6,93.9,48718,0.0,2.9541,0.0000,2.9541,OK
maximus,tpch,10,q19,gpu,40,127.8920,127.8920,7.32,110,95,388.6,438.7,96.6,48717,0.0,49.7028,0.0000,49.7028,OK
maximus,tpch,10,q20,gpu,100,14.5850,14.5850,4.43,65,52,324.4,398.1,89.2,48715,0.0,4.7315,0.0000,4.7315,OK
maximus,tpch,10,q21,gpu,19,266.1940,266.1940,7.08,106,92,392.4,451.0,96.8,67958,0.0,104.4466,0.0000,104.4466,OK
maximus,tpch,10,q22,gpu,100,5.2000,5.2000,2.69,40,25,218.2,280.6,75.2,48713,0.0,1.1348,0.0000,1.1348,OK
maximus,tpch,10,q1,cpu,100,45.1040,45.1040,136.57,2133,2127,126.3,213.2,3.1,48708,0.0,5.6961,0.0000,5.6961,OK
maximus,tpch,10,q2,cpu,100,20.4160,20.4160,31.20,484,479,120.3,131.7,1.7,48706,0.0,2.4557,0.0000,2.4557,OK
maximus,tpch,10,q3,cpu,100,19.6780,19.6780,164.66,2572,2564,120.6,123.5,1.1,48704,0.0,2.3730,0.0000,2.3730,OK
maximus,tpch,10,q4,cpu,100,14.9990,14.9990,160.55,2510,2503,120.3,126.2,0.9,48703,0.0,1.8049,0.0000,1.8049,OK
maximus,tpch,10,q5,cpu,32,162.9020,162.9020,62.65,977,972,121.0,124.6,1.3,48703,0.0,19.7073,0.0000,19.7073,OK
maximus,tpch,10,q6,cpu,100,12.2300,12.2300,134.94,2108,2102,120.2,127.6,0.8,48703,0.0,1.4703,0.0000,1.4703,OK
maximus,tpch,10,q7,cpu,100,39.1610,39.1610,167.86,2622,2615,120.6,125.3,1.3,48705,0.0,4.7237,0.0000,4.7237,OK
maximus,tpch,10,q8,cpu,26,192.9230,192.9230,54.46,849,843,120.5,126.2,1.1,48701,0.0,23.2404,0.0000,23.2404,OK
maximus,tpch,10,q9,cpu,20,259.4400,259.4400,48.05,749,741,121.9,126.2,1.4,48704,0.0,31.6385,0.0000,31.6385,OK
maximus,tpch,10,q10,cpu,100,18.7120,18.7120,164.31,2568,2562,120.4,129.9,1.0,48705,0.0,2.2521,0.0000,2.2521,OK
maximus,tpch,10,q11,cpu,47,106.4890,106.4890,19.63,304,299,127.6,134.0,3.8,48707,0.0,13.5922,0.0000,13.5922,OK
maximus,tpch,10,q12,cpu,28,178.0270,178.0270,54.81,855,848,121.2,130.4,2.3,48704,0.0,21.5754,0.0000,21.5754,OK
maximus,tpch,10,q13,cpu,41,123.4590,123.4590,23.28,360,354,194.8,248.8,22.0,48705,0.0,24.0506,0.0000,24.0506,OK
maximus,tpch,10,q14,cpu,100,42.5500,42.5500,141.84,2217,2211,121.4,169.2,2.6,48703,0.0,5.1660,0.0000,5.1660,OK
maximus,tpch,10,q15,cpu,100,40.2060,40.2060,138.43,2163,2157,120.8,126.1,2.6,48705,0.0,4.8586,0.0000,4.8586,OK
maximus,tpch,10,q16,cpu,42,123.2010,123.2010,20.55,318,312,131.1,137.3,7.1,48708,0.0,16.1531,0.0000,16.1531,OK
maximus,tpch,10,q17,cpu,7,810.0760,810.0760,22.16,344,338,120.8,134.3,1.1,48707,0.0,97.8448,0.0000,97.8448,OK
maximus,tpch,10,q18,cpu,5,1059.1690,1059.1690,21.12,328,322,120.5,125.9,1.2,48705,0.0,127.6743,0.0000,127.6743,OK
maximus,tpch,10,q19,cpu,6,936.8950,936.8950,20.92,325,318,129.9,160.2,4.7,48703,0.0,121.7148,0.0000,121.7148,OK
maximus,tpch,10,q20,cpu,35,147.1120,147.1120,65.35,1021,1013,122.1,161.5,2.5,48703,0.0,17.9616,0.0000,17.9616,OK
maximus,tpch,10,q21,cpu,12,449.0860,449.0860,31.35,486,479,152.8,210.6,12.4,48709,0.0,68.6300,0.0000,68.6300,OK
maximus,tpch,10,q22,cpu,36,140.6030,140.6030,22.08,342,338,122.1,211.7,1.8,48707,0.0,17.1641,0.0000,17.1641,OK
sirius,tpch,10,q1,gpu,77,63.0000,63.0000,11.31,172,79,341.7,369.4,92.0,96519,0.0,21.5240,0.0000,21.5240,OK
sirius,tpch,10,q2,gpu,100,21.0000,21.0000,6.18,74,16,130.2,143.9,17.6,96763,0.0,2.7344,0.0000,2.7344,OK
sirius,tpch,10,q3,gpu,100,21.0000,21.0000,6.28,86,31,173.7,304.0,39.5,96760,0.0,3.6471,0.0000,3.6471,OK
sirius,tpch,10,q4,gpu,100,18.0000,18.0000,6.79,95,37,185.9,314.8,43.2,96754,0.0,3.3458,0.0000,3.3458,OK
sirius,tpch,10,q5,gpu,54,94.0000,94.0000,10.34,116,51,242.7,359.1,60.3,96762,0.0,22.8181,0.0000,22.8181,OK
sirius,tpch,10,q6,gpu,100,3.0000,3.0000,4.89,72,21,140.0,191.8,19.9,96613,0.0,0.4201,0.0000,0.4201,OK
sirius,tpch,10,q7,gpu,100,33.0000,33.0000,83.53,389,336,124.4,255.1,3.2,96762,0.0,4.1058,0.0000,4.1058,OK
sirius,tpch,10,q8,gpu,100,32.0000,32.0000,5.85,84,28,135.8,204.9,22.0,96697,0.0,4.3469,0.0000,4.3469,OK
sirius,tpch,10,q9,gpu,8,668.0000,668.0000,11.91,157,97,154.8,182.8,7.6,96433,0.0,103.4302,0.0000,103.4302,OK
sirius,tpch,10,q10,gpu,100,41.0000,41.0000,7.07,106,52,180.2,346.7,34.3,96736,0.0,7.3874,0.0000,7.3874,OK
sirius,tpch,10,q11,gpu,100,6.0000,6.0000,4.63,65,10,132.6,156.6,24.5,96677,0.0,0.7957,0.0000,0.7957,OK
sirius,tpch,10,q12,gpu,100,14.0000,14.0000,6.94,103,46,153.8,299.0,23.7,96756,0.0,2.1533,0.0000,2.1533,OK
sirius,tpch,10,q13,gpu,100,43.0000,43.0000,8.41,122,45,345.0,389.5,91.9,96762,0.0,14.8342,0.0000,14.8342,OK
sirius,tpch,10,q14,gpu,100,6.0000,6.0000,5.25,78,25,138.2,186.0,15.8,96757,0.0,0.8289,0.0000,0.8289,OK
sirius,tpch,10,q15,gpu,100,6.0000,6.0000,5.55,77,20,129.4,151.5,13.8,96688,0.0,0.7766,0.0000,0.7766,OK
sirius,tpch,10,q16,gpu,99,51.0000,51.0000,33.78,195,94,203.6,385.0,33.1,96758,0.0,10.3834,0.0000,10.3834,OK
sirius,tpch,10,q17,gpu,80,63.0000,63.0000,7.76,114,58,224.6,288.2,70.2,96755,0.0,14.1499,0.0000,14.1499,OK
sirius,tpch,10,q18,gpu,44,114.0000,114.0000,16.51,153,76,308.9,398.4,71.1,96762,0.0,35.2178,0.0000,35.2178,OK
sirius,tpch,10,q19,gpu,100,21.0000,21.0000,9.17,139,83,164.7,363.9,20.4,96747,0.0,3.4590,0.0000,3.4590,OK
sirius,tpch,10,q20,gpu,100,15.0000,15.0000,5.35,77,24,130.5,163.7,16.3,96762,0.0,1.9578,0.0000,1.9578,OK
sirius,tpch,10,q21,gpu,20,251.0000,251.0000,10.29,155,86,310.4,330.9,95.3,96757,0.0,77.8983,0.0000,77.8983,OK
sirius,tpch,10,q22,gpu,100,13.0000,13.0000,32.54,171,17,145.7,192.9,33.8,96740,0.0,1.8939,0.0000,1.8939,OK
sirius,tpch,10,q1,cpu,80,63.0000,63.0000,11.47,175,82,347.4,372.6,93.5,96533,0.0,21.8858,0.0000,21.8858,OK
sirius,tpch,10,q2,cpu,100,21.0000,21.0000,7.76,79,15,129.4,142.8,16.2,96761,0.0,2.7168,0.0000,2.7168,OK
sirius,tpch,10,q3,cpu,100,22.0000,22.0000,5.97,88,32,175.6,311.3,40.0,96759,0.0,3.8642,0.0000,3.8642,OK
sirius,tpch,10,q4,cpu,100,18.0000,18.0000,6.15,92,38,188.4,312.0,41.4,96759,0.0,3.3914,0.0000,3.3914,OK
sirius,tpch,10,q5,cpu,54,94.0000,94.0000,7.22,103,49,240.0,350.4,61.6,96760,0.0,22.5571,0.0000,22.5571,OK
sirius,tpch,10,q6,cpu,100,3.0000,3.0000,4.88,73,20,137.6,190.9,21.3,96581,0.0,0.4129,0.0000,0.4129,OK
sirius,tpch,10,q7,cpu,100,34.0000,34.0000,83.62,386,331,125.0,253.8,3.0,96766,0.0,4.2498,0.0000,4.2498,OK
sirius,tpch,10,q8,cpu,100,31.0000,31.0000,5.80,84,29,136.9,209.0,23.7,96731,0.0,4.2443,0.0000,4.2443,OK
sirius,tpch,10,q9,cpu,8,676.0000,676.0000,12.02,158,96,155.5,184.2,8.2,96433,0.0,105.1088,0.0000,105.1088,OK
sirius,tpch,10,q10,cpu,100,41.0000,41.0000,8.04,111,53,183.4,347.0,35.2,96753,0.0,7.5179,0.0000,7.5179,OK
sirius,tpch,10,q11,cpu,100,6.0000,6.0000,5.79,70,11,133.4,159.6,26.8,96757,0.0,0.8007,0.0000,0.8007,OK
sirius,tpch,10,q12,cpu,100,14.0000,14.0000,7.45,105,47,155.5,297.6,22.7,96762,0.0,2.1773,0.0000,2.1773,OK
sirius,tpch,10,q13,cpu,100,43.0000,43.0000,8.05,119,64,274.9,388.7,63.9,96755,0.0,11.8196,0.0000,11.8196,OK
sirius,tpch,10,q14,cpu,100,6.0000,6.0000,6.50,82,23,134.3,183.7,16.7,96747,0.0,0.8057,0.0000,0.8057,OK
sirius,tpch,10,q15,cpu,100,6.0000,6.0000,6.47,81,21,131.0,157.7,14.3,96763,0.0,0.7857,0.0000,0.7857,OK
sirius,tpch,10,q16,cpu,99,51.0000,51.0000,33.76,193,43,284.5,382.8,70.3,96750,0.0,14.5095,0.0000,14.5095,OK
sirius,tpch,10,q17,cpu,80,63.0000,63.0000,7.68,114,58,225.1,289.1,69.8,96750,0.0,14.1782,0.0000,14.1782,OK
sirius,tpch,10,q18,cpu,44,114.0000,114.0000,16.76,160,81,299.8,398.0,68.5,96759,0.0,34.1723,0.0000,34.1723,OK
sirius,tpch,10,q19,cpu,100,21.0000,21.0000,9.30,138,83,165.8,365.9,20.2,96758,0.0,3.4815,0.0000,3.4815,OK
sirius,tpch,10,q20,cpu,100,14.0000,14.0000,5.41,79,23,128.6,157.8,15.8,96682,0.0,1.8006,0.0000,1.8006,OK
sirius,tpch,10,q21,cpu,20,251.0000,251.0000,10.32,156,83,311.2,329.8,96.3,96757,0.0,78.1113,0.0000,78.1113,OK
sirius,tpch,10,q22,cpu,100,13.0000,13.0000,32.40,167,17,145.9,195.6,30.2,96741,0.0,1.8964,0.0000,1.8964,OK
maximus,h2o,1gb,q1,gpu,100,4.2000,4.2000,1.61,23,13,198.4,279.9,90.2,48713,0.0,0.8335,0.0000,0.8335,OK
maximus,h2o,1gb,q2,gpu,100,3.6760,3.6760,1.57,22,13,228.4,322.5,87.7,48713,0.0,0.8395,0.0000,0.8395,OK
maximus,h2o,1gb,q3,gpu,100,24.8850,24.8850,3.74,55,44,269.3,303.9,65.3,48715,0.0,6.7021,0.0000,6.7021,OK
maximus,h2o,1gb,q4,gpu,100,4.2650,4.2650,1.61,23,13,206.1,283.4,93.4,48713,0.0,0.8789,0.0000,0.8789,OK
maximus,h2o,1gb,q5,gpu,100,2.6580,2.6580,1.46,20,10,228.1,310.1,93.4,48715,0.0,0.6064,0.0000,0.6064,OK
maximus,h2o,1gb,q6,gpu,73,68.6180,68.6180,6.16,89,77,445.6,482.8,98.4,48718,0.0,30.5747,0.0000,30.5747,OK
maximus,h2o,1gb,q7,gpu,100,17.5400,17.5400,3.14,46,35,277.1,320.1,66.4,48741,0.0,4.8607,0.0000,4.8607,OK
maximus,h2o,1gb,q9,gpu,100,11.8030,11.8030,2.42,35,26,340.0,460.6,92.7,48721,0.0,4.0132,0.0000,4.0132,OK
maximus,h2o,1gb,q10,gpu,36,135.0490,135.0490,6.35,95,84,267.1,287.7,49.1,48719,0.0,36.0714,0.0000,36.0714,OK
maximus,h2o,1gb,q1,cpu,100,38.0830,38.0830,38.51,600,595,122.6,197.7,1.4,48713,0.0,4.6683,0.0000,4.6683,OK
maximus,h2o,1gb,q2,cpu,83,59.9660,59.9660,33.83,526,522,122.1,124.1,1.5,48704,0.0,7.3200,0.0000,7.3200,OK
maximus,h2o,1gb,q3,cpu,52,98.5920,98.5920,24.67,382,378,128.3,133.9,3.8,48703,0.0,12.6445,0.0000,12.6445,OK
maximus,h2o,1gb,q4,cpu,92,55.1290,55.1290,36.95,576,571,120.9,131.0,1.6,48703,0.0,6.6654,0.0000,6.6654,OK
maximus,h2o,1gb,q5,cpu,95,54.5220,54.5220,38.52,600,595,121.6,124.2,1.2,48705,0.0,6.6304,0.0000,6.6304,OK
maximus,h2o,1gb,q6,cpu,46,109.5460,109.5460,22.52,347,343,169.2,193.9,13.8,48705,0.0,18.5404,0.0000,18.5404,OK
maximus,h2o,1gb,q7,cpu,62,80.1630,80.1630,27.52,427,422,127.9,148.7,3.1,48704,0.0,10.2555,0.0000,10.2555,OK
maximus,h2o,1gb,q9,cpu,100,15.2310,15.2310,35.75,555,550,131.7,137.1,4.2,48706,0.0,2.0054,0.0000,2.0054,OK
maximus,h2o,1gb,q10,cpu,18,285.6060,285.6060,14.05,217,211,148.7,166.2,10.0,48707,0.0,42.4797,0.0000,42.4797,OK
sirius,h2o,1gb,q1,gpu,100,4.0000,4.0000,4.74,71,19,143.6,184.3,29.1,96596,0.0,0.5745,0.0000,0.5745,OK
sirius,h2o,1gb,q2,gpu,100,4.0000,4.0000,4.96,74,21,146.8,230.2,25.3,96576,0.0,0.5873,0.0000,0.5873,OK
sirius,h2o,1gb,q3,gpu,66,64.0000,64.0000,9.37,142,86,160.9,176.2,15.7,96467,0.0,10.2981,0.0000,10.2981,OK
sirius,h2o,1gb,q4,gpu,100,6.0000,6.0000,4.92,73,12,182.9,220.4,70.8,96587,0.0,1.0972,0.0000,1.0972,OK
sirius,h2o,1gb,q5,gpu,100,5.0000,5.0000,4.75,70,18,164.9,233.6,28.7,96608,0.0,0.8246,0.0000,0.8246,OK
sirius,h2o,1gb,q6,gpu,100,7.0000,7.0000,5.05,75,21,176.6,272.5,43.3,96590,0.0,1.2363,0.0000,1.2363,OK
sirius,h2o,1gb,q7,gpu,100,45.0000,45.0000,9.89,151,95,168.1,183.3,18.4,96614,0.0,7.5650,0.0000,7.5650,OK
sirius,h2o,1gb,q9,gpu,100,16.0000,16.0000,6.03,91,38,222.4,310.7,56.3,96620,0.0,3.5582,0.0000,3.5582,OK
sirius,h2o,1gb,q10,gpu,10,499.0000,499.0000,11.71,179,118,136.6,146.0,7.9,96220,0.0,68.1871,0.0000,68.1871,OK
sirius,h2o,1gb,q1,cpu,100,4.0000,4.0000,4.70,71,19,144.6,185.5,32.1,96604,0.0,0.5782,0.0000,0.5782,OK
sirius,h2o,1gb,q2,cpu,100,4.0000,4.0000,5.06,76,22,150.1,232.8,24.4,96617,0.0,0.6004,0.0000,0.6004,OK
sirius,h2o,1gb,q3,cpu,75,65.0000,65.0000,10.06,152,97,161.6,175.3,16.7,96507,0.0,10.5028,0.0000,10.5028,OK
sirius,h2o,1gb,q4,cpu,100,6.0000,6.0000,4.97,74,20,154.1,218.8,44.9,96590,0.0,0.9248,0.0000,0.9248,OK
sirius,h2o,1gb,q5,cpu,100,5.0000,5.0000,4.70,70,19,161.0,231.7,30.2,96599,0.0,0.8048,0.0000,0.8048,OK
sirius,h2o,1gb,q6,cpu,100,7.0000,7.0000,5.01,75,21,175.3,269.6,42.7,96620,0.0,1.2268,0.0000,1.2268,OK
sirius,h2o,1gb,q7,cpu,100,46.0000,46.0000,9.41,143,88,171.0,187.9,19.7,96614,0.0,7.8657,0.0000,7.8657,OK
sirius,h2o,1gb,q9,cpu,100,16.0000,16.0000,6.20,93,37,225.3,312.0,57.5,96621,0.0,3.6053,0.0000,3.6053,OK
sirius,h2o,1gb,q10,cpu,11,557.0000,557.0000,12.78,196,134,135.5,146.2,8.1,96224,0.0,75.4587,0.0000,75.4587,OK
maximus,h2o,2gb,q1,gpu,100,8.0070,8.0070,2.47,36,24,255.6,347.2,97.5,48710,0.0,2.0468,0.0000,2.0468,OK
maximus,h2o,2gb,q2,gpu,100,6.8220,6.8220,2.37,34,23,289.4,438.9,94.5,48711,0.0,1.9740,0.0000,1.9740,OK
maximus,h2o,2gb,q3,gpu,100,35.8240,35.8240,5.26,75,62,308.3,341.9,75.7,48713,0.0,11.0444,0.0000,11.0444,OK
maximus,h2o,2gb,q4,gpu,100,8.1580,8.1580,2.47,37,25,262.5,350.5,97.8,48712,0.0,2.1416,0.0000,2.1416,OK
maximus,h2o,2gb,q5,gpu,100,4.9550,4.9550,2.16,31,20,285.1,467.4,93.8,48714,0.0,1.4125,0.0000,1.4125,OK
maximus,h2o,2gb,q6,gpu,34,150.8340,150.8340,6.48,94,82,443.1,493.1,99.2,48715,0.0,66.8385,0.0000,66.8385,OK
maximus,h2o,2gb,q7,gpu,100,25.8110,25.8110,4.45,64,53,315.7,358.8,77.5,48713,0.0,8.1475,0.0000,8.1475,OK
maximus,h2o,2gb,q9,gpu,100,22.6620,22.6620,4.02,60,49,395.2,478.5,96.4,48714,0.0,8.9558,0.0000,8.9558,OK
maximus,h2o,2gb,q10,gpu,18,278.9310,278.9310,6.69,100,88,274.1,312.3,51.7,48713,0.0,76.4668,0.0000,76.4668,OK
maximus,h2o,2gb,q1,cpu,67,75.1180,75.1180,51.14,797,791,122.4,191.6,1.4,48708,0.0,9.1971,0.0000,9.1971,OK
maximus,h2o,2gb,q2,cpu,42,120.1710,120.1710,35.25,549,544,121.9,124.9,1.4,48703,0.0,14.6497,0.0000,14.6497,OK
maximus,h2o,2gb,q3,cpu,28,181.5910,181.5910,26.88,417,412,127.0,135.3,3.5,48704,0.0,23.0676,0.0000,23.0676,OK
maximus,h2o,2gb,q4,cpu,46,110.6540,110.6540,37.98,592,588,120.9,130.2,1.6,48705,0.0,13.3808,0.0000,13.3808,OK
maximus,h2o,2gb,q5,cpu,47,107.8670,107.8670,38.59,601,596,121.8,124.7,1.2,48704,0.0,13.1382,0.0000,13.1382,OK
maximus,h2o,2gb,q6,cpu,22,233.6040,233.6040,22.96,353,347,171.1,220.5,14.8,48705,0.0,39.9667,0.0000,39.9667,OK
maximus,h2o,2gb,q7,cpu,34,149.5250,149.5250,30.44,473,467,127.2,177.0,2.9,48705,0.0,19.0160,0.0000,19.0160,OK
maximus,h2o,2gb,q9,cpu,100,29.3480,29.3480,69.16,1078,1072,132.5,138.5,4.2,48706,0.0,3.8875,0.0000,3.8875,OK
maximus,h2o,2gb,q10,cpu,9,575.9630,575.9630,14.81,229,222,148.7,168.8,9.3,48705,0.0,85.6504,0.0000,85.6504,OK
sirius,h2o,2gb,q1,gpu,100,7.0000,7.0000,5.29,79,28,162.3,250.7,38.5,96609,0.0,1.1360,0.0000,1.1360,OK
sirius,h2o,2gb,q2,gpu,100,7.0000,7.0000,5.79,87,34,170.0,344.9,30.0,96610,0.0,1.1901,0.0000,1.1901,OK
sirius,h2o,2gb,q3,gpu,61,75.0000,75.0000,10.39,157,103,176.3,204.8,20.8,96444,0.0,13.2242,0.0000,13.2242,OK
sirius,h2o,2gb,q4,gpu,100,12.0000,12.0000,5.75,86,31,186.6,268.9,55.9,96609,0.0,2.2388,0.0000,2.2388,OK
sirius,h2o,2gb,q5,gpu,100,9.0000,9.0000,5.38,81,27,195.6,348.2,43.3,96618,0.0,1.7604,0.0000,1.7604,OK
sirius,h2o,2gb,q6,gpu,100,12.0000,12.0000,5.76,87,32,221.6,354.7,54.8,96616,0.0,2.6592,0.0000,2.6592,OK
sirius,h2o,2gb,q7,gpu,84,55.0000,55.0000,10.32,157,103,188.4,217.3,25.7,96546,0.0,10.3622,0.0000,10.3622,OK
sirius,h2o,2gb,q9,gpu,100,29.0000,29.0000,7.69,116,63,261.2,342.0,65.8,96620,0.0,7.5735,0.0000,7.5735,OK
sirius,h2o,2gb,q10,gpu,5,1070.0000,1070.0000,14.34,220,150,136.4,151.3,7.7,96198,0.0,145.9412,0.0000,145.9412,OK
sirius,h2o,2gb,q1,cpu,100,7.0000,7.0000,5.43,82,28,161.3,247.5,38.8,96609,0.0,1.1292,0.0000,1.1292,OK
sirius,h2o,2gb,q2,cpu,100,7.0000,7.0000,5.76,87,35,177.5,351.0,30.0,96615,0.0,1.2423,0.0000,1.2423,OK
sirius,h2o,2gb,q3,cpu,60,76.0000,76.0000,10.66,161,107,174.0,199.2,20.0,96441,0.0,13.2205,0.0000,13.2205,OK
sirius,h2o,2gb,q4,cpu,100,12.0000,12.0000,5.74,86,32,185.3,271.2,54.7,96608,0.0,2.2233,0.0000,2.2233,OK
sirius,h2o,2gb,q5,cpu,100,9.0000,9.0000,5.43,82,28,200.8,343.4,43.7,96617,0.0,1.8073,0.0000,1.8073,OK
sirius,h2o,2gb,q6,cpu,100,12.0000,12.0000,5.77,87,32,221.6,352.9,54.4,96614,0.0,2.6589,0.0000,2.6589,OK
sirius,h2o,2gb,q7,cpu,84,54.0000,54.0000,9.97,150,96,192.5,223.3,26.5,96545,0.0,10.3966,0.0000,10.3966,OK
sirius,h2o,2gb,q9,cpu,100,29.0000,29.0000,7.67,115,47,309.0,343.7,86.0,96613,0.0,8.9614,0.0000,8.9614,OK
sirius,h2o,2gb,q10,cpu,5,1093.0000,1093.0000,14.35,220,151,136.4,151.3,7.2,96198,0.0,149.0818,0.0000,149.0818,OK
maximus,h2o,3gb,q1,gpu,100,11.7820,11.7820,3.31,49,36,280.2,353.9,98.3,48707,0.0,3.3011,0.0000,3.3011,OK
maximus,h2o,3gb,q2,gpu,100,9.8040,9.8040,3.10,44,31,324.0,449.5,97.7,48710,0.0,3.1767,0.0000,3.1767,OK
maximus,h2o,3gb,q3,gpu,100,45.4780,45.4780,6.70,96,83,331.8,364.9,83.6,48711,0.0,15.0918,0.0000,15.0918,OK
maximus,h2o,3gb,q4,gpu,100,12.0470,12.0470,3.34,49,36,285.0,358.6,98.9,48709,0.0,3.4330,0.0000,3.4330,OK
maximus,h2o,3gb,q5,gpu,100,7.2380,7.2380,2.86,40,28,324.2,492.7,97.2,48710,0.0,2.3467,0.0000,2.3467,OK
maximus,h2o,3gb,q6,gpu,21,238.1480,238.1480,6.58,96,82,436.3,495.6,99.5,48711,0.0,103.9000,0.0000,103.9000,OK
maximus,h2o,3gb,q7,gpu,100,34.1000,34.1000,5.72,82,70,335.2,377.1,82.9,48714,0.0,11.4291,0.0000,11.4291,OK
maximus,h2o,3gb,q9,gpu,100,33.3740,33.3740,5.63,83,71,420.1,487.4,98.1,48715,0.0,14.0203,0.0000,14.0203,OK
maximus,h2o,3gb,q10,gpu,12,416.3350,416.3350,6.90,103,89,276.5,323.5,55.2,48714,0.0,115.1191,0.0000,115.1191,OK
maximus,h2o,3gb,q1,cpu,44,112.1600,112.1600,51.29,800,793,122.3,204.7,1.3,48711,0.0,13.7210,0.0000,13.7210,OK
maximus,h2o,3gb,q2,cpu,28,178.9500,178.9500,36.29,565,559,122.3,125.0,1.3,48705,0.0,21.8772,0.0000,21.8772,OK
maximus,h2o,3gb,q3,cpu,20,261.2720,261.2720,29.16,452,446,126.8,130.7,3.0,48703,0.0,33.1272,0.0000,33.1272,OK
maximus,h2o,3gb,q4,cpu,30,168.2310,168.2310,38.65,602,595,121.4,134.0,1.5,48704,0.0,20.4175,0.0000,20.4175,OK
maximus,h2o,3gb,q5,cpu,32,161.6610,161.6610,40.58,632,626,121.9,125.3,1.2,48704,0.0,19.7098,0.0000,19.7098,OK
maximus,h2o,3gb,q6,cpu,14,363.7270,363.7270,23.10,356,349,171.1,206.9,14.2,48707,0.0,62.2252,0.0000,62.2252,OK
maximus,h2o,3gb,q7,cpu,23,218.4840,218.4840,31.77,495,488,126.4,209.9,2.7,48702,0.0,27.6249,0.0000,27.6249,OK
maximus,h2o,3gb,q9,cpu,100,45.0240,45.0240,106.00,1655,1649,132.4,138.1,4.3,48704,0.0,5.9606,0.0000,5.9606,OK
maximus,h2o,3gb,q10,cpu,6,956.1010,956.1010,16.13,249,242,146.3,195.1,9.0,48704,0.0,139.8632,0.0000,139.8632,OK
sirius,h2o,3gb,q1,gpu,100,11.0000,11.0000,5.93,89,35,174.1,287.6,43.5,96609,0.0,1.9155,0.0000,1.9155,OK
sirius,h2o,3gb,q2,gpu,100,10.0000,10.0000,6.68,101,47,193.2,416.8,32.7,96611,0.0,1.9321,0.0000,1.9321,OK
sirius,h2o,3gb,q3,gpu,55,84.0000,84.0000,11.02,166,110,188.6,235.2,24.5,96420,0.0,15.8453,0.0000,15.8453,OK
sirius,h2o,3gb,q4,gpu,100,17.0000,17.0000,6.46,98,45,203.7,280.1,59.2,96614,0.0,3.4634,0.0000,3.4634,OK
sirius,h2o,3gb,q5,gpu,100,12.0000,12.0000,5.91,89,36,223.3,380.4,48.6,96616,0.0,2.6801,0.0000,2.6801,OK
sirius,h2o,3gb,q6,gpu,100,18.0000,18.0000,6.51,98,44,249.5,367.7,60.6,96620,0.0,4.4904,0.0000,4.4904,OK
sirius,h2o,3gb,q7,gpu,77,63.0000,63.0000,11.03,163,109,202.0,242.9,29.1,96511,0.0,12.7275,0.0000,12.7275,OK
sirius,h2o,3gb,q9,gpu,100,42.0000,42.0000,9.29,141,87,282.2,356.4,69.9,96621,0.0,11.8513,0.0000,11.8513,OK
sirius,h2o,3gb,q10,gpu,3,1693.0000,1693.0000,17.26,266,131,140.7,170.4,8.8,96186,0.0,238.1915,0.0000,238.1915,OK
sirius,h2o,3gb,q1,cpu,100,10.0000,10.0000,5.98,90,20,223.7,292.3,73.7,96615,0.0,2.2370,0.0000,2.2370,OK
sirius,h2o,3gb,q2,cpu,100,10.0000,10.0000,6.60,99,48,194.6,414.8,32.9,96616,0.0,1.9458,0.0000,1.9458,OK
sirius,h2o,3gb,q3,cpu,53,84.0000,84.0000,11.13,168,114,184.5,224.6,23.0,96410,0.0,15.5000,0.0000,15.5000,OK
sirius,h2o,3gb,q4,cpu,100,17.0000,17.0000,6.41,97,45,205.2,283.2,60.6,96614,0.0,3.4892,0.0000,3.4892,OK
sirius,h2o,3gb,q5,cpu,100,12.0000,12.0000,5.98,90,37,226.2,381.0,47.0,96615,0.0,2.7147,0.0000,2.7147,OK
sirius,h2o,3gb,q6,cpu,100,18.0000,18.0000,6.50,98,45,251.3,368.3,60.1,96620,0.0,4.5227,0.0000,4.5227,OK
sirius,h2o,3gb,q7,cpu,74,62.0000,62.0000,10.57,160,106,205.6,252.2,31.8,96501,0.0,12.7502,0.0000,12.7502,OK
sirius,h2o,3gb,q9,cpu,100,42.0000,42.0000,9.40,142,87,279.5,354.6,69.9,96619,0.0,11.7372,0.0000,11.7372,OK
sirius,h2o,3gb,q10,cpu,3,1694.0000,1694.0000,16.20,249,170,135.8,168.4,7.4,96186,0.0,230.0181,0.0000,230.0181,OK
maximus,h2o,4gb,q1,gpu,100,15.5910,15.5910,4.18,61,47,290.3,355.3,98.7,48710,0.0,4.5255,0.0000,4.5255,OK
maximus,h2o,4gb,q2,gpu,100,13.0010,13.0010,3.96,57,41,349.5,454.4,98.0,48711,0.0,4.5441,0.0000,4.5441,OK
maximus,h2o,4gb,q3,gpu,88,57.3120,57.3120,7.57,112,98,338.4,372.9,86.4,48714,0.0,19.3950,0.0000,19.3950,OK
maximus,h2o,4gb,q4,gpu,100,15.9370,15.9370,4.21,61,47,296.6,361.7,98.7,48713,0.0,4.7268,0.0000,4.7268,OK
maximus,h2o,4gb,q5,gpu,100,9.5760,9.5760,3.58,51,38,357.3,495.8,98.5,48717,0.0,3.4219,0.0000,3.4219,OK
maximus,h2o,4gb,q6,gpu,16,326.5080,326.5080,7.05,103,88,433.1,496.4,99.6,48719,0.0,141.4206,0.0000,141.4206,OK
maximus,h2o,4gb,q7,gpu,100,41.7330,41.7330,6.97,99,86,347.5,391.1,86.7,48718,0.0,14.5024,0.0000,14.5024,OK
maximus,h2o,4gb,q9,gpu,100,44.3650,44.3650,7.23,108,93,432.6,491.4,98.6,48718,0.0,19.1943,0.0000,19.1943,OK
maximus,h2o,4gb,q10,gpu,9,562.1680,562.1680,7.04,105,90,281.3,353.7,59.6,48716,0.0,158.1549,0.0000,158.1549,OK
maximus,h2o,4gb,q1,cpu,34,148.9430,148.9430,54.05,842,836,122.2,202.0,1.4,48710,0.0,18.2062,0.0000,18.2062,OK
maximus,h2o,4gb,q2,cpu,21,237.6150,237.6150,37.25,580,574,122.0,126.2,1.3,48704,0.0,28.9952,0.0000,28.9952,OK
maximus,h2o,4gb,q3,cpu,15,349.7200,349.7200,29.96,466,459,126.3,133.5,3.0,48703,0.0,44.1628,0.0000,44.1628,OK
maximus,h2o,4gb,q4,cpu,23,222.0470,222.0470,39.96,623,617,121.3,136.4,1.4,48703,0.0,26.9241,0.0000,26.9241,OK
maximus,h2o,4gb,q5,cpu,24,214.9360,214.9360,41.37,645,639,121.9,125.7,1.1,48703,0.0,26.2094,0.0000,26.2094,OK
maximus,h2o,4gb,q6,cpu,11,491.9000,491.9000,24.69,380,373,170.7,239.2,14.5,48705,0.0,83.9911,0.0000,83.9911,OK
maximus,h2o,4gb,q7,cpu,18,288.7100,288.7100,33.77,525,520,126.5,240.0,2.6,48703,0.0,36.5093,0.0000,36.5093,OK
maximus,h2o,4gb,q9,cpu,84,60.0320,60.0320,117.39,1833,1826,132.6,139.0,4.4,48706,0.0,7.9628,0.0000,7.9628,OK
maximus,h2o,4gb,q10,cpu,4,1313.1730,1313.1730,15.59,240,233,143.7,222.2,8.3,48706,0.0,188.6606,0.0000,188.6606,OK
sirius,h2o,4gb,q1,gpu,100,14.0000,14.0000,6.47,97,45,184.8,296.1,46.0,96615,0.0,2.5874,0.0000,2.5874,OK
sirius,h2o,4gb,q2,gpu,100,13.0000,13.0000,7.41,113,59,203.7,431.5,34.9,96617,0.0,2.6477,0.0000,2.6477,OK
sirius,h2o,4gb,q3,gpu,49,92.0000,92.0000,11.59,175,119,193.6,254.8,25.7,96393,0.0,17.8101,0.0000,17.8101,OK
sirius,h2o,4gb,q4,gpu,100,22.0000,22.0000,7.23,110,55,214.6,287.9,63.7,96614,0.0,4.7213,0.0000,4.7213,OK
sirius,h2o,4gb,q5,gpu,100,16.0000,16.0000,6.51,98,45,241.4,391.7,52.2,96616,0.0,3.8625,0.0000,3.8625,OK
sirius,h2o,4gb,q6,gpu,100,25.0000,25.0000,7.40,112,57,263.2,363.9,65.6,96620,0.0,6.5811,0.0000,6.5811,OK
sirius,h2o,4gb,q7,gpu,66,76.0000,76.0000,11.40,169,114,207.8,261.8,31.5,96464,0.0,15.7952,0.0000,15.7952,OK
sirius,h2o,4gb,q9,gpu,91,55.0000,55.0000,10.40,157,103,285.3,360.8,70.9,96580,0.0,15.6931,0.0000,15.6931,OK
sirius,h2o,4gb,q10,gpu,3,2259.0000,2259.0000,20.56,317,231,136.3,186.2,7.3,96188,0.0,307.9504,0.0000,307.9504,OK
sirius,h2o,4gb,q1,cpu,100,14.0000,14.0000,6.55,99,44,185.7,297.4,44.8,96609,0.0,2.6003,0.0000,2.6003,OK
sirius,h2o,4gb,q2,cpu,100,13.0000,13.0000,7.40,112,59,202.5,426.2,34.0,96610,0.0,2.6327,0.0000,2.6327,OK
sirius,h2o,4gb,q3,cpu,46,92.0000,92.0000,11.22,168,114,192.8,257.2,25.7,96378,0.0,17.7367,0.0000,17.7367,OK
sirius,h2o,4gb,q4,cpu,100,22.0000,22.0000,7.29,109,54,214.6,286.3,64.1,96614,0.0,4.7215,0.0000,4.7215,OK
sirius,h2o,4gb,q5,cpu,100,16.0000,16.0000,6.50,97,45,239.5,388.8,52.1,96615,0.0,3.8323,0.0000,3.8323,OK
sirius,h2o,4gb,q6,cpu,100,25.0000,25.0000,7.35,111,56,267.3,367.4,65.3,96621,0.0,6.6828,0.0000,6.6828,OK
sirius,h2o,4gb,q7,cpu,66,71.0000,71.0000,11.37,169,114,206.4,264.9,31.5,96466,0.0,14.6543,0.0000,14.6543,OK
sirius,h2o,4gb,q9,cpu,91,55.0000,55.0000,10.31,155,76,341.1,362.7,93.3,96579,0.0,18.7607,0.0000,18.7607,OK
sirius,h2o,4gb,q10,cpu,3,2581.0000,2581.0000,21.32,329,236,135.4,186.1,6.9,96184,0.0,349.3471,0.0000,349.3471,OK
maximus,clickbench,10,q0,gpu,100,0.2800,0.2800,2.36,34,22,270.7,415.4,95.4,48711,0.0,0.0758,0.0000,0.0758,OK
maximus,clickbench,10,q1,gpu,100,0.4570,0.4570,2.44,35,22,269.9,414.1,95.0,48711,0.0,0.1233,0.0000,0.1233,OK
maximus,clickbench,10,q2,gpu,100,4.8290,4.8290,2.89,42,29,253.9,324.6,95.3,48710,0.0,1.2262,0.0000,1.2262,OK
maximus,clickbench,10,q3,gpu,100,2.9310,2.9310,2.65,38,24,258.1,360.3,96.2,48711,0.0,0.7566,0.0000,0.7566,OK
maximus,clickbench,10,q4,gpu,100,0.6740,0.6740,2.44,35,21,276.9,416.1,95.0,48712,0.0,0.1866,0.0000,0.1866,OK
maximus,clickbench,10,q5,gpu,100,1.2460,1.2460,2.52,37,24,275.3,402.5,93.4,48712,0.0,0.3431,0.0000,0.3431,OK
maximus,clickbench,10,q6,gpu,100,5.5660,5.5660,2.88,42,29,254.1,323.8,96.1,48712,0.0,1.4146,0.0000,1.4146,OK
maximus,clickbench,10,q7,gpu,100,0.4930,0.4930,2.43,34,21,263.9,417.5,94.9,48711,0.0,0.1301,0.0000,0.1301,OK
maximus,clickbench,10,q8,gpu,100,7.2570,7.2570,3.10,45,31,324.6,434.4,97.3,48712,0.0,2.3554,0.0000,2.3554,OK
maximus,clickbench,10,q9,gpu,100,7.5820,7.5820,3.13,45,32,327.5,431.3,96.2,48715,0.0,2.4828,0.0000,2.4828,OK
maximus,clickbench,10,q10,gpu,100,3.1250,3.1250,2.71,39,26,266.8,367.4,94.0,48718,0.0,0.8337,0.0000,0.8337,OK
maximus,clickbench,10,q11,gpu,100,3.7210,3.7210,2.76,40,27,263.4,358.2,94.3,48717,0.0,0.9802,0.0000,0.9802,OK
maximus,clickbench,10,q12,gpu,100,4.7790,4.7790,2.91,42,29,263.1,353.1,82.3,48715,0.0,1.2575,0.0000,1.2575,OK
maximus,clickbench,10,q13,gpu,100,21.4920,21.4920,4.55,68,54,258.4,287.5,90.5,48717,0.0,5.5540,0.0000,5.5540,OK
maximus,clickbench,10,q14,gpu,100,4.9560,4.9560,2.92,42,29,269.6,351.9,84.2,48712,0.0,1.3363,0.0000,1.3363,OK
maximus,clickbench,10,q15,gpu,100,1.0220,1.0220,2.44,35,23,281.2,428.1,94.9,48711,0.0,0.2874,0.0000,0.2874,OK
maximus,clickbench,10,q16,gpu,100,5.0690,5.0690,2.89,41,28,270.3,357.1,85.6,48711,0.0,1.3704,0.0000,1.3704,OK
maximus,clickbench,10,q17,gpu,100,5.1080,5.1080,2.88,41,27,274.1,357.0,85.0,48711,0.0,1.4003,0.0000,1.4003,OK
maximus,clickbench,10,q19,gpu,100,0.1770,0.1770,2.38,33,20,280.0,432.0,98.3,48712,0.0,0.0496,0.0000,0.0496,OK
maximus,clickbench,10,q20,gpu,65,77.7810,77.7810,7.10,107,93,438.3,483.0,99.2,48711,0.0,34.0881,0.0000,34.0881,OK
maximus,clickbench,10,q21,gpu,64,78.9830,78.9830,7.11,107,93,434.6,478.8,98.6,48713,0.0,34.3252,0.0000,34.3252,OK
maximus,clickbench,10,q22,gpu,62,81.0060,81.0060,7.07,107,93,410.5,451.0,97.6,48714,0.0,33.2503,0.0000,33.2503,OK
maximus,clickbench,10,q23,gpu,64,77.7210,77.7210,7.01,106,92,439.0,483.9,99.3,48709,0.0,34.1157,0.0000,34.1157,OK
maximus,clickbench,10,q24,gpu,100,5.2730,5.2730,2.98,43,31,269.4,348.3,79.0,48709,0.0,1.4204,0.0000,1.4204,OK
maximus,clickbench,10,q25,gpu,100,20.5790,20.5790,4.51,67,54,257.1,289.5,88.0,48709,0.0,5.2907,0.0000,5.2907,OK
maximus,clickbench,10,q26,gpu,100,9.4060,9.4060,3.39,50,37,260.4,317.3,83.2,48710,0.0,2.4497,0.0000,2.4497,OK
maximus,clickbench,10,q29,gpu,100,5.8380,5.8380,3.16,46,34,247.2,297.3,71.6,48712,0.0,1.4430,0.0000,1.4430,OK
maximus,clickbench,10,q30,gpu,100,2.7070,2.7070,2.65,38,24,284.3,401.2,95.3,48715,0.0,0.7697,0.0000,0.7697,OK
maximus,clickbench,10,q31,gpu,100,3.2570,3.2570,2.71,39,26,284.9,402.4,94.3,48715,0.0,0.9281,0.0000,0.9281,OK
maximus,clickbench,10,q32,gpu,100,24.8050,24.8050,4.86,70,56,294.1,333.3,72.6,48714,0.0,7.2944,0.0000,7.2944,OK
maximus,clickbench,10,q33,gpu,100,18.0070,18.0070,4.20,62,48,259.9,294.7,66.2,48712,0.0,4.6792,0.0000,4.6792,OK
maximus,clickbench,10,q34,gpu,100,17.7200,17.7200,4.17,61,48,260.2,296.9,66.7,48713,0.0,4.6103,0.0000,4.6103,OK
maximus,clickbench,10,q35,gpu,100,0.9030,0.9030,2.45,35,21,283.2,427.8,97.7,48711,0.0,0.2558,0.0000,0.2558,OK
maximus,clickbench,10,q36,gpu,100,1.2670,1.2670,2.50,35,23,282.7,422.6,96.3,48710,0.0,0.3582,0.0000,0.3582,OK
maximus,clickbench,10,q37,gpu,100,1.2640,1.2640,2.50,35,22,276.8,422.4,96.3,48712,0.0,0.3499,0.0000,0.3499,OK
maximus,clickbench,10,q38,gpu,100,0.8670,0.8670,2.46,35,23,282.8,425.6,94.5,48711,0.0,0.2452,0.0000,0.2452,OK
maximus,clickbench,10,q39,gpu,100,0.5890,0.5890,2.46,34,21,273.8,431.4,96.7,48715,0.0,0.1613,0.0000,0.1613,OK
maximus,clickbench,10,q40,gpu,100,0.9890,0.9890,2.48,35,22,278.0,424.9,96.0,48716,0.0,0.2749,0.0000,0.2749,OK
maximus,clickbench,10,q41,gpu,100,0.8710,0.8710,2.45,34,21,276.2,428.9,96.7,48715,0.0,0.2405,0.0000,0.2405,OK
maximus,clickbench,10,q0,cpu,3,,880.0367,2.64,40,3,265.5,288.6,17.0,48676,0.0,233.6145,0.0000,233.6145,FAIL
maximus,clickbench,10,q1,cpu,3,,884.2810,2.65,40,2,125.9,125.9,27.0,48677,0.0,111.3133,0.0000,111.3133,FAIL
maximus,clickbench,10,q2,cpu,3,,886.1921,2.66,40,3,125.5,125.5,15.0,48675,0.0,111.2171,0.0000,111.2171,FAIL
maximus,clickbench,10,q3,cpu,3,,883.3667,2.65,40,2,125.4,125.4,29.0,48676,0.0,110.7389,0.0000,110.7389,FAIL
maximus,clickbench,10,q4,cpu,3,,880.8373,2.64,40,40,122.3,124.6,0.8,48709,0.0,107.7103,0.0000,107.7103,FAIL
maximus,clickbench,10,q5,cpu,3,,886.7904,2.66,40,2,124.4,124.4,27.0,48675,0.0,110.2813,0.0000,110.2813,FAIL
maximus,clickbench,10,q6,cpu,3,,887.7751,2.66,40,2,124.0,124.0,29.0,48674,0.0,110.1063,0.0000,110.1063,FAIL
maximus,clickbench,10,q7,cpu,3,,885.1228,2.66,40,40,121.7,124.0,0.8,48707,0.0,107.6918,0.0000,107.6918,FAIL
maximus,clickbench,10,q8,cpu,3,,882.8239,2.65,40,40,121.6,123.9,0.8,48707,0.0,107.3103,0.0000,107.3103,FAIL
maximus,clickbench,10,q9,cpu,3,,885.2903,2.66,40,40,121.5,123.6,0.8,48706,0.0,107.5440,0.0000,107.5440,FAIL
maximus,clickbench,10,q10,cpu,3,,877.2039,2.63,40,40,121.3,123.6,1.0,48705,0.0,106.4075,0.0000,106.4075,FAIL
maximus,clickbench,10,q11,cpu,3,,890.6922,2.67,40,37,121.3,123.6,0.8,48707,0.0,108.0427,0.0000,108.0427,FAIL
maximus,clickbench,10,q12,cpu,3,,883.2965,2.65,40,3,123.4,123.4,15.7,48673,0.0,109.0135,0.0000,109.0135,FAIL
maximus,clickbench,10,q13,cpu,3,,885.1856,2.66,40,2,123.2,123.3,29.0,48674,0.0,109.0726,0.0000,109.0726,FAIL
maximus,clickbench,10,q14,cpu,3,,892.7650,2.68,40,40,120.9,123.3,0.8,48708,0.0,107.8936,0.0000,107.8936,FAIL
maximus,clickbench,10,q15,cpu,3,,893.0850,2.68,40,40,120.7,123.0,0.8,48708,0.0,107.8119,0.0000,107.8119,FAIL
maximus,clickbench,10,q16,cpu,3,,889.2004,2.67,40,3,122.9,122.9,14.3,48672,0.0,109.2798,0.0000,109.2798,FAIL
maximus,clickbench,10,q17,cpu,3,,892.5831,2.68,40,6,121.5,122.9,5.0,48671,0.0,108.4384,0.0000,108.4384,FAIL
maximus,clickbench,10,q19,cpu,3,,885.8276,2.66,40,2,122.9,122.9,30.0,48672,0.0,108.8904,0.0000,108.8904,FAIL
maximus,clickbench,10,q20,cpu,3,,894.8909,2.68,40,40,120.7,123.1,0.8,48704,0.0,108.0355,0.0000,108.0355,FAIL
maximus,clickbench,10,q21,cpu,3,,894.8999,2.68,40,40,120.7,123.0,0.8,48704,0.0,107.9780,0.0000,107.9780,FAIL
maximus,clickbench,10,q22,cpu,3,,889.5983,2.67,40,3,122.7,122.7,16.3,48670,0.0,109.1567,0.0000,109.1567,FAIL
maximus,clickbench,10,q23,cpu,3,,881.7469,2.65,40,40,120.6,122.8,0.8,48703,0.0,106.3689,0.0000,106.3689,FAIL
maximus,clickbench,10,q24,cpu,3,,887.0713,2.66,40,37,120.6,122.8,0.9,48702,0.0,107.0079,0.0000,107.0079,FAIL
maximus,clickbench,10,q25,cpu,3,,892.4407,2.68,40,3,122.8,122.8,15.0,48667,0.0,109.5828,0.0000,109.5828,FAIL
maximus,clickbench,10,q26,cpu,3,,888.4929,2.67,40,6,121.2,122.6,5.0,48668,0.0,107.7016,0.0000,107.7016,FAIL
maximus,clickbench,10,q29,cpu,3,,879.1067,2.64,40,2,122.8,122.8,30.0,48667,0.0,107.9675,0.0000,107.9675,FAIL
maximus,clickbench,10,q30,cpu,3,,889.5787,2.67,40,40,120.7,122.9,1.0,48701,0.0,107.4006,0.0000,107.4006,FAIL
maximus,clickbench,10,q31,cpu,3,,889.3203,2.67,40,6,121.6,123.0,5.0,48670,0.0,108.1206,0.0000,108.1206,FAIL
maximus,clickbench,10,q32,cpu,3,,892.0286,2.68,40,2,122.9,122.9,30.0,48670,0.0,109.5902,0.0000,109.5902,FAIL
maximus,clickbench,10,q33,cpu,3,,883.5627,2.65,40,37,120.7,122.9,0.8,48704,0.0,106.6374,0.0000,106.6374,FAIL
maximus,clickbench,10,q34,cpu,3,,889.3122,2.67,40,40,120.8,123.2,0.9,48704,0.0,107.4278,0.0000,107.4278,FAIL
maximus,clickbench,10,q35,cpu,3,,884.6378,2.65,40,2,122.9,122.9,29.0,48669,0.0,108.7131,0.0000,108.7131,FAIL
maximus,clickbench,10,q36,cpu,3,,893.7374,2.68,40,37,120.8,123.1,0.8,48702,0.0,107.9727,0.0000,107.9727,FAIL
maximus,clickbench,10,q37,cpu,3,,884.2957,2.65,40,40,120.6,122.8,0.8,48705,0.0,106.6379,0.0000,106.6379,FAIL
maximus,clickbench,10,q38,cpu,3,,886.7680,2.66,40,2,122.7,122.7,30.0,48669,0.0,108.7887,0.0000,108.7887,FAIL
maximus,clickbench,10,q39,cpu,3,,892.6669,2.68,40,2,122.8,122.8,28.0,48669,0.0,109.5883,0.0000,109.5883,FAIL
maximus,clickbench,10,q40,cpu,3,,887.8938,2.66,40,40,120.5,122.8,0.8,48704,0.0,107.0178,0.0000,107.0178,FAIL
maximus,clickbench,10,q41,cpu,3,,892.0512,2.68,40,3,122.6,122.6,13.7,48670,0.0,109.3447,0.0000,109.3447,FAIL
sirius,clickbench,10,q0,gpu,3,,1332.4467,4.00,59,47,120.5,124.2,1.7,96148,0.0,160.5148,0.0000,160.5148,OK
sirius,clickbench,10,q1,gpu,100,1.0000,1.0000,4.01,60,48,120.6,125.5,1.8,96593,0.0,0.1206,0.0000,0.1206,OK
sirius,clickbench,10,q2,gpu,100,1.0000,1.0000,4.23,63,50,120.6,126.1,1.7,96539,0.0,0.1206,0.0000,0.1206,OK
sirius,clickbench,10,q3,gpu,100,1.0000,1.0000,4.13,61,48,120.7,127.1,1.4,96436,0.0,0.1207,0.0000,0.1207,OK
sirius,clickbench,10,q4,gpu,100,1.0000,1.0000,4.22,63,9,127.3,135.5,14.9,96572,0.0,0.1273,0.0000,0.1273,OK
sirius,clickbench,10,q5,gpu,100,21.0000,21.0000,6.39,96,43,217.7,270.5,73.9,96616,0.0,4.5714,0.0000,4.5714,OK
sirius,clickbench,10,q6,gpu,100,1.0000,1.0000,4.23,63,50,121.1,126.2,1.8,96555,0.0,0.1211,0.0000,0.1211,OK
sirius,clickbench,10,q7,gpu,100,1.0000,1.0000,4.13,61,48,120.9,125.8,2.0,96575,0.0,0.1209,0.0000,0.1209,OK
sirius,clickbench,10,q8,gpu,100,8.0000,8.0000,5.07,75,21,211.6,340.5,51.4,96597,0.0,1.6928,0.0000,1.6928,OK
sirius,clickbench,10,q9,gpu,100,9.0000,9.0000,5.16,76,22,209.8,350.3,54.1,96598,0.0,1.8881,0.0000,1.8881,OK
sirius,clickbench,10,q10,gpu,100,4.0000,4.0000,4.63,69,16,127.4,132.9,27.5,96602,0.0,0.5096,0.0000,0.5096,OK
sirius,clickbench,10,q11,gpu,100,4.0000,4.0000,4.73,70,17,127.6,132.5,28.1,96586,0.0,0.5104,0.0000,0.5104,OK
sirius,clickbench,10,q12,gpu,100,3.0000,3.0000,4.73,70,14,135.5,164.6,24.2,96573,0.0,0.4066,0.0000,0.4066,OK
sirius,clickbench,10,q13,gpu,100,19.0000,19.0000,6.43,97,42,187.1,223.2,71.7,96619,0.0,3.5540,0.0000,3.5540,OK
sirius,clickbench,10,q14,gpu,100,4.0000,4.0000,4.59,68,15,136.2,166.1,24.8,96573,0.0,0.5449,0.0000,0.5449,OK
sirius,clickbench,10,q15,gpu,100,2.0000,2.0000,4.25,63,50,122.8,146.3,3.8,96539,0.0,0.2455,0.0000,0.2455,OK
sirius,clickbench,10,q16,gpu,100,5.0000,5.0000,4.85,72,17,147.1,194.0,34.6,96602,0.0,0.7356,0.0000,0.7356,OK
sirius,clickbench,10,q17,gpu,100,3.0000,3.0000,4.64,69,16,142.3,175.7,27.6,96610,0.0,0.4268,0.0000,0.4268,OK
sirius,clickbench,10,q19,gpu,100,,41.7347,4.17,62,49,121.3,127.2,1.8,96561,0.0,5.0632,0.0000,5.0632,OK
sirius,clickbench,10,q20,gpu,100,4.0000,4.0000,4.97,74,20,147.7,223.4,27.6,96583,0.0,0.5906,0.0000,0.5906,OK
sirius,clickbench,10,q21,gpu,100,6.0000,6.0000,5.24,79,26,152.0,230.8,29.6,96615,0.0,0.9117,0.0000,0.9117,OK
sirius,clickbench,10,q22,gpu,100,15.0000,15.0000,6.81,103,50,174.0,261.0,38.1,96620,0.0,2.6098,0.0000,2.6098,OK
sirius,clickbench,10,q23,gpu,100,6.0000,6.0000,5.88,89,34,144.9,226.5,21.9,96617,0.0,0.8692,0.0000,0.8692,OK
sirius,clickbench,10,q24,gpu,100,2.0000,2.0000,4.86,66,52,121.9,133.7,1.8,96757,0.0,0.2438,0.0000,0.2438,OK
sirius,clickbench,10,q25,gpu,100,17.0000,17.0000,6.10,92,37,184.3,225.0,73.2,96603,0.0,3.1327,0.0000,3.1327,OK
sirius,clickbench,10,q26,gpu,100,6.0000,6.0000,5.04,75,21,142.1,171.8,47.0,96596,0.0,0.8527,0.0000,0.8527,OK
sirius,clickbench,10,q29,gpu,100,32.0000,32.0000,7.46,113,60,120.5,125.1,19.0,96608,0.0,3.8561,0.0000,3.8561,OK
sirius,clickbench,10,q30,gpu,100,2.0000,2.0000,4.59,69,14,128.1,137.2,13.4,96619,0.0,0.2561,0.0000,0.2561,OK
sirius,clickbench,10,q31,gpu,100,3.0000,3.0000,4.66,69,15,129.2,140.0,14.2,96572,0.0,0.3877,0.0000,0.3877,OK
sirius,clickbench,10,q32,gpu,100,6.0000,6.0000,4.88,72,18,172.5,257.5,44.8,96595,0.0,1.0347,0.0000,1.0347,OK
sirius,clickbench,10,q33,gpu,100,8.0000,8.0000,5.43,81,27,177.3,293.0,39.6,96601,0.0,1.4184,0.0000,1.4184,OK
sirius,clickbench,10,q34,gpu,100,9.0000,9.0000,5.45,81,27,178.7,300.1,43.7,96612,0.0,1.6081,0.0000,1.6081,OK
sirius,clickbench,10,q35,gpu,100,3.0000,3.0000,4.46,66,12,137.3,164.3,25.7,96562,0.0,0.4118,0.0000,0.4118,OK
sirius,clickbench,10,q36,gpu,100,3.0000,3.0000,4.78,72,20,128.6,140.0,15.6,96617,0.0,0.3858,0.0000,0.3858,OK
sirius,clickbench,10,q37,gpu,100,2.0000,2.0000,4.97,74,20,124.9,129.8,10.7,96606,0.0,0.2498,0.0000,0.2498,OK
sirius,clickbench,10,q38,gpu,100,2.0000,2.0000,4.78,71,58,121.1,125.6,2.4,96565,0.0,0.2422,0.0000,0.2422,OK
sirius,clickbench,10,q39,gpu,100,6.0000,6.0000,5.62,84,32,133.9,172.1,17.1,96609,0.0,0.8032,0.0000,0.8032,OK
sirius,clickbench,10,q40,gpu,100,2.0000,2.0000,4.44,66,54,121.3,126.6,2.5,96580,0.0,0.2426,0.0000,0.2426,OK
sirius,clickbench,10,q41,gpu,100,1.0000,1.0000,4.39,66,53,120.8,126.4,2.4,96614,0.0,0.1208,0.0000,0.1208,OK
sirius,clickbench,10,q0,cpu,3,,1369.5681,4.11,61,47,120.2,124.0,1.7,96148,0.0,164.6466,0.0000,164.6466,OK
sirius,clickbench,10,q1,cpu,100,1.0000,1.0000,4.22,63,49,120.4,125.1,1.7,96545,0.0,0.1204,0.0000,0.1204,OK
sirius,clickbench,10,q2,cpu,100,1.0000,1.0000,4.13,61,61,120.9,125.8,0.7,96565,0.0,0.1209,0.0000,0.1209,OK
sirius,clickbench,10,q3,cpu,100,1.0000,1.0000,4.12,61,49,120.5,126.8,2.0,96475,0.0,0.1205,0.0000,0.1205,OK
sirius,clickbench,10,q4,cpu,100,1.0000,1.0000,4.22,62,50,121.1,134.7,2.2,96461,0.0,0.1211,0.0000,0.1211,OK
sirius,clickbench,10,q5,cpu,100,21.0000,21.0000,6.48,97,42,217.6,271.1,73.9,96605,0.0,4.5698,0.0000,4.5698,OK
sirius,clickbench,10,q6,cpu,100,1.0000,1.0000,4.33,64,52,120.9,126.2,1.8,96547,0.0,0.1209,0.0000,0.1209,OK
sirius,clickbench,10,q7,cpu,100,1.0000,1.0000,4.24,63,50,120.6,124.8,2.2,96538,0.0,0.1206,0.0000,0.1206,OK
sirius,clickbench,10,q8,cpu,100,8.0000,8.0000,4.96,75,21,208.5,337.9,56.9,96618,0.0,1.6684,0.0000,1.6684,OK
sirius,clickbench,10,q9,cpu,100,9.0000,9.0000,5.07,75,23,212.6,338.8,53.4,96598,0.0,1.9135,0.0000,1.9135,OK
sirius,clickbench,10,q10,cpu,100,4.0000,4.0000,4.58,69,16,127.6,133.3,27.1,96618,0.0,0.5104,0.0000,0.5104,OK
sirius,clickbench,10,q11,cpu,100,4.0000,4.0000,4.63,69,17,127.0,132.2,29.8,96608,0.0,0.5082,0.0000,0.5082,OK
sirius,clickbench,10,q12,cpu,100,3.0000,3.0000,4.59,68,15,136.9,163.8,24.0,96570,0.0,0.4106,0.0000,0.4106,OK
sirius,clickbench,10,q13,cpu,100,19.0000,19.0000,6.31,95,43,187.2,224.0,70.3,96618,0.0,3.5565,0.0000,3.5565,OK
sirius,clickbench,10,q14,cpu,100,4.0000,4.0000,4.68,70,16,138.7,165.6,22.7,96608,0.0,0.5550,0.0000,0.5550,OK
sirius,clickbench,10,q15,cpu,100,2.0000,2.0000,4.34,64,11,131.4,145.6,17.1,96531,0.0,0.2628,0.0000,0.2628,OK
sirius,clickbench,10,q16,cpu,100,5.0000,5.0000,4.76,71,18,150.2,195.2,32.2,96611,0.0,0.7509,0.0000,0.7509,OK
sirius,clickbench,10,q17,cpu,100,3.0000,3.0000,4.66,69,15,138.8,174.8,28.2,96596,0.0,0.4163,0.0000,0.4163,OK
sirius,clickbench,10,q19,cpu,100,,42.3772,4.24,63,50,120.8,125.9,1.9,96572,0.0,5.1184,0.0000,5.1184,OK
sirius,clickbench,10,q20,cpu,100,4.0000,4.0000,4.96,74,20,147.2,222.7,28.9,96584,0.0,0.5889,0.0000,0.5889,OK
sirius,clickbench,10,q21,cpu,100,6.0000,6.0000,5.40,81,26,150.9,231.0,28.4,96614,0.0,0.9053,0.0000,0.9053,OK
sirius,clickbench,10,q22,cpu,100,15.0000,15.0000,6.89,104,49,172.8,260.1,39.3,96618,0.0,2.5921,0.0000,2.5921,OK
sirius,clickbench,10,q23,cpu,100,7.0000,7.0000,5.84,87,35,145.9,224.8,20.6,96615,0.0,1.0211,0.0000,1.0211,OK
sirius,clickbench,10,q24,cpu,100,2.0000,2.0000,4.60,66,52,121.5,133.6,2.2,96755,0.0,0.2430,0.0000,0.2430,OK
sirius,clickbench,10,q25,cpu,100,17.0000,17.0000,6.04,91,36,186.4,224.8,74.4,96604,0.0,3.1684,0.0000,3.1684,OK
sirius,clickbench,10,q26,cpu,100,6.0000,6.0000,4.95,73,19,142.1,172.1,49.2,96594,0.0,0.8524,0.0000,0.8524,OK
sirius,clickbench,10,q29,cpu,100,33.0000,33.0000,7.62,116,62,120.1,124.5,18.7,96613,0.0,3.9622,0.0000,3.9622,OK
sirius,clickbench,10,q30,cpu,100,2.0000,2.0000,4.46,66,13,127.5,137.0,12.5,96549,0.0,0.2549,0.0000,0.2549,OK
sirius,clickbench,10,q31,cpu,100,3.0000,3.0000,4.60,68,14,128.5,140.2,13.9,96584,0.0,0.3855,0.0000,0.3855,OK
sirius,clickbench,10,q32,cpu,100,6.0000,6.0000,4.74,70,18,176.2,261.9,44.5,96613,0.0,1.0571,0.0000,1.0571,OK
sirius,clickbench,10,q33,cpu,100,8.0000,8.0000,5.51,83,28,180.5,294.4,41.7,96617,0.0,1.4440,0.0000,1.4440,OK
sirius,clickbench,10,q34,cpu,100,9.0000,9.0000,5.39,81,29,184.6,305.3,41.0,96616,0.0,1.6611,0.0000,1.6611,OK
sirius,clickbench,10,q35,cpu,100,3.0000,3.0000,4.63,69,7,150.2,165.1,39.6,96618,0.0,0.4507,0.0000,0.4507,OK
sirius,clickbench,10,q36,cpu,100,3.0000,3.0000,4.95,74,19,128.2,141.0,14.5,96617,0.0,0.3847,0.0000,0.3847,OK
sirius,clickbench,10,q37,cpu,100,2.0000,2.0000,4.85,73,20,125.8,131.5,11.2,96617,0.0,0.2515,0.0000,0.2515,OK
sirius,clickbench,10,q38,cpu,100,2.0000,2.0000,4.78,71,18,124.3,126.0,7.7,96580,0.0,0.2486,0.0000,0.2486,OK
sirius,clickbench,10,q39,cpu,100,6.0000,6.0000,5.72,86,31,133.2,170.9,18.1,96618,0.0,0.7991,0.0000,0.7991,OK
sirius,clickbench,10,q40,cpu,100,2.0000,2.0000,4.39,65,13,125.4,126.8,10.1,96564,0.0,0.2509,0.0000,0.2509,OK
sirius,clickbench,10,q41,cpu,100,1.0000,1.0000,4.35,65,52,121.0,126.2,2.3,96517,0.0,0.1210,0.0000,0.1210,OK
