run_id,sf,query,time_offset_ms,power_w,gpu_util_pct,mem_used_mb,cpu_pkg_power_w,cpu_dram_power_w
h2o_sf1gb_q1,1gb,q1,30,21.43,5.0,15.0,108.4,1.9
h2o_sf1gb_q1,1gb,q1,155,21.04,0.0,16.0,100.3,1.8
h2o_sf1gb_q1,1gb,q1,268,18.1,0.0,33.0,101.1,1.8
h2o_sf1gb_q1,1gb,q1,348,16.95,0.0,3395.0,102.8,1.8
h2o_sf1gb_q1,1gb,q1,426,16.97,0.0,3395.0,105.3,1.8
h2o_sf1gb_q1,1gb,q1,504,16.67,0.0,3395.0,104.3,1.8
h2o_sf1gb_q1,1gb,q1,582,16.67,0.0,3395.0,104.1,1.8
h2o_sf1gb_q1,1gb,q1,659,16.62,0.0,3395.0,105.9,1.8
h2o_sf1gb_q1,1gb,q1,737,16.58,0.0,3395.0,107.0,1.8
h2o_sf1gb_q1,1gb,q1,814,16.59,0.0,3395.0,104.0,1.8
h2o_sf1gb_q1,1gb,q1,892,16.59,0.0,3395.0,105.8,1.9
h2o_sf1gb_q1,1gb,q1,969,16.36,0.0,3395.0,106.5,1.8
h2o_sf1gb_q1,1gb,q1,1046,16.45,0.0,3395.0,105.3,1.8
h2o_sf1gb_q1,1gb,q1,1124,16.29,0.0,3395.0,106.2,1.8
h2o_sf1gb_q1,1gb,q1,1204,16.29,0.0,3395.0,105.4,1.8
h2o_sf1gb_q1,1gb,q1,1317,15.94,0.0,3403.0,104.1,2.0
h2o_sf1gb_q1,1gb,q1,1435,16.06,0.0,3452.0,100.9,1.8
h2o_sf1gb_q1,1gb,q1,1518,16.14,0.0,3703.0,101.7,1.9
h2o_sf1gb_q1,1gb,q1,1624,16.39,6.0,3645.0,99.9,1.8
h2o_sf1gb_q1,1gb,q1,1704,16.45,6.0,3437.0,105.5,1.8
h2o_sf1gb_q1,1gb,q1,1783,16.45,6.0,3437.0,105.6,1.8
h2o_sf1gb_q1,1gb,q1,1861,16.52,6.0,3437.0,105.3,1.8
h2o_sf1gb_q1,1gb,q1,1963,16.53,6.0,3437.0,103.7,1.8
h2o_sf1gb_q1,1gb,q1,2058,16.47,6.0,3437.0,99.5,1.8
h2o_sf1gb_q1,1gb,q1,2138,16.49,0.0,3437.0,103.3,1.9
h2o_sf1gb_q1,1gb,q1,2245,16.83,0.0,3441.0,111.9,1.8
h2o_sf1gb_q1,1gb,q1,2381,17.84,0.0,3441.0,109.3,1.8
h2o_sf1gb_q1,1gb,q1,2625,20.67,0.0,3441.0,107.3,1.8
h2o_sf1gb_q1,1gb,q1,2765,23.41,0.0,3447.0,106.3,1.8
h2o_sf1gb_q1,1gb,q1,2930,24.16,0.0,3447.0,105.8,1.8
h2o_sf1gb_q1,1gb,q1,3093,27.2,0.0,3447.0,106.1,1.8
h2o_sf1gb_q1,1gb,q1,3256,28.75,100.0,3447.0,105.7,1.8
h2o_sf1gb_q1,1gb,q1,3419,31.61,100.0,3447.0,108.8,1.8
h2o_sf1gb_q1,1gb,q1,3604,32.11,100.0,3447.0,105.3,1.8
h2o_sf1gb_q1,1gb,q1,3808,32.1,100.0,3447.0,107.5,1.8
h2o_sf1gb_q1,1gb,q1,3984,32.7,100.0,3447.0,106.6,1.8
h2o_sf1gb_q1,1gb,q1,4147,32.69,100.0,3447.0,104.9,1.8
h2o_sf1gb_q1,1gb,q1,4314,32.61,100.0,3447.0,107.1,1.8
h2o_sf1gb_q1,1gb,q1,4473,32.57,100.0,3447.0,105.8,1.8
h2o_sf1gb_q1,1gb,q1,4676,32.56,100.0,3447.0,106.2,1.8
h2o_sf1gb_q1,1gb,q1,4869,32.55,100.0,3447.0,106.1,1.8
h2o_sf1gb_q1,1gb,q1,5046,32.54,100.0,3447.0,105.1,1.8
h2o_sf1gb_q1,1gb,q1,5206,32.52,100.0,3447.0,104.4,1.8
h2o_sf1gb_q1,1gb,q1,5370,32.53,100.0,3447.0,105.3,1.8
h2o_sf1gb_q1,1gb,q1,5530,32.52,100.0,3447.0,103.6,1.8
h2o_sf1gb_q1,1gb,q1,5702,32.53,100.0,3447.0,105.5,1.8
h2o_sf1gb_q1,1gb,q1,5869,32.52,100.0,3447.0,104.6,1.8
h2o_sf1gb_q1,1gb,q1,6022,32.53,100.0,3447.0,105.3,1.8
h2o_sf1gb_q1,1gb,q1,6194,32.52,100.0,3447.0,104.9,1.8
h2o_sf1gb_q1,1gb,q1,6344,32.48,100.0,3447.0,105.0,1.8
h2o_sf1gb_q1,1gb,q1,6517,32.47,100.0,3447.0,104.3,1.8
h2o_sf1gb_q1,1gb,q1,6676,32.45,100.0,3447.0,105.6,1.8
h2o_sf1gb_q1,1gb,q1,6837,32.43,100.0,3447.0,104.6,1.8
h2o_sf1gb_q1,1gb,q1,6995,32.48,100.0,3447.0,105.2,1.8
h2o_sf1gb_q1,1gb,q1,7189,32.5,100.0,3447.0,106.5,1.8
h2o_sf1gb_q1,1gb,q1,7383,32.55,100.0,3447.0,105.6,1.8
h2o_sf1gb_q1,1gb,q1,7569,32.59,100.0,3447.0,104.4,1.8
h2o_sf1gb_q1,1gb,q1,7726,32.58,100.0,3447.0,106.3,1.8
h2o_sf1gb_q1,1gb,q1,7895,32.6,100.0,3447.0,105.4,1.8
h2o_sf1gb_q1,1gb,q1,8060,32.59,100.0,3447.0,105.8,1.8
h2o_sf1gb_q1,1gb,q1,8219,32.61,100.0,3447.0,105.5,1.8
h2o_sf1gb_q1,1gb,q1,8387,32.6,100.0,3447.0,106.2,1.8
h2o_sf1gb_q1,1gb,q1,8540,32.6,100.0,3447.0,105.5,1.8
h2o_sf1gb_q1,1gb,q1,8705,32.61,100.0,3447.0,106.0,1.8
h2o_sf1gb_q1,1gb,q1,8864,32.63,100.0,3447.0,104.8,1.8
h2o_sf1gb_q1,1gb,q1,9037,32.65,100.0,3447.0,104.4,1.8
h2o_sf1gb_q1,1gb,q1,9203,32.63,100.0,3447.0,104.7,1.8
h2o_sf1gb_q1,1gb,q1,9353,32.61,100.0,3447.0,103.7,1.8
h2o_sf1gb_q1,1gb,q1,9517,32.61,100.0,3447.0,105.6,1.8
h2o_sf1gb_q1,1gb,q1,9680,32.59,100.0,3447.0,105.3,1.8
h2o_sf1gb_q1,1gb,q1,9843,32.59,100.0,3447.0,105.7,1.8
h2o_sf1gb_q1,1gb,q1,10010,32.6,100.0,3447.0,104.3,1.8
h2o_sf1gb_q1,1gb,q1,10173,32.58,100.0,3447.0,104.2,1.8
h2o_sf1gb_q1,1gb,q1,10337,32.58,100.0,3447.0,104.9,1.8
h2o_sf1gb_q1,1gb,q1,10488,32.58,100.0,3447.0,105.7,1.8
h2o_sf1gb_q1,1gb,q1,10675,32.57,100.0,3447.0,105.9,1.8
h2o_sf1gb_q1,1gb,q1,10852,32.55,100.0,3447.0,104.2,1.8
h2o_sf1gb_q1,1gb,q1,11049,32.51,100.0,3447.0,103.3,1.8
h2o_sf1gb_q1,1gb,q1,11225,32.48,100.0,3447.0,104.4,1.8
h2o_sf1gb_q1,1gb,q1,11408,32.48,100.0,3447.0,103.5,1.8
h2o_sf1gb_q1,1gb,q1,11613,32.47,100.0,3447.0,103.0,1.8
h2o_sf1gb_q1,1gb,q1,11785,32.44,100.0,3447.0,105.7,1.8
h2o_sf1gb_q1,1gb,q1,11949,32.45,100.0,3447.0,102.9,1.8
h2o_sf1gb_q1,1gb,q1,12114,32.47,100.0,3447.0,103.2,1.8
h2o_sf1gb_q1,1gb,q1,12279,32.48,100.0,3447.0,104.2,1.8
h2o_sf1gb_q1,1gb,q1,12440,32.48,100.0,3447.0,103.9,1.8
h2o_sf1gb_q1,1gb,q1,12614,32.51,100.0,3447.0,103.2,1.8
h2o_sf1gb_q1,1gb,q1,12765,32.53,100.0,3447.0,105.2,1.8
h2o_sf1gb_q1,1gb,q1,12939,32.54,100.0,3447.0,104.4,1.8
h2o_sf1gb_q1,1gb,q1,13089,32.56,100.0,3447.0,104.6,1.8
h2o_sf1gb_q1,1gb,q1,13254,32.56,100.0,3447.0,104.7,1.8
h2o_sf1gb_q1,1gb,q1,13414,32.56,100.0,3447.0,104.6,1.8
h2o_sf1gb_q1,1gb,q1,13579,32.56,100.0,3447.0,104.4,1.8
h2o_sf1gb_q1,1gb,q1,13739,32.56,100.0,3447.0,103.7,1.8
h2o_sf1gb_q1,1gb,q1,13904,32.59,100.0,3447.0,105.3,1.8
h2o_sf1gb_q1,1gb,q1,14070,32.6,100.0,3447.0,105.1,1.8
h2o_sf1gb_q1,1gb,q1,14243,32.6,100.0,3447.0,105.5,1.8
h2o_sf1gb_q1,1gb,q1,14422,32.63,100.0,3447.0,106.7,1.8
h2o_sf1gb_q1,1gb,q1,14624,32.65,100.0,3447.0,105.3,1.8
h2o_sf1gb_q1,1gb,q1,14794,32.66,100.0,3447.0,106.9,1.8
h2o_sf1gb_q1,1gb,q1,14958,32.67,100.0,3447.0,105.1,1.8
h2o_sf1gb_q1,1gb,q1,15139,32.67,100.0,3447.0,106.3,1.8
h2o_sf1gb_q1,1gb,q1,15313,32.69,100.0,3447.0,106.8,1.8
h2o_sf1gb_q1,1gb,q1,15517,32.67,100.0,3447.0,106.0,1.8
h2o_sf1gb_q1,1gb,q1,15688,32.68,100.0,3447.0,106.0,1.8
h2o_sf1gb_q1,1gb,q1,15856,32.67,100.0,3447.0,106.6,1.8
h2o_sf1gb_q1,1gb,q1,16014,32.67,100.0,3447.0,104.4,1.8
h2o_sf1gb_q1,1gb,q1,16202,32.69,100.0,3447.0,104.8,1.8
h2o_sf1gb_q1,1gb,q1,16403,32.73,100.0,3447.0,105.4,1.8
h2o_sf1gb_q1,1gb,q1,16579,32.74,100.0,3447.0,105.1,1.8
h2o_sf1gb_q1,1gb,q1,16755,32.74,100.0,3447.0,106.0,1.8
h2o_sf1gb_q1,1gb,q1,16933,32.74,100.0,3447.0,104.9,1.8
h2o_sf1gb_q1,1gb,q1,17120,32.74,100.0,3447.0,103.9,1.8
h2o_sf1gb_q1,1gb,q1,17312,32.72,100.0,3447.0,105.2,1.8
h2o_sf1gb_q1,1gb,q1,17480,32.71,100.0,3447.0,105.2,1.8
h2o_sf1gb_q1,1gb,q1,17681,32.7,100.0,3447.0,107.8,1.8
h2o_sf1gb_q1,1gb,q1,17867,32.72,100.0,3447.0,106.4,1.8
h2o_sf1gb_q1,1gb,q1,18044,32.72,100.0,3447.0,105.1,1.8
h2o_sf1gb_q1,1gb,q1,18211,32.72,100.0,3447.0,105.5,1.8
h2o_sf1gb_q1,1gb,q1,18377,32.73,100.0,3447.0,105.9,1.8
h2o_sf1gb_q1,1gb,q1,18545,32.7,100.0,3447.0,106.0,1.8
h2o_sf1gb_q1,1gb,q1,18744,32.65,100.0,3447.0,106.5,1.8
h2o_sf1gb_q1,1gb,q1,18938,32.61,100.0,3447.0,106.6,1.8
h2o_sf1gb_q1,1gb,q1,19111,32.56,100.0,3447.0,105.1,1.8
h2o_sf1gb_q1,1gb,q1,19269,32.53,100.0,3447.0,105.8,1.8
h2o_sf1gb_q1,1gb,q1,19440,32.51,100.0,3447.0,104.5,1.8
h2o_sf1gb_q1,1gb,q1,19592,32.49,100.0,3447.0,104.4,1.8
h2o_sf1gb_q1,1gb,q1,19760,32.49,100.0,3447.0,105.5,1.8
h2o_sf1gb_q1,1gb,q1,19917,32.5,100.0,3447.0,106.3,1.8
h2o_sf1gb_q1,1gb,q1,20085,32.48,100.0,3447.0,104.1,1.8
h2o_sf1gb_q1,1gb,q1,20252,32.48,100.0,3447.0,105.5,1.8
h2o_sf1gb_q1,1gb,q1,20434,32.49,100.0,3447.0,105.3,1.8
h2o_sf1gb_q1,1gb,q1,20641,32.47,100.0,3447.0,104.7,1.8
h2o_sf1gb_q1,1gb,q1,20815,32.48,100.0,3447.0,105.6,1.8
h2o_sf1gb_q1,1gb,q1,20974,32.46,100.0,3447.0,105.9,1.8
h2o_sf1gb_q1,1gb,q1,21136,32.46,100.0,3447.0,106.0,1.8
h2o_sf1gb_q1,1gb,q1,21299,32.5,100.0,3447.0,105.4,1.8
h2o_sf1gb_q1,1gb,q1,21471,32.52,100.0,3447.0,104.4,1.8
h2o_sf1gb_q1,1gb,q1,21635,32.53,100.0,3447.0,105.4,1.8
h2o_sf1gb_q1,1gb,q1,21796,32.52,100.0,3447.0,106.2,1.8
h2o_sf1gb_q1,1gb,q1,21961,32.51,100.0,3447.0,105.1,1.8
h2o_sf1gb_q1,1gb,q1,22112,32.53,100.0,3447.0,105.8,1.8
h2o_sf1gb_q1,1gb,q1,22277,32.51,100.0,3447.0,106.3,1.8
h2o_sf1gb_q1,1gb,q1,22436,32.51,100.0,3447.0,104.8,1.8
h2o_sf1gb_q1,1gb,q1,22605,32.49,100.0,3447.0,104.8,1.8
h2o_sf1gb_q1,1gb,q1,22767,32.5,100.0,3447.0,106.5,1.8
h2o_sf1gb_q1,1gb,q1,22930,32.51,100.0,3447.0,105.0,1.8
h2o_sf1gb_q1,1gb,q1,23099,32.52,100.0,3447.0,105.7,1.8
h2o_sf1gb_q1,1gb,q1,23250,32.52,100.0,3447.0,104.7,1.8
h2o_sf1gb_q1,1gb,q1,23417,32.52,100.0,3447.0,106.7,1.8
h2o_sf1gb_q1,1gb,q1,23578,32.53,100.0,3447.0,104.1,1.8
h2o_sf1gb_q1,1gb,q1,23747,32.51,100.0,3447.0,105.9,1.8
h2o_sf1gb_q1,1gb,q1,23899,32.52,100.0,3447.0,105.5,1.8
h2o_sf1gb_q1,1gb,q1,24060,32.54,100.0,3447.0,104.2,1.8
h2o_sf1gb_q1,1gb,q1,24256,32.54,100.0,3447.0,105.1,1.8
h2o_sf1gb_q1,1gb,q1,24459,32.58,100.0,3447.0,105.3,1.8
h2o_sf1gb_q1,1gb,q1,24631,32.59,100.0,3447.0,104.9,1.8
h2o_sf1gb_q1,1gb,q1,24792,32.62,100.0,3447.0,104.7,1.8
h2o_sf1gb_q1,1gb,q1,24960,32.63,100.0,3447.0,108.2,1.8
h2o_sf1gb_q1,1gb,q1,25118,32.64,100.0,3447.0,103.3,1.8
h2o_sf1gb_q1,1gb,q1,25286,32.64,100.0,3447.0,105.2,1.8
h2o_sf1gb_q1,1gb,q1,25443,32.62,100.0,3447.0,104.5,1.8
h2o_sf1gb_q1,1gb,q1,25605,32.61,100.0,3447.0,102.8,1.8
h2o_sf1gb_q1,1gb,q1,25788,32.6,100.0,3447.0,105.5,1.8
h2o_sf1gb_q1,1gb,q1,25960,32.6,100.0,3447.0,104.3,1.8
h2o_sf1gb_q1,1gb,q1,26154,32.6,100.0,3447.0,103.3,1.8
h2o_sf1gb_q1,1gb,q1,26336,32.59,100.0,3447.0,104.4,1.8
h2o_sf1gb_q1,1gb,q1,26503,32.6,100.0,3447.0,102.9,1.8
h2o_sf1gb_q1,1gb,q1,26707,32.6,100.0,3447.0,105.1,1.8
h2o_sf1gb_q1,1gb,q1,26902,32.6,100.0,3447.0,103.8,1.8
h2o_sf1gb_q1,1gb,q1,27069,32.59,100.0,3447.0,104.4,1.8
h2o_sf1gb_q1,1gb,q1,27241,32.55,100.0,3447.0,104.3,1.8
h2o_sf1gb_q1,1gb,q1,27400,32.53,100.0,3447.0,103.5,1.8
h2o_sf1gb_q1,1gb,q1,27596,32.47,100.0,3447.0,103.4,1.8
h2o_sf1gb_q1,1gb,q1,27793,32.44,100.0,3447.0,104.9,1.8
h2o_sf1gb_q1,1gb,q1,27963,32.41,100.0,3447.0,103.7,1.8
h2o_sf1gb_q1,1gb,q1,28125,32.39,100.0,3447.0,105.5,1.8
h2o_sf1gb_q1,1gb,q1,28313,32.4,100.0,3447.0,105.5,1.8
h2o_sf1gb_q1,1gb,q1,28510,32.4,100.0,3447.0,105.0,1.8
h2o_sf1gb_q1,1gb,q1,28693,32.41,100.0,3447.0,104.6,1.8
h2o_sf1gb_q1,1gb,q1,28857,32.43,100.0,3447.0,106.1,1.8
h2o_sf1gb_q1,1gb,q1,29021,32.43,100.0,3447.0,103.7,1.8
h2o_sf1gb_q1,1gb,q1,29182,32.46,100.0,3447.0,106.8,1.8
h2o_sf1gb_q1,1gb,q1,29344,32.47,100.0,3447.0,104.8,1.8
h2o_sf1gb_q1,1gb,q1,29505,32.47,100.0,3447.0,104.8,1.8
h2o_sf1gb_q1,1gb,q1,29672,32.47,100.0,3447.0,106.1,1.8
h2o_sf1gb_q1,1gb,q1,29835,32.45,100.0,3447.0,105.5,1.8
h2o_sf1gb_q1,1gb,q1,29993,32.47,100.0,3447.0,105.3,1.8
h2o_sf1gb_q1,1gb,q1,30157,32.47,100.0,3447.0,105.4,1.8
h2o_sf1gb_q1,1gb,q1,30319,32.48,100.0,3447.0,105.9,1.8
h2o_sf1gb_q1,1gb,q1,30483,32.49,100.0,3447.0,104.9,1.8
h2o_sf1gb_q1,1gb,q1,30663,32.51,100.0,3447.0,105.5,1.8
h2o_sf1gb_q1,1gb,q1,30832,32.52,100.0,3447.0,105.8,1.8
h2o_sf1gb_q1,1gb,q1,31035,32.55,100.0,3447.0,105.2,1.8
h2o_sf1gb_q1,1gb,q1,31213,32.56,100.0,3447.0,106.0,1.8
h2o_sf1gb_q1,1gb,q1,31377,32.56,100.0,3447.0,104.5,1.8
h2o_sf1gb_q1,1gb,q1,31538,32.56,100.0,3447.0,105.5,1.8
h2o_sf1gb_q1,1gb,q1,31712,32.56,100.0,3447.0,105.9,1.8
h2o_sf1gb_q1,1gb,q1,31863,32.56,100.0,3447.0,105.3,1.8
h2o_sf1gb_q1,1gb,q1,32028,32.54,100.0,3447.0,106.7,1.8
h2o_sf1gb_q1,1gb,q1,32188,32.5,100.0,3447.0,107.0,1.8
h2o_sf1gb_q1,1gb,q1,32374,32.48,100.0,3447.0,106.9,1.8
h2o_sf1gb_q1,1gb,q1,32575,32.47,100.0,3447.0,105.6,1.8
h2o_sf1gb_q1,1gb,q1,32765,32.45,100.0,3447.0,106.5,1.8
h2o_sf1gb_q1,1gb,q1,32923,32.44,100.0,3447.0,105.7,1.8
h2o_sf1gb_q1,1gb,q1,33081,32.44,100.0,3447.0,105.5,1.8
h2o_sf1gb_q1,1gb,q1,33266,32.46,100.0,3447.0,106.2,1.8
h2o_sf1gb_q1,1gb,q1,33452,32.5,100.0,3447.0,105.3,1.8
h2o_sf1gb_q1,1gb,q1,33650,32.51,100.0,3447.0,105.7,1.8
h2o_sf1gb_q1,1gb,q1,33822,32.51,100.0,3447.0,106.8,1.8
h2o_sf1gb_q1,1gb,q1,34017,32.51,100.0,3447.0,106.3,1.8
h2o_sf1gb_q1,1gb,q1,34213,32.5,100.0,3447.0,105.7,1.8
h2o_sf1gb_q1,1gb,q1,34387,32.49,100.0,3447.0,105.9,1.8
h2o_sf1gb_q1,1gb,q1,34549,32.5,100.0,3447.0,105.4,1.8
h2o_sf1gb_q1,1gb,q1,34739,32.5,100.0,3447.0,106.0,1.8
h2o_sf1gb_q1,1gb,q1,34940,32.49,100.0,3447.0,107.1,1.8
h2o_sf1gb_q1,1gb,q1,35110,32.46,100.0,3447.0,105.6,1.8
h2o_sf1gb_q1,1gb,q1,35282,32.46,100.0,3447.0,106.2,1.8
h2o_sf1gb_q1,1gb,q1,35444,32.45,100.0,3447.0,105.5,1.8
h2o_sf1gb_q1,1gb,q1,35602,32.46,100.0,3447.0,106.4,1.8
h2o_sf1gb_q1,1gb,q1,35776,32.47,100.0,3447.0,106.3,1.8
h2o_sf1gb_q1,1gb,q1,35929,32.47,100.0,3447.0,105.3,1.8
h2o_sf1gb_q1,1gb,q1,36089,32.49,100.0,3447.0,107.3,1.8
h2o_sf1gb_q1,1gb,q1,36254,32.5,100.0,3447.0,106.1,1.8
h2o_sf1gb_q1,1gb,q1,36418,32.51,100.0,3447.0,105.2,1.8
h2o_sf1gb_q1,1gb,q1,36581,32.52,100.0,3447.0,105.4,1.8
h2o_sf1gb_q1,1gb,q1,36788,32.54,100.0,3447.0,106.1,1.8
h2o_sf1gb_q1,1gb,q1,36981,32.58,100.0,3447.0,105.1,1.8
h2o_sf1gb_q1,1gb,q1,37143,32.6,100.0,3447.0,105.2,1.8
h2o_sf1gb_q1,1gb,q1,37328,32.62,100.0,3447.0,106.4,1.8
h2o_sf1gb_q1,1gb,q1,37509,32.63,100.0,3447.0,104.6,1.8
h2o_sf1gb_q1,1gb,q1,37709,32.63,100.0,3447.0,106.1,1.8
h2o_sf1gb_q1,1gb,q1,37887,32.63,100.0,3447.0,105.8,1.8
h2o_sf1gb_q1,1gb,q1,38050,32.63,100.0,3447.0,104.6,1.8
h2o_sf1gb_q1,1gb,q1,38201,32.62,100.0,3447.0,104.4,1.8
h2o_sf1gb_q1,1gb,q1,38403,32.61,100.0,3447.0,105.4,1.8
h2o_sf1gb_q1,1gb,q1,38601,32.66,100.0,3447.0,104.4,1.8
h2o_sf1gb_q1,1gb,q1,38777,32.66,100.0,3447.0,104.1,1.8
h2o_sf1gb_q1,1gb,q1,38935,32.65,100.0,3447.0,105.1,1.8
h2o_sf1gb_q1,1gb,q1,39128,32.66,100.0,3447.0,104.6,1.8
h2o_sf1gb_q1,1gb,q1,39333,32.69,100.0,3447.0,107.0,1.8
h2o_sf1gb_q1,1gb,q1,39500,32.71,100.0,3447.0,104.0,1.8
h2o_sf1gb_q1,1gb,q1,39668,32.68,100.0,3447.0,105.6,1.8
h2o_sf1gb_q1,1gb,q1,39857,32.66,100.0,3447.0,105.5,1.8
h2o_sf1gb_q1,1gb,q1,40064,32.67,100.0,3447.0,105.5,1.8
h2o_sf1gb_q1,1gb,q1,40233,32.67,100.0,3447.0,106.4,1.8
h2o_sf1gb_q1,1gb,q1,40395,32.66,100.0,3447.0,105.3,1.8
h2o_sf1gb_q1,1gb,q1,40561,32.65,100.0,3447.0,104.5,1.8
h2o_sf1gb_q1,1gb,q1,40719,32.65,100.0,3447.0,106.0,1.8
h2o_sf1gb_q1,1gb,q1,40895,32.65,100.0,3447.0,106.5,1.8
h2o_sf1gb_q1,1gb,q1,41053,32.61,100.0,3447.0,106.2,1.8
h2o_sf1gb_q1,1gb,q1,41229,32.6,100.0,3447.0,105.9,1.8
h2o_sf1gb_q1,1gb,q1,41388,32.56,100.0,3447.0,105.2,1.8
h2o_sf1gb_q1,1gb,q1,41614,32.4,100.0,335.0,98.6,1.8
h2o_sf1gb_q1,1gb,q1,41695,31.15,100.0,335.0,105.9,1.8
h2o_sf1gb_q1,1gb,q1,41832,29.75,100.0,325.0,100.6,1.8
h2o_sf1gb_q1,1gb,q1,41914,26.21,100.0,325.0,107.9,1.8
h2o_sf1gb_q1,1gb,q1,42381,19.7,11.0,15.0,99.2,1.8
h2o_sf1gb_q2,1gb,q2,30,18.18,11.0,15.0,105.8,1.8
h2o_sf1gb_q2,1gb,q2,267,16.67,11.0,15.0,98.4,1.8
h2o_sf1gb_q2,1gb,q2,371,16.37,11.0,33.0,100.2,1.8
h2o_sf1gb_q2,1gb,q2,453,16.54,11.0,3395.0,103.4,1.9
h2o_sf1gb_q2,1gb,q2,533,16.54,11.0,3395.0,105.5,1.9
h2o_sf1gb_q2,1gb,q2,611,16.54,11.0,3395.0,105.8,1.8
h2o_sf1gb_q2,1gb,q2,689,16.47,11.0,3395.0,104.8,1.8
h2o_sf1gb_q2,1gb,q2,768,16.54,11.0,3395.0,105.1,1.8
h2o_sf1gb_q2,1gb,q2,847,16.27,11.0,3395.0,105.0,1.8
h2o_sf1gb_q2,1gb,q2,925,16.3,0.0,3395.0,104.9,1.8
h2o_sf1gb_q2,1gb,q2,1004,16.3,0.0,3395.0,105.6,1.8
h2o_sf1gb_q2,1gb,q2,1082,16.25,0.0,3395.0,103.5,1.8
h2o_sf1gb_q2,1gb,q2,1160,16.15,0.0,3395.0,105.6,1.8
h2o_sf1gb_q2,1gb,q2,1237,16.04,0.0,3395.0,103.6,1.8
h2o_sf1gb_q2,1gb,q2,1315,15.96,0.0,3395.0,106.5,1.9
h2o_sf1gb_q2,1gb,q2,1401,15.96,0.0,3403.0,106.3,2.1
h2o_sf1gb_q2,1gb,q2,1493,15.96,0.0,3452.0,103.1,1.8
h2o_sf1gb_q2,1gb,q2,1582,15.87,0.0,3463.0,97.4,1.8
h2o_sf1gb_q2,1gb,q2,1693,16.11,0.0,3648.0,100.6,1.8
h2o_sf1gb_q2,1gb,q2,1775,16.39,0.0,3437.0,103.3,1.8
h2o_sf1gb_q2,1gb,q2,1853,16.43,0.0,3437.0,105.8,1.8
h2o_sf1gb_q2,1gb,q2,1931,16.4,0.0,3437.0,103.2,1.8
h2o_sf1gb_q2,1gb,q2,2010,16.4,0.0,3437.0,104.0,1.8
h2o_sf1gb_q2,1gb,q2,2118,16.39,0.0,3437.0,98.5,1.8
h2o_sf1gb_q2,1gb,q2,2211,16.39,0.0,3437.0,103.2,2.0
h2o_sf1gb_q2,1gb,q2,2328,16.33,0.0,3441.0,109.8,1.9
h2o_sf1gb_q2,1gb,q2,2465,17.83,56.0,3441.0,108.4,1.8
h2o_sf1gb_q2,1gb,q2,2690,19.48,56.0,3441.0,104.3,1.8
h2o_sf1gb_q2,1gb,q2,2778,22.23,56.0,3447.0,103.1,1.8
h2o_sf1gb_q2,1gb,q2,2940,23.01,56.0,3447.0,105.4,1.8
h2o_sf1gb_q2,1gb,q2,3117,26.07,56.0,3447.0,103.8,1.8
h2o_sf1gb_q2,1gb,q2,3296,29.12,56.0,3447.0,104.6,1.8
h2o_sf1gb_q2,1gb,q2,3478,31.64,56.0,3447.0,104.7,1.8
h2o_sf1gb_q2,1gb,q2,3656,32.0,100.0,3447.0,105.5,1.8
h2o_sf1gb_q2,1gb,q2,3835,31.88,100.0,3447.0,105.2,1.8
h2o_sf1gb_q2,1gb,q2,4030,32.43,100.0,3447.0,108.1,1.8
h2o_sf1gb_q2,1gb,q2,4219,32.43,100.0,3447.0,105.7,1.8
h2o_sf1gb_q2,1gb,q2,4389,32.43,100.0,3447.0,106.5,1.8
h2o_sf1gb_q2,1gb,q2,4567,32.46,100.0,3447.0,105.4,1.8
h2o_sf1gb_q2,1gb,q2,4709,32.48,100.0,3447.0,106.1,1.8
h2o_sf1gb_q2,1gb,q2,4863,32.5,100.0,3447.0,106.1,1.8
h2o_sf1gb_q2,1gb,q2,5037,32.51,100.0,3447.0,105.5,1.8
h2o_sf1gb_q2,1gb,q2,5219,32.53,100.0,3447.0,106.8,1.8
h2o_sf1gb_q2,1gb,q2,5355,32.55,100.0,3447.0,106.7,1.8
h2o_sf1gb_q2,1gb,q2,5501,32.55,100.0,3447.0,105.7,1.8
h2o_sf1gb_q2,1gb,q2,5684,32.52,100.0,3447.0,106.1,1.8
h2o_sf1gb_q2,1gb,q2,5815,32.52,100.0,3447.0,105.3,1.8
h2o_sf1gb_q2,1gb,q2,5975,32.52,100.0,3447.0,105.5,1.8
h2o_sf1gb_q2,1gb,q2,6145,32.51,100.0,3447.0,106.0,1.8
h2o_sf1gb_q2,1gb,q2,6322,32.48,100.0,3447.0,106.6,1.8
h2o_sf1gb_q2,1gb,q2,6506,32.46,100.0,3447.0,107.3,1.8
h2o_sf1gb_q2,1gb,q2,6642,32.43,100.0,3447.0,107.1,1.8
h2o_sf1gb_q2,1gb,q2,6798,32.4,100.0,3447.0,106.2,1.8
h2o_sf1gb_q2,1gb,q2,6984,32.37,100.0,3447.0,106.7,1.8
h2o_sf1gb_q2,1gb,q2,7149,32.37,100.0,3447.0,106.2,1.8
h2o_sf1gb_q2,1gb,q2,7288,32.33,100.0,3447.0,104.9,1.8
h2o_sf1gb_q2,1gb,q2,7436,32.31,100.0,3447.0,105.8,1.8
h2o_sf1gb_q2,1gb,q2,7600,32.3,100.0,3447.0,107.7,1.8
h2o_sf1gb_q2,1gb,q2,7741,32.33,100.0,3447.0,105.6,1.8
h2o_sf1gb_q2,1gb,q2,7897,32.33,100.0,3447.0,105.5,1.8
h2o_sf1gb_q2,1gb,q2,8075,32.35,100.0,3447.0,105.6,1.8
h2o_sf1gb_q2,1gb,q2,8264,32.38,100.0,3447.0,105.2,1.8
h2o_sf1gb_q2,1gb,q2,8418,32.36,100.0,3447.0,105.2,1.8
h2o_sf1gb_q2,1gb,q2,8567,32.38,100.0,3447.0,106.2,1.8
h2o_sf1gb_q2,1gb,q2,8728,32.37,100.0,3447.0,105.4,1.8
h2o_sf1gb_q2,1gb,q2,8911,32.38,100.0,3447.0,105.6,1.8
h2o_sf1gb_q2,1gb,q2,9086,32.39,100.0,3447.0,106.3,1.8
h2o_sf1gb_q2,1gb,q2,9246,32.39,100.0,3447.0,104.0,1.8
h2o_sf1gb_q2,1gb,q2,9394,32.41,100.0,3447.0,105.9,1.8
h2o_sf1gb_q2,1gb,q2,9557,32.41,100.0,3447.0,104.7,1.8
h2o_sf1gb_q2,1gb,q2,9736,32.38,100.0,3447.0,105.3,1.8
h2o_sf1gb_q2,1gb,q2,9918,32.37,100.0,3447.0,106.6,1.8
h2o_sf1gb_q2,1gb,q2,10102,32.35,100.0,3447.0,105.4,1.8
h2o_sf1gb_q2,1gb,q2,10280,32.37,100.0,3447.0,105.9,1.8
h2o_sf1gb_q2,1gb,q2,10409,32.36,100.0,3447.0,105.4,1.8
h2o_sf1gb_q2,1gb,q2,10568,32.36,100.0,3447.0,105.6,1.8
h2o_sf1gb_q2,1gb,q2,10750,32.37,100.0,3447.0,106.3,1.8
h2o_sf1gb_q2,1gb,q2,10918,32.4,100.0,3447.0,106.2,1.8
h2o_sf1gb_q2,1gb,q2,11096,32.44,100.0,3447.0,107.6,1.8
h2o_sf1gb_q2,1gb,q2,11268,32.47,100.0,3447.0,108.2,1.8
h2o_sf1gb_q2,1gb,q2,11417,32.48,100.0,3447.0,105.9,1.8
h2o_sf1gb_q2,1gb,q2,11579,32.51,100.0,3447.0,106.0,1.8
h2o_sf1gb_q2,1gb,q2,11745,32.54,100.0,3447.0,104.0,1.8
h2o_sf1gb_q2,1gb,q2,11885,32.56,100.0,3447.0,106.0,1.8
h2o_sf1gb_q2,1gb,q2,12038,32.58,100.0,3447.0,106.1,1.8
h2o_sf1gb_q2,1gb,q2,12213,32.59,100.0,3447.0,105.0,1.8
h2o_sf1gb_q2,1gb,q2,12404,32.6,100.0,3447.0,105.0,1.8
h2o_sf1gb_q2,1gb,q2,12585,32.61,100.0,3447.0,106.9,1.8
h2o_sf1gb_q2,1gb,q2,12763,32.62,100.0,3447.0,105.6,1.8
h2o_sf1gb_q2,1gb,q2,12952,32.6,100.0,3447.0,105.9,1.8
h2o_sf1gb_q2,1gb,q2,13097,32.54,100.0,3447.0,105.6,1.8
h2o_sf1gb_q2,1gb,q2,13247,32.54,100.0,3447.0,105.3,1.8
h2o_sf1gb_q2,1gb,q2,13415,32.51,100.0,3447.0,106.6,1.8
h2o_sf1gb_q2,1gb,q2,13590,32.52,100.0,3447.0,106.0,1.8
h2o_sf1gb_q2,1gb,q2,13756,32.49,100.0,3447.0,104.7,1.8
h2o_sf1gb_q2,1gb,q2,13903,32.49,100.0,3447.0,106.7,1.8
h2o_sf1gb_q2,1gb,q2,14066,32.51,100.0,3447.0,106.1,1.8
h2o_sf1gb_q2,1gb,q2,14246,32.49,100.0,3447.0,104.3,1.8
h2o_sf1gb_q2,1gb,q2,14426,32.48,100.0,3447.0,106.8,1.8
h2o_sf1gb_q2,1gb,q2,14608,32.45,100.0,3447.0,106.3,1.8
h2o_sf1gb_q2,1gb,q2,14768,32.44,100.0,3447.0,105.8,1.8
h2o_sf1gb_q2,1gb,q2,14914,32.43,100.0,3447.0,105.6,1.8
h2o_sf1gb_q2,1gb,q2,15067,32.43,100.0,3447.0,105.3,1.8
h2o_sf1gb_q2,1gb,q2,15242,32.43,100.0,3447.0,106.2,1.8
h2o_sf1gb_q2,1gb,q2,15397,32.4,100.0,3447.0,105.7,1.8
h2o_sf1gb_q2,1gb,q2,15552,32.4,100.0,3447.0,105.4,1.8
h2o_sf1gb_q2,1gb,q2,15700,32.4,100.0,3447.0,105.8,1.8
h2o_sf1gb_q2,1gb,q2,15834,32.4,100.0,3447.0,106.2,1.8
h2o_sf1gb_q2,1gb,q2,15993,32.4,100.0,3447.0,105.1,1.8
h2o_sf1gb_q2,1gb,q2,16158,32.41,100.0,3447.0,105.9,1.8
h2o_sf1gb_q2,1gb,q2,16293,32.42,100.0,3447.0,105.1,1.8
h2o_sf1gb_q2,1gb,q2,16455,32.42,100.0,3447.0,105.9,1.8
h2o_sf1gb_q2,1gb,q2,16624,32.44,100.0,3447.0,105.9,1.8
h2o_sf1gb_q2,1gb,q2,16801,32.45,100.0,3447.0,105.2,1.8
h2o_sf1gb_q2,1gb,q2,16945,32.46,100.0,3447.0,106.2,1.8
h2o_sf1gb_q2,1gb,q2,17086,32.45,100.0,3447.0,105.9,1.8
h2o_sf1gb_q2,1gb,q2,17235,32.47,100.0,3447.0,104.6,1.8
h2o_sf1gb_q2,1gb,q2,17382,32.51,100.0,3447.0,105.8,1.8
h2o_sf1gb_q2,1gb,q2,17547,32.5,100.0,3447.0,105.3,1.8
h2o_sf1gb_q2,1gb,q2,17698,32.51,100.0,3447.0,106.4,1.8
h2o_sf1gb_q2,1gb,q2,17850,32.52,100.0,3447.0,104.8,1.8
h2o_sf1gb_q2,1gb,q2,18010,32.54,100.0,3447.0,106.9,1.8
h2o_sf1gb_q2,1gb,q2,18140,32.54,100.0,3447.0,105.1,1.8
h2o_sf1gb_q2,1gb,q2,18291,32.53,100.0,3447.0,105.2,1.8
h2o_sf1gb_q2,1gb,q2,18468,32.53,100.0,3447.0,109.3,1.8
h2o_sf1gb_q2,1gb,q2,18655,32.56,100.0,3447.0,105.8,1.8
h2o_sf1gb_q2,1gb,q2,18831,32.57,100.0,3447.0,106.3,1.8
h2o_sf1gb_q2,1gb,q2,18975,32.57,100.0,3447.0,105.5,1.8
h2o_sf1gb_q2,1gb,q2,19122,32.57,100.0,3447.0,105.6,1.8
h2o_sf1gb_q2,1gb,q2,19303,32.59,100.0,3447.0,105.7,1.8
h2o_sf1gb_q2,1gb,q2,19482,32.59,100.0,3447.0,105.9,1.8
h2o_sf1gb_q2,1gb,q2,19657,32.6,100.0,3447.0,105.3,1.8
h2o_sf1gb_q2,1gb,q2,19832,32.57,100.0,3447.0,105.5,1.8
h2o_sf1gb_q2,1gb,q2,20010,32.56,100.0,3447.0,105.9,1.8
h2o_sf1gb_q2,1gb,q2,20180,32.54,100.0,3447.0,106.4,1.8
h2o_sf1gb_q2,1gb,q2,20335,32.51,100.0,3447.0,107.0,1.8
h2o_sf1gb_q2,1gb,q2,20503,32.5,100.0,3447.0,105.8,1.8
h2o_sf1gb_q2,1gb,q2,20687,32.48,100.0,3447.0,105.0,1.8
h2o_sf1gb_q2,1gb,q2,20857,32.49,100.0,3447.0,105.6,1.8
h2o_sf1gb_q2,1gb,q2,21058,32.49,100.0,3447.0,106.1,1.8
h2o_sf1gb_q2,1gb,q2,21230,32.48,100.0,3447.0,105.3,1.8
h2o_sf1gb_q2,1gb,q2,21415,32.49,100.0,3447.0,106.3,1.8
h2o_sf1gb_q2,1gb,q2,21606,32.45,100.0,3447.0,105.3,1.8
h2o_sf1gb_q2,1gb,q2,21773,32.43,100.0,3447.0,105.4,1.8
h2o_sf1gb_q2,1gb,q2,21958,32.44,100.0,3447.0,106.3,1.8
h2o_sf1gb_q2,1gb,q2,22109,32.44,100.0,3447.0,104.7,1.8
h2o_sf1gb_q2,1gb,q2,22257,32.44,100.0,3447.0,103.3,1.8
h2o_sf1gb_q2,1gb,q2,22417,32.41,100.0,3447.0,106.2,1.8
h2o_sf1gb_q2,1gb,q2,22597,32.39,100.0,3447.0,104.0,1.8
h2o_sf1gb_q2,1gb,q2,22785,32.35,100.0,3447.0,104.6,1.8
h2o_sf1gb_q2,1gb,q2,22976,32.32,100.0,3447.0,105.5,1.8
h2o_sf1gb_q2,1gb,q2,23158,32.28,100.0,3447.0,104.7,1.8
h2o_sf1gb_q2,1gb,q2,23332,32.21,100.0,3447.0,103.9,1.8
h2o_sf1gb_q2,1gb,q2,23523,32.21,100.0,3447.0,105.2,1.8
h2o_sf1gb_q2,1gb,q2,23707,32.17,100.0,3447.0,104.0,1.8
h2o_sf1gb_q2,1gb,q2,23879,32.17,100.0,3447.0,105.0,1.8
h2o_sf1gb_q2,1gb,q2,24083,32.17,100.0,3447.0,104.4,1.8
h2o_sf1gb_q2,1gb,q2,24258,32.2,100.0,3447.0,103.3,1.8
h2o_sf1gb_q2,1gb,q2,24443,32.21,100.0,3447.0,104.3,1.8
h2o_sf1gb_q2,1gb,q2,24634,32.22,100.0,3447.0,105.3,1.8
h2o_sf1gb_q2,1gb,q2,24816,32.25,100.0,3447.0,104.9,1.8
h2o_sf1gb_q2,1gb,q2,25006,32.26,100.0,3447.0,106.1,1.8
h2o_sf1gb_q2,1gb,q2,25176,32.29,100.0,3447.0,103.3,1.8
h2o_sf1gb_q2,1gb,q2,25345,32.3,100.0,3447.0,103.5,1.8
h2o_sf1gb_q2,1gb,q2,25524,32.3,100.0,3447.0,106.1,1.8
h2o_sf1gb_q2,1gb,q2,25677,32.3,100.0,3447.0,106.0,1.8
h2o_sf1gb_q2,1gb,q2,25835,32.3,100.0,3447.0,104.8,1.8
h2o_sf1gb_q2,1gb,q2,26005,32.31,100.0,3447.0,105.8,1.8
h2o_sf1gb_q2,1gb,q2,26202,32.33,100.0,3447.0,103.9,1.8
h2o_sf1gb_q2,1gb,q2,26371,32.33,100.0,3447.0,104.4,1.8
h2o_sf1gb_q2,1gb,q2,26524,32.34,100.0,3447.0,104.3,1.8
h2o_sf1gb_q2,1gb,q2,26678,32.37,100.0,3447.0,105.2,1.8
h2o_sf1gb_q2,1gb,q2,26840,32.39,100.0,3447.0,103.4,1.8
h2o_sf1gb_q2,1gb,q2,27019,32.39,100.0,3447.0,105.0,1.8
h2o_sf1gb_q2,1gb,q2,27199,32.38,100.0,3447.0,103.8,1.8
h2o_sf1gb_q2,1gb,q2,27391,32.39,100.0,3447.0,105.8,1.8
h2o_sf1gb_q2,1gb,q2,27580,32.39,100.0,3447.0,104.1,1.8
h2o_sf1gb_q2,1gb,q2,27764,32.42,100.0,3447.0,103.3,1.8
h2o_sf1gb_q2,1gb,q2,27922,32.38,100.0,3447.0,105.3,1.8
h2o_sf1gb_q2,1gb,q2,28069,32.39,100.0,3447.0,104.0,1.8
h2o_sf1gb_q2,1gb,q2,28225,32.39,100.0,3447.0,103.8,1.8
h2o_sf1gb_q2,1gb,q2,28395,32.41,100.0,3447.0,105.4,1.8
h2o_sf1gb_q2,1gb,q2,28573,32.42,100.0,3447.0,104.8,1.8
h2o_sf1gb_q2,1gb,q2,28771,32.42,100.0,3447.0,103.9,1.8
h2o_sf1gb_q2,1gb,q2,28949,32.44,100.0,3447.0,103.4,1.8
h2o_sf1gb_q2,1gb,q2,29132,32.46,100.0,3447.0,103.4,1.8
h2o_sf1gb_q2,1gb,q2,29300,32.47,100.0,3447.0,103.6,1.8
h2o_sf1gb_q2,1gb,q2,29450,32.48,100.0,3447.0,103.4,1.8
h2o_sf1gb_q2,1gb,q2,29611,32.47,100.0,3447.0,104.7,1.8
h2o_sf1gb_q2,1gb,q2,29779,32.46,100.0,3447.0,103.0,1.8
h2o_sf1gb_q2,1gb,q2,29963,32.46,100.0,3447.0,104.3,1.8
h2o_sf1gb_q2,1gb,q2,30154,32.45,100.0,3447.0,103.8,1.8
h2o_sf1gb_q2,1gb,q2,30337,32.45,100.0,3447.0,102.7,1.8
h2o_sf1gb_q2,1gb,q2,30519,32.46,100.0,3447.0,103.4,1.8
h2o_sf1gb_q2,1gb,q2,30706,32.46,100.0,3447.0,103.8,1.8
h2o_sf1gb_q2,1gb,q2,30883,32.45,100.0,3447.0,103.6,1.8
h2o_sf1gb_q2,1gb,q2,31071,32.44,100.0,3447.0,104.2,1.8
h2o_sf1gb_q2,1gb,q2,31247,32.43,100.0,3447.0,102.8,1.8
h2o_sf1gb_q2,1gb,q2,31434,32.41,100.0,3447.0,104.0,1.8
h2o_sf1gb_q2,1gb,q2,31616,32.42,100.0,3447.0,106.2,1.8
h2o_sf1gb_q2,1gb,q2,31797,32.43,100.0,3447.0,104.8,1.8
h2o_sf1gb_q2,1gb,q2,31988,32.46,100.0,3447.0,106.5,1.8
h2o_sf1gb_q2,1gb,q2,32183,32.48,100.0,3447.0,106.0,1.8
h2o_sf1gb_q2,1gb,q2,32349,32.52,100.0,3447.0,104.6,1.8
h2o_sf1gb_q2,1gb,q2,32597,32.41,100.0,335.0,100.6,1.8
h2o_sf1gb_q2,1gb,q2,32677,31.3,100.0,335.0,103.8,1.8
h2o_sf1gb_q2,1gb,q2,32762,29.82,100.0,329.0,105.7,1.8
h2o_sf1gb_q2,1gb,q2,32853,28.01,100.0,325.0,100.8,1.9
h2o_sf1gb_q2,1gb,q2,32934,26.33,100.0,325.0,104.8,1.8
h2o_sf1gb_q2,1gb,q2,33397,19.84,100.0,15.0,100.3,1.8
h2o_sf1gb_q3,1gb,q3,29,18.26,100.0,15.0,104.5,1.8
h2o_sf1gb_q3,1gb,q3,163,16.74,100.0,16.0,100.4,1.8
h2o_sf1gb_q3,1gb,q3,259,16.41,0.0,32.0,99.9,1.8
h2o_sf1gb_q3,1gb,q3,350,16.49,0.0,45.0,99.4,1.8
h2o_sf1gb_q3,1gb,q3,430,16.64,0.0,3395.0,103.5,1.8
h2o_sf1gb_q3,1gb,q3,510,16.64,0.0,3395.0,104.6,1.8
h2o_sf1gb_q3,1gb,q3,589,16.54,0.0,3395.0,106.7,1.9
h2o_sf1gb_q3,1gb,q3,667,16.65,0.0,3395.0,104.4,1.8
h2o_sf1gb_q3,1gb,q3,747,16.69,0.0,3395.0,104.6,1.8
h2o_sf1gb_q3,1gb,q3,826,16.62,0.0,3395.0,106.5,1.9
h2o_sf1gb_q3,1gb,q3,905,16.62,0.0,3395.0,104.8,1.8
h2o_sf1gb_q3,1gb,q3,984,16.39,0.0,3395.0,103.3,1.8
h2o_sf1gb_q3,1gb,q3,1063,16.41,0.0,3395.0,105.2,1.8
h2o_sf1gb_q3,1gb,q3,1142,16.36,0.0,3395.0,105.3,1.8
h2o_sf1gb_q3,1gb,q3,1221,16.32,0.0,3395.0,104.5,1.8
h2o_sf1gb_q3,1gb,q3,1342,16.32,0.0,3395.0,103.4,1.9
h2o_sf1gb_q3,1gb,q3,1437,16.21,0.0,3452.0,102.0,1.8
h2o_sf1gb_q3,1gb,q3,1532,16.19,0.0,3453.0,99.5,1.8
h2o_sf1gb_q3,1gb,q3,1644,16.41,0.0,3648.0,98.9,1.8
h2o_sf1gb_q3,1gb,q3,1728,16.6,10.0,3437.0,104.2,1.8
h2o_sf1gb_q3,1gb,q3,1808,16.6,10.0,3437.0,102.9,1.8
h2o_sf1gb_q3,1gb,q3,1888,16.61,10.0,3437.0,104.7,1.8
h2o_sf1gb_q3,1gb,q3,1968,16.62,10.0,3437.0,107.3,1.8
h2o_sf1gb_q3,1gb,q3,2079,16.63,10.0,3437.0,99.6,1.8
h2o_sf1gb_q3,1gb,q3,2187,16.65,10.0,3437.0,103.4,1.9
h2o_sf1gb_q3,1gb,q3,2265,16.66,0.0,3437.0,94.7,1.8
h2o_sf1gb_q3,1gb,q3,2366,16.7,0.0,3441.0,105.7,1.8
h2o_sf1gb_q3,1gb,q3,2517,17.31,0.0,3441.0,110.4,1.8
h2o_sf1gb_q3,1gb,q3,2661,18.44,0.0,3441.0,105.4,1.8
h2o_sf1gb_q3,1gb,q3,2812,21.08,0.0,3441.0,104.8,1.8
h2o_sf1gb_q3,1gb,q3,2972,23.32,0.0,3449.0,105.9,1.8
h2o_sf1gb_q3,1gb,q3,3128,24.93,0.0,3449.0,106.8,1.8
h2o_sf1gb_q3,1gb,q3,3310,28.14,100.0,3449.0,105.0,1.8
h2o_sf1gb_q3,1gb,q3,3488,32.18,100.0,3449.0,105.8,1.8
h2o_sf1gb_q3,1gb,q3,3664,32.37,100.0,3449.0,103.9,1.8
h2o_sf1gb_q3,1gb,q3,3854,32.94,100.0,3449.0,104.1,1.8
h2o_sf1gb_q3,1gb,q3,4036,33.2,100.0,3449.0,105.6,1.8
h2o_sf1gb_q3,1gb,q3,4221,33.81,100.0,3449.0,104.8,1.8
h2o_sf1gb_q3,1gb,q3,4406,33.83,100.0,3449.0,105.7,1.8
h2o_sf1gb_q3,1gb,q3,4587,33.83,100.0,3449.0,106.3,1.8
h2o_sf1gb_q3,1gb,q3,4770,33.81,100.0,3449.0,104.5,1.8
h2o_sf1gb_q3,1gb,q3,4953,33.84,100.0,3449.0,106.6,1.8
h2o_sf1gb_q3,1gb,q3,5135,33.84,100.0,3449.0,105.5,1.8
h2o_sf1gb_q3,1gb,q3,5319,33.83,100.0,3449.0,105.3,1.8
h2o_sf1gb_q3,1gb,q3,5494,33.84,100.0,3449.0,106.1,1.8
h2o_sf1gb_q3,1gb,q3,5683,33.87,100.0,3449.0,105.6,1.8
h2o_sf1gb_q3,1gb,q3,5868,33.89,100.0,3449.0,104.8,1.8
h2o_sf1gb_q3,1gb,q3,6055,33.92,100.0,3449.0,106.8,1.8
h2o_sf1gb_q3,1gb,q3,6239,33.94,100.0,3449.0,105.4,1.8
h2o_sf1gb_q3,1gb,q3,6420,33.96,100.0,3449.0,105.4,1.8
h2o_sf1gb_q3,1gb,q3,6601,33.97,100.0,3449.0,108.7,1.8
h2o_sf1gb_q3,1gb,q3,6776,33.99,100.0,3449.0,105.5,1.8
h2o_sf1gb_q3,1gb,q3,6964,33.93,100.0,3449.0,106.2,1.8
h2o_sf1gb_q3,1gb,q3,7149,33.96,100.0,3449.0,105.8,1.8
h2o_sf1gb_q3,1gb,q3,7328,33.96,100.0,3449.0,105.1,1.8
h2o_sf1gb_q3,1gb,q3,7512,33.93,100.0,3449.0,105.6,1.8
h2o_sf1gb_q3,1gb,q3,7694,33.95,100.0,3449.0,106.0,1.8
h2o_sf1gb_q3,1gb,q3,7874,33.98,100.0,3449.0,105.2,1.8
h2o_sf1gb_q3,1gb,q3,8066,33.98,100.0,3449.0,106.5,1.8
h2o_sf1gb_q3,1gb,q3,8254,33.95,100.0,3449.0,105.3,1.8
h2o_sf1gb_q3,1gb,q3,8426,33.93,100.0,3449.0,105.1,1.8
h2o_sf1gb_q3,1gb,q3,8606,33.97,100.0,3449.0,105.3,1.8
h2o_sf1gb_q3,1gb,q3,8785,34.02,100.0,3449.0,106.1,1.8
h2o_sf1gb_q3,1gb,q3,8967,34.02,100.0,3449.0,106.7,1.8
h2o_sf1gb_q3,1gb,q3,9153,34.06,100.0,3449.0,105.3,1.8
h2o_sf1gb_q3,1gb,q3,9334,34.11,100.0,3449.0,105.7,1.8
h2o_sf1gb_q3,1gb,q3,9517,34.16,100.0,3449.0,105.2,1.8
h2o_sf1gb_q3,1gb,q3,9694,34.17,100.0,3449.0,105.8,1.8
h2o_sf1gb_q3,1gb,q3,9880,34.24,100.0,3449.0,105.6,1.8
h2o_sf1gb_q3,1gb,q3,10060,34.23,100.0,3449.0,106.3,1.8
h2o_sf1gb_q3,1gb,q3,10245,34.18,100.0,3449.0,106.2,1.8
h2o_sf1gb_q3,1gb,q3,10424,34.14,100.0,3449.0,104.9,1.8
h2o_sf1gb_q3,1gb,q3,10608,34.12,100.0,3449.0,106.5,1.8
h2o_sf1gb_q3,1gb,q3,10790,34.11,100.0,3449.0,105.1,1.8
h2o_sf1gb_q3,1gb,q3,10971,34.03,100.0,3449.0,105.7,1.8
h2o_sf1gb_q3,1gb,q3,11150,34.0,100.0,3449.0,106.8,1.8
h2o_sf1gb_q3,1gb,q3,11336,33.98,100.0,3449.0,105.5,1.8
h2o_sf1gb_q3,1gb,q3,11517,33.96,100.0,3449.0,106.5,1.8
h2o_sf1gb_q3,1gb,q3,11698,33.93,100.0,3449.0,105.6,1.8
h2o_sf1gb_q3,1gb,q3,11879,33.96,100.0,3449.0,106.4,1.8
h2o_sf1gb_q3,1gb,q3,12064,33.89,100.0,3449.0,105.8,1.8
h2o_sf1gb_q3,1gb,q3,12248,33.91,100.0,3449.0,106.7,1.8
h2o_sf1gb_q3,1gb,q3,12427,33.92,100.0,3449.0,107.0,1.8
h2o_sf1gb_q3,1gb,q3,12608,33.95,100.0,3449.0,106.4,1.8
h2o_sf1gb_q3,1gb,q3,12793,33.96,100.0,3449.0,105.4,1.8
h2o_sf1gb_q3,1gb,q3,12967,34.0,100.0,3449.0,106.8,1.8
h2o_sf1gb_q3,1gb,q3,13154,34.01,100.0,3449.0,105.6,1.8
h2o_sf1gb_q3,1gb,q3,13332,34.01,100.0,3449.0,106.1,1.8
h2o_sf1gb_q3,1gb,q3,13518,33.98,100.0,3449.0,106.9,1.8
h2o_sf1gb_q3,1gb,q3,13703,33.97,100.0,3449.0,108.1,1.8
h2o_sf1gb_q3,1gb,q3,13885,34.01,100.0,3449.0,104.5,1.8
h2o_sf1gb_q3,1gb,q3,14062,33.93,100.0,3449.0,105.0,1.8
h2o_sf1gb_q3,1gb,q3,14249,33.93,100.0,3449.0,105.3,1.8
h2o_sf1gb_q3,1gb,q3,14424,33.97,100.0,3449.0,105.2,1.8
h2o_sf1gb_q3,1gb,q3,14611,33.97,100.0,3449.0,106.0,1.8
h2o_sf1gb_q3,1gb,q3,14814,34.01,100.0,3449.0,104.9,1.8
h2o_sf1gb_q3,1gb,q3,14978,34.01,100.0,3449.0,104.4,1.8
h2o_sf1gb_q3,1gb,q3,15156,34.01,100.0,3449.0,104.6,1.8
h2o_sf1gb_q3,1gb,q3,15341,34.01,100.0,3449.0,104.8,1.8
h2o_sf1gb_q3,1gb,q3,15519,34.0,100.0,3449.0,104.8,1.8
h2o_sf1gb_q3,1gb,q3,15705,33.99,100.0,3449.0,103.6,1.8
h2o_sf1gb_q3,1gb,q3,15883,33.96,100.0,3449.0,105.3,1.8
h2o_sf1gb_q3,1gb,q3,16066,33.98,100.0,3449.0,104.5,1.8
h2o_sf1gb_q3,1gb,q3,16248,33.97,100.0,3449.0,103.5,1.8
h2o_sf1gb_q3,1gb,q3,16432,33.95,100.0,3449.0,103.3,1.8
h2o_sf1gb_q3,1gb,q3,16617,33.94,100.0,3449.0,103.7,1.8
h2o_sf1gb_q3,1gb,q3,16800,33.95,100.0,3449.0,102.8,1.8
h2o_sf1gb_q3,1gb,q3,16979,34.01,100.0,3449.0,104.2,1.8
h2o_sf1gb_q3,1gb,q3,17159,34.03,100.0,3449.0,104.5,1.8
h2o_sf1gb_q3,1gb,q3,17344,34.03,100.0,3449.0,104.7,1.8
h2o_sf1gb_q3,1gb,q3,17525,34.03,100.0,3449.0,104.8,1.8
h2o_sf1gb_q3,1gb,q3,17709,34.07,100.0,3449.0,103.3,1.8
h2o_sf1gb_q3,1gb,q3,17888,34.06,100.0,3449.0,104.4,1.8
h2o_sf1gb_q3,1gb,q3,18067,34.09,100.0,3449.0,103.4,1.8
h2o_sf1gb_q3,1gb,q3,18258,34.04,100.0,3449.0,105.0,1.8
h2o_sf1gb_q3,1gb,q3,18435,34.04,100.0,3449.0,105.0,1.8
h2o_sf1gb_q3,1gb,q3,18616,34.03,100.0,3449.0,104.2,1.8
h2o_sf1gb_q3,1gb,q3,18817,34.02,100.0,3449.0,104.2,1.8
h2o_sf1gb_q3,1gb,q3,18981,34.02,100.0,3449.0,104.8,1.8
h2o_sf1gb_q3,1gb,q3,19160,34.04,100.0,3449.0,105.3,1.8
h2o_sf1gb_q3,1gb,q3,19342,33.98,100.0,3449.0,105.1,1.8
h2o_sf1gb_q3,1gb,q3,19527,33.98,100.0,3449.0,105.0,1.8
h2o_sf1gb_q3,1gb,q3,19704,33.99,100.0,3449.0,104.4,1.8
h2o_sf1gb_q3,1gb,q3,19887,33.98,100.0,3449.0,104.2,1.8
h2o_sf1gb_q3,1gb,q3,20071,33.96,100.0,3449.0,103.9,1.8
h2o_sf1gb_q3,1gb,q3,20252,33.92,100.0,3449.0,103.1,1.8
h2o_sf1gb_q3,1gb,q3,20434,33.93,100.0,3449.0,104.7,1.8
h2o_sf1gb_q3,1gb,q3,20617,33.89,100.0,3449.0,104.5,1.8
h2o_sf1gb_q3,1gb,q3,20802,33.88,100.0,3449.0,105.1,1.8
h2o_sf1gb_q3,1gb,q3,20980,33.93,100.0,3449.0,105.0,1.8
h2o_sf1gb_q3,1gb,q3,21163,33.9,100.0,3449.0,105.0,1.8
h2o_sf1gb_q3,1gb,q3,21343,33.88,100.0,3449.0,103.3,1.8
h2o_sf1gb_q3,1gb,q3,21528,33.9,100.0,3449.0,105.4,1.8
h2o_sf1gb_q3,1gb,q3,21708,33.9,100.0,3449.0,104.6,1.8
h2o_sf1gb_q3,1gb,q3,21893,33.92,100.0,3449.0,104.9,1.8
h2o_sf1gb_q3,1gb,q3,22071,33.96,100.0,3449.0,105.3,1.8
h2o_sf1gb_q3,1gb,q3,22257,33.97,100.0,3449.0,105.6,1.8
h2o_sf1gb_q3,1gb,q3,22435,34.0,100.0,3449.0,105.6,1.8
h2o_sf1gb_q3,1gb,q3,22619,34.05,100.0,3449.0,105.2,1.8
h2o_sf1gb_q3,1gb,q3,22804,34.11,100.0,3449.0,106.5,1.8
h2o_sf1gb_q3,1gb,q3,22987,34.13,100.0,3449.0,105.9,1.8
h2o_sf1gb_q3,1gb,q3,23166,34.11,100.0,3449.0,105.4,1.8
h2o_sf1gb_q3,1gb,q3,23351,34.1,100.0,3449.0,105.3,1.8
h2o_sf1gb_q3,1gb,q3,23531,34.11,100.0,3449.0,105.4,1.8
h2o_sf1gb_q3,1gb,q3,23714,34.07,100.0,3449.0,105.3,1.8
h2o_sf1gb_q3,1gb,q3,23902,34.04,100.0,3449.0,104.5,1.8
h2o_sf1gb_q3,1gb,q3,24081,34.02,100.0,3449.0,105.1,1.8
h2o_sf1gb_q3,1gb,q3,24255,34.03,100.0,3449.0,105.7,1.8
h2o_sf1gb_q3,1gb,q3,24442,34.02,100.0,3449.0,104.3,1.8
h2o_sf1gb_q3,1gb,q3,24622,34.03,100.0,3449.0,105.2,1.8
h2o_sf1gb_q3,1gb,q3,24810,34.04,100.0,3449.0,104.5,1.8
h2o_sf1gb_q3,1gb,q3,24984,34.03,100.0,3449.0,104.8,1.8
h2o_sf1gb_q3,1gb,q3,25169,34.06,100.0,3449.0,105.9,1.8
h2o_sf1gb_q3,1gb,q3,25351,34.02,100.0,3449.0,103.2,1.8
h2o_sf1gb_q3,1gb,q3,25532,34.0,100.0,3449.0,106.3,1.8
h2o_sf1gb_q3,1gb,q3,25712,34.0,100.0,3449.0,105.0,1.8
h2o_sf1gb_q3,1gb,q3,25897,33.99,100.0,3449.0,104.1,1.8
h2o_sf1gb_q3,1gb,q3,26082,33.99,100.0,3449.0,105.8,1.8
h2o_sf1gb_q3,1gb,q3,26265,33.97,100.0,3449.0,105.1,1.8
h2o_sf1gb_q3,1gb,q3,26445,33.96,100.0,3449.0,105.1,1.8
h2o_sf1gb_q3,1gb,q3,26624,33.98,100.0,3449.0,105.9,1.8
h2o_sf1gb_q3,1gb,q3,26807,33.94,100.0,3449.0,105.1,1.8
h2o_sf1gb_q3,1gb,q3,27004,33.96,100.0,3449.0,105.8,1.8
h2o_sf1gb_q3,1gb,q3,27174,33.97,100.0,3449.0,104.3,1.8
h2o_sf1gb_q3,1gb,q3,27354,33.93,100.0,3449.0,106.2,1.8
h2o_sf1gb_q3,1gb,q3,27536,33.93,100.0,3449.0,106.2,1.8
h2o_sf1gb_q3,1gb,q3,27716,33.92,100.0,3449.0,105.1,1.8
h2o_sf1gb_q3,1gb,q3,27903,33.9,100.0,3449.0,105.4,1.8
h2o_sf1gb_q3,1gb,q3,28087,33.9,100.0,3449.0,107.6,1.8
h2o_sf1gb_q3,1gb,q3,28265,33.9,100.0,3449.0,104.9,1.8
h2o_sf1gb_q3,1gb,q3,28444,33.91,100.0,3449.0,106.0,1.8
h2o_sf1gb_q3,1gb,q3,28626,33.91,100.0,3449.0,105.6,1.8
h2o_sf1gb_q3,1gb,q3,28813,33.96,100.0,3449.0,104.7,1.8
h2o_sf1gb_q3,1gb,q3,28992,33.96,100.0,3449.0,105.6,1.8
h2o_sf1gb_q3,1gb,q3,29172,33.97,100.0,3449.0,105.5,1.8
h2o_sf1gb_q3,1gb,q3,29359,33.99,100.0,3449.0,105.0,1.8
h2o_sf1gb_q3,1gb,q3,29538,34.0,100.0,3449.0,106.0,1.8
h2o_sf1gb_q3,1gb,q3,29719,33.99,100.0,3449.0,106.0,1.8
h2o_sf1gb_q3,1gb,q3,29912,33.97,100.0,3449.0,105.7,1.8
h2o_sf1gb_q3,1gb,q3,30089,33.95,100.0,3449.0,105.5,1.8
h2o_sf1gb_q3,1gb,q3,30267,33.98,100.0,3449.0,104.8,1.8
h2o_sf1gb_q3,1gb,q3,30452,33.95,100.0,3449.0,106.1,1.8
h2o_sf1gb_q3,1gb,q3,30648,33.94,100.0,3449.0,105.1,1.8
h2o_sf1gb_q3,1gb,q3,30822,33.95,100.0,3449.0,105.7,1.8
h2o_sf1gb_q3,1gb,q3,30996,33.98,100.0,3449.0,105.3,1.8
h2o_sf1gb_q3,1gb,q3,31178,34.02,100.0,3449.0,105.7,1.8
h2o_sf1gb_q3,1gb,q3,31361,34.01,100.0,3449.0,105.4,1.8
h2o_sf1gb_q3,1gb,q3,31543,33.99,100.0,3449.0,104.7,1.8
h2o_sf1gb_q3,1gb,q3,31725,33.97,100.0,3449.0,105.6,1.8
h2o_sf1gb_q3,1gb,q3,31909,34.03,100.0,3449.0,105.4,1.8
h2o_sf1gb_q3,1gb,q3,32087,34.02,100.0,3449.0,107.2,1.8
h2o_sf1gb_q3,1gb,q3,32272,34.06,100.0,3449.0,104.9,1.8
h2o_sf1gb_q3,1gb,q3,32451,34.07,100.0,3449.0,106.1,1.8
h2o_sf1gb_q3,1gb,q3,32634,34.13,100.0,3449.0,104.7,1.8
h2o_sf1gb_q3,1gb,q3,32817,34.11,100.0,3449.0,105.8,1.8
h2o_sf1gb_q3,1gb,q3,32999,34.1,100.0,3449.0,105.8,1.8
h2o_sf1gb_q3,1gb,q3,33181,34.16,100.0,3449.0,105.3,1.8
h2o_sf1gb_q3,1gb,q3,33432,33.85,100.0,337.0,99.8,1.8
h2o_sf1gb_q3,1gb,q3,33512,31.07,100.0,337.0,104.0,1.8
h2o_sf1gb_q3,1gb,q3,33659,31.07,100.0,327.0,100.9,1.8
h2o_sf1gb_q3,1gb,q3,33741,27.57,100.0,327.0,103.8,1.8
h2o_sf1gb_q3,1gb,q3,34197,20.58,100.0,15.0,100.5,1.8
h2o_sf1gb_q4,1gb,q4,29,18.72,100.0,15.0,103.4,1.8
h2o_sf1gb_q4,1gb,q4,160,18.52,100.0,16.0,99.7,1.8
h2o_sf1gb_q4,1gb,q4,258,16.67,100.0,32.0,98.0,1.8
h2o_sf1gb_q4,1gb,q4,352,16.69,100.0,43.0,99.7,1.8
h2o_sf1gb_q4,1gb,q4,432,16.64,100.0,3395.0,103.1,1.8
h2o_sf1gb_q4,1gb,q4,511,16.65,100.0,3395.0,104.3,1.8
h2o_sf1gb_q4,1gb,q4,590,16.65,0.0,3395.0,104.8,1.8
h2o_sf1gb_q4,1gb,q4,670,16.63,0.0,3395.0,106.5,1.8
h2o_sf1gb_q4,1gb,q4,750,16.56,0.0,3395.0,104.3,1.8
h2o_sf1gb_q4,1gb,q4,829,16.41,0.0,3395.0,108.5,1.9
h2o_sf1gb_q4,1gb,q4,909,16.28,0.0,3395.0,106.9,1.8
h2o_sf1gb_q4,1gb,q4,989,16.28,0.0,3395.0,108.9,1.8
h2o_sf1gb_q4,1gb,q4,1068,16.24,0.0,3395.0,105.5,1.8
h2o_sf1gb_q4,1gb,q4,1148,16.22,0.0,3395.0,106.0,1.8
h2o_sf1gb_q4,1gb,q4,1228,16.17,0.0,3395.0,104.9,1.8
h2o_sf1gb_q4,1gb,q4,1353,15.96,0.0,3395.0,104.2,2.0
h2o_sf1gb_q4,1gb,q4,1446,15.99,0.0,3452.0,103.5,1.8
h2o_sf1gb_q4,1gb,q4,1538,15.9,0.0,3453.0,98.7,1.8
h2o_sf1gb_q4,1gb,q4,1649,16.17,3.0,3648.0,99.5,1.8
h2o_sf1gb_q4,1gb,q4,1733,16.42,3.0,3437.0,105.1,1.9
h2o_sf1gb_q4,1gb,q4,1813,16.41,3.0,3437.0,105.0,1.8
h2o_sf1gb_q4,1gb,q4,1893,16.41,3.0,3437.0,104.4,1.8
h2o_sf1gb_q4,1gb,q4,1974,16.41,3.0,3437.0,104.0,1.8
h2o_sf1gb_q4,1gb,q4,2090,16.41,3.0,3437.0,99.9,1.8
h2o_sf1gb_q4,1gb,q4,2183,16.5,0.0,3437.0,103.1,1.9
h2o_sf1gb_q4,1gb,q4,2261,16.51,0.0,3437.0,94.7,1.8
h2o_sf1gb_q4,1gb,q4,2362,16.52,0.0,3441.0,107.9,1.9
h2o_sf1gb_q4,1gb,q4,2509,17.07,0.0,3441.0,111.0,1.8
h2o_sf1gb_q4,1gb,q4,2721,19.61,0.0,3441.0,105.4,1.8
h2o_sf1gb_q4,1gb,q4,2813,22.22,0.0,3443.0,107.0,1.8
h2o_sf1gb_q4,1gb,q4,2995,23.25,0.0,3447.0,104.7,1.8
h2o_sf1gb_q4,1gb,q4,3164,26.29,100.0,3447.0,105.4,1.8
h2o_sf1gb_q4,1gb,q4,3331,27.8,100.0,3447.0,106.2,1.8
h2o_sf1gb_q4,1gb,q4,3500,30.87,100.0,3447.0,104.9,1.8
h2o_sf1gb_q4,1gb,q4,3670,32.07,100.0,3447.0,105.9,1.8
h2o_sf1gb_q4,1gb,q4,3837,32.01,100.0,3447.0,106.2,1.8
h2o_sf1gb_q4,1gb,q4,4006,32.1,100.0,3447.0,106.0,1.8
h2o_sf1gb_q4,1gb,q4,4177,32.6,100.0,3447.0,106.0,1.8
h2o_sf1gb_q4,1gb,q4,4346,32.59,100.0,3447.0,106.3,1.8
h2o_sf1gb_q4,1gb,q4,4512,32.59,100.0,3447.0,105.4,1.8
h2o_sf1gb_q4,1gb,q4,4682,32.56,100.0,3447.0,105.8,1.8
h2o_sf1gb_q4,1gb,q4,4851,32.55,100.0,3447.0,107.4,1.8
h2o_sf1gb_q4,1gb,q4,5018,32.5,100.0,3447.0,105.8,1.8
h2o_sf1gb_q4,1gb,q4,5185,32.48,100.0,3447.0,106.1,1.8
h2o_sf1gb_q4,1gb,q4,5353,32.47,100.0,3447.0,106.0,1.8
h2o_sf1gb_q4,1gb,q4,5525,32.47,100.0,3447.0,105.2,1.8
h2o_sf1gb_q4,1gb,q4,5693,32.45,100.0,3447.0,105.9,1.8
h2o_sf1gb_q4,1gb,q4,5860,32.47,100.0,3447.0,105.9,1.8
h2o_sf1gb_q4,1gb,q4,6027,32.49,100.0,3447.0,107.2,1.8
h2o_sf1gb_q4,1gb,q4,6198,32.52,100.0,3447.0,106.2,1.8
h2o_sf1gb_q4,1gb,q4,6366,32.57,100.0,3447.0,107.0,1.8
h2o_sf1gb_q4,1gb,q4,6534,32.6,100.0,3447.0,106.2,1.8
h2o_sf1gb_q4,1gb,q4,6702,32.61,100.0,3447.0,105.9,1.8
h2o_sf1gb_q4,1gb,q4,6869,32.62,100.0,3447.0,106.7,1.8
h2o_sf1gb_q4,1gb,q4,7039,32.64,100.0,3447.0,106.5,1.8
h2o_sf1gb_q4,1gb,q4,7218,32.64,100.0,3447.0,106.8,1.8
h2o_sf1gb_q4,1gb,q4,7378,32.63,100.0,3447.0,106.1,1.8
h2o_sf1gb_q4,1gb,q4,7543,32.63,100.0,3447.0,105.4,1.8
h2o_sf1gb_q4,1gb,q4,7711,32.62,100.0,3447.0,106.1,1.8
h2o_sf1gb_q4,1gb,q4,7883,32.6,100.0,3447.0,106.8,1.8
h2o_sf1gb_q4,1gb,q4,8045,32.58,100.0,3447.0,105.8,1.8
h2o_sf1gb_q4,1gb,q4,8218,32.56,100.0,3447.0,110.2,1.8
h2o_sf1gb_q4,1gb,q4,8386,32.52,100.0,3447.0,105.6,1.8
h2o_sf1gb_q4,1gb,q4,8555,32.48,100.0,3447.0,105.7,1.8
h2o_sf1gb_q4,1gb,q4,8722,32.47,100.0,3447.0,105.3,1.8
h2o_sf1gb_q4,1gb,q4,8892,32.47,100.0,3447.0,106.8,1.8
h2o_sf1gb_q4,1gb,q4,9059,32.47,100.0,3447.0,105.5,1.8
h2o_sf1gb_q4,1gb,q4,9228,32.48,100.0,3447.0,106.8,1.8
h2o_sf1gb_q4,1gb,q4,9398,32.5,100.0,3447.0,106.9,1.8
h2o_sf1gb_q4,1gb,q4,9564,32.53,100.0,3447.0,105.9,1.8
h2o_sf1gb_q4,1gb,q4,9733,32.53,100.0,3447.0,106.3,1.8
h2o_sf1gb_q4,1gb,q4,9901,32.57,100.0,3447.0,106.4,1.8
h2o_sf1gb_q4,1gb,q4,10072,32.61,100.0,3447.0,105.9,1.8
h2o_sf1gb_q4,1gb,q4,10241,32.61,100.0,3447.0,106.4,1.8
h2o_sf1gb_q4,1gb,q4,10408,32.63,100.0,3447.0,106.2,1.8
h2o_sf1gb_q4,1gb,q4,10579,32.63,100.0,3447.0,105.6,1.8
h2o_sf1gb_q4,1gb,q4,10747,32.63,100.0,3447.0,104.1,1.8
h2o_sf1gb_q4,1gb,q4,10914,32.59,100.0,3447.0,106.4,1.8
h2o_sf1gb_q4,1gb,q4,11083,32.55,100.0,3447.0,103.8,1.8
h2o_sf1gb_q4,1gb,q4,11249,32.53,100.0,3447.0,105.4,1.8
h2o_sf1gb_q4,1gb,q4,11419,32.51,100.0,3447.0,105.3,1.8
h2o_sf1gb_q4,1gb,q4,11587,32.5,100.0,3447.0,104.3,1.8
h2o_sf1gb_q4,1gb,q4,11755,32.5,100.0,3447.0,105.4,1.8
h2o_sf1gb_q4,1gb,q4,11927,32.5,100.0,3447.0,105.2,1.8
h2o_sf1gb_q4,1gb,q4,12094,32.53,100.0,3447.0,104.3,1.8
h2o_sf1gb_q4,1gb,q4,12261,32.52,100.0,3447.0,105.0,1.8
h2o_sf1gb_q4,1gb,q4,12431,32.53,100.0,3447.0,104.7,1.8
h2o_sf1gb_q4,1gb,q4,12601,32.53,100.0,3447.0,105.4,1.8
h2o_sf1gb_q4,1gb,q4,12766,32.56,100.0,3447.0,104.2,1.8
h2o_sf1gb_q4,1gb,q4,12934,32.57,100.0,3447.0,105.7,1.8
h2o_sf1gb_q4,1gb,q4,13102,32.59,100.0,3447.0,104.1,1.8
h2o_sf1gb_q4,1gb,q4,13271,32.62,100.0,3447.0,105.0,1.8
h2o_sf1gb_q4,1gb,q4,13441,32.62,100.0,3447.0,105.1,1.8
h2o_sf1gb_q4,1gb,q4,13609,32.64,100.0,3447.0,103.0,1.8
h2o_sf1gb_q4,1gb,q4,13777,32.63,100.0,3447.0,105.1,1.8
h2o_sf1gb_q4,1gb,q4,13949,32.62,100.0,3447.0,105.2,1.8
h2o_sf1gb_q4,1gb,q4,14112,32.6,100.0,3447.0,104.9,1.8
h2o_sf1gb_q4,1gb,q4,14281,32.58,100.0,3447.0,104.9,1.8
h2o_sf1gb_q4,1gb,q4,14450,32.58,100.0,3447.0,103.8,1.8
h2o_sf1gb_q4,1gb,q4,14620,32.55,100.0,3447.0,104.2,1.8
h2o_sf1gb_q4,1gb,q4,14789,32.53,100.0,3447.0,104.9,1.8
h2o_sf1gb_q4,1gb,q4,14956,32.52,100.0,3447.0,107.2,1.8
h2o_sf1gb_q4,1gb,q4,15127,32.51,100.0,3447.0,106.8,1.8
h2o_sf1gb_q4,1gb,q4,15301,32.52,100.0,3447.0,110.1,1.8
h2o_sf1gb_q4,1gb,q4,15463,32.52,100.0,3447.0,104.9,1.8
h2o_sf1gb_q4,1gb,q4,15631,32.52,100.0,3447.0,105.8,1.8
h2o_sf1gb_q4,1gb,q4,15797,32.55,100.0,3447.0,105.8,1.8
h2o_sf1gb_q4,1gb,q4,15968,32.57,100.0,3447.0,105.8,1.8
h2o_sf1gb_q4,1gb,q4,16136,32.6,100.0,3447.0,106.2,1.8
h2o_sf1gb_q4,1gb,q4,16308,32.6,100.0,3447.0,106.4,1.8
h2o_sf1gb_q4,1gb,q4,16473,32.59,100.0,3447.0,105.1,1.8
h2o_sf1gb_q4,1gb,q4,16640,32.59,100.0,3447.0,106.5,1.8
h2o_sf1gb_q4,1gb,q4,16812,32.58,100.0,3447.0,106.2,1.8
h2o_sf1gb_q4,1gb,q4,16978,32.56,100.0,3447.0,106.0,1.8
h2o_sf1gb_q4,1gb,q4,17150,32.53,100.0,3447.0,105.2,1.8
h2o_sf1gb_q4,1gb,q4,17318,32.52,100.0,3447.0,105.5,1.8
h2o_sf1gb_q4,1gb,q4,17487,32.49,100.0,3447.0,106.6,1.8
h2o_sf1gb_q4,1gb,q4,17654,32.52,100.0,3447.0,105.6,1.8
h2o_sf1gb_q4,1gb,q4,17823,32.53,100.0,3447.0,105.9,1.8
h2o_sf1gb_q4,1gb,q4,18006,32.56,100.0,3447.0,105.6,1.8
h2o_sf1gb_q4,1gb,q4,18161,32.58,100.0,3447.0,106.2,1.8
h2o_sf1gb_q4,1gb,q4,18329,32.59,100.0,3447.0,105.7,1.8
h2o_sf1gb_q4,1gb,q4,18496,32.6,100.0,3447.0,105.9,1.8
h2o_sf1gb_q4,1gb,q4,18667,32.61,100.0,3447.0,105.7,1.8
h2o_sf1gb_q4,1gb,q4,18834,32.6,100.0,3447.0,106.0,1.8
h2o_sf1gb_q4,1gb,q4,19002,32.62,100.0,3447.0,105.4,1.8
h2o_sf1gb_q4,1gb,q4,19170,32.63,100.0,3447.0,106.1,1.8
h2o_sf1gb_q4,1gb,q4,19336,32.66,100.0,3447.0,104.7,1.8
h2o_sf1gb_q4,1gb,q4,19507,32.67,100.0,3447.0,105.2,1.8
h2o_sf1gb_q4,1gb,q4,19676,32.7,100.0,3447.0,105.1,1.8
h2o_sf1gb_q4,1gb,q4,19844,32.71,100.0,3447.0,105.8,1.8
h2o_sf1gb_q4,1gb,q4,20014,32.71,100.0,3447.0,105.5,1.8
h2o_sf1gb_q4,1gb,q4,20179,32.72,100.0,3447.0,106.2,1.8
h2o_sf1gb_q4,1gb,q4,20351,32.72,100.0,3447.0,105.0,1.8
h2o_sf1gb_q4,1gb,q4,20518,32.73,100.0,3447.0,106.0,1.8
h2o_sf1gb_q4,1gb,q4,20686,32.74,100.0,3447.0,106.3,1.8
h2o_sf1gb_q4,1gb,q4,20855,32.75,100.0,3447.0,105.4,1.8
h2o_sf1gb_q4,1gb,q4,21023,32.76,100.0,3447.0,106.7,1.8
h2o_sf1gb_q4,1gb,q4,21192,32.74,100.0,3447.0,106.1,1.8
h2o_sf1gb_q4,1gb,q4,21359,32.76,100.0,3447.0,105.7,1.8
h2o_sf1gb_q4,1gb,q4,21527,32.76,100.0,3447.0,105.3,1.8
h2o_sf1gb_q4,1gb,q4,21698,32.76,100.0,3447.0,106.2,1.8
h2o_sf1gb_q4,1gb,q4,21865,32.76,100.0,3447.0,105.3,1.8
h2o_sf1gb_q4,1gb,q4,22032,32.75,100.0,3447.0,106.3,1.8
h2o_sf1gb_q4,1gb,q4,22201,32.74,100.0,3447.0,106.5,1.8
h2o_sf1gb_q4,1gb,q4,22371,32.71,100.0,3447.0,105.4,1.8
h2o_sf1gb_q4,1gb,q4,22553,32.69,100.0,3447.0,108.2,1.8
h2o_sf1gb_q4,1gb,q4,22707,32.65,100.0,3447.0,105.3,1.8
h2o_sf1gb_q4,1gb,q4,22874,32.64,100.0,3447.0,105.4,1.8
h2o_sf1gb_q4,1gb,q4,23044,32.64,100.0,3447.0,104.5,1.8
h2o_sf1gb_q4,1gb,q4,23213,32.64,100.0,3447.0,106.0,1.8
h2o_sf1gb_q4,1gb,q4,23378,32.63,100.0,3447.0,106.7,1.8
h2o_sf1gb_q4,1gb,q4,23550,32.64,100.0,3447.0,105.2,1.8
h2o_sf1gb_q4,1gb,q4,23717,32.63,100.0,3447.0,105.7,1.8
h2o_sf1gb_q4,1gb,q4,23884,32.61,100.0,3447.0,105.3,1.8
h2o_sf1gb_q4,1gb,q4,24052,32.61,100.0,3447.0,104.0,1.8
h2o_sf1gb_q4,1gb,q4,24224,32.61,100.0,3447.0,105.8,1.8
h2o_sf1gb_q4,1gb,q4,24392,32.62,100.0,3447.0,105.7,1.8
h2o_sf1gb_q4,1gb,q4,24562,32.65,100.0,3447.0,104.5,1.8
h2o_sf1gb_q4,1gb,q4,24731,32.65,100.0,3447.0,104.7,1.8
h2o_sf1gb_q4,1gb,q4,24897,32.65,100.0,3447.0,104.8,1.8
h2o_sf1gb_q4,1gb,q4,25069,32.66,100.0,3447.0,104.0,1.8
h2o_sf1gb_q4,1gb,q4,25233,32.65,100.0,3447.0,103.9,1.8
h2o_sf1gb_q4,1gb,q4,25403,32.6,100.0,3447.0,106.0,1.8
h2o_sf1gb_q4,1gb,q4,25572,32.57,100.0,3447.0,104.1,1.8
h2o_sf1gb_q4,1gb,q4,25739,32.58,100.0,3447.0,103.3,1.8
h2o_sf1gb_q4,1gb,q4,25912,32.58,100.0,3447.0,105.3,1.8
h2o_sf1gb_q4,1gb,q4,26079,32.57,100.0,3447.0,103.8,1.8
h2o_sf1gb_q4,1gb,q4,26244,32.57,100.0,3447.0,103.5,1.8
h2o_sf1gb_q4,1gb,q4,26414,32.6,100.0,3447.0,104.4,1.8
h2o_sf1gb_q4,1gb,q4,26583,32.64,100.0,3447.0,103.3,1.8
h2o_sf1gb_q4,1gb,q4,26751,32.65,100.0,3447.0,104.7,1.8
h2o_sf1gb_q4,1gb,q4,26919,32.67,100.0,3447.0,104.9,1.8
h2o_sf1gb_q4,1gb,q4,27090,32.7,100.0,3447.0,106.3,1.8
h2o_sf1gb_q4,1gb,q4,27257,32.72,100.0,3447.0,105.7,1.8
h2o_sf1gb_q4,1gb,q4,27426,32.72,100.0,3447.0,106.4,1.8
h2o_sf1gb_q4,1gb,q4,27592,32.69,100.0,3447.0,104.7,1.8
h2o_sf1gb_q4,1gb,q4,27763,32.7,100.0,3447.0,105.7,1.8
h2o_sf1gb_q4,1gb,q4,27928,32.72,100.0,3447.0,106.5,1.8
h2o_sf1gb_q4,1gb,q4,28099,32.73,100.0,3447.0,104.2,1.8
h2o_sf1gb_q4,1gb,q4,28268,32.74,100.0,3447.0,105.6,1.8
h2o_sf1gb_q4,1gb,q4,28439,32.76,100.0,3447.0,105.4,1.8
h2o_sf1gb_q4,1gb,q4,28604,32.78,100.0,3447.0,104.7,1.8
h2o_sf1gb_q4,1gb,q4,28771,32.77,100.0,3447.0,105.9,1.8
h2o_sf1gb_q4,1gb,q4,28941,32.77,100.0,3447.0,104.8,1.8
h2o_sf1gb_q4,1gb,q4,29110,32.74,100.0,3447.0,106.5,1.8
h2o_sf1gb_q4,1gb,q4,29277,32.71,100.0,3447.0,104.7,1.8
h2o_sf1gb_q4,1gb,q4,29447,32.7,100.0,3447.0,106.6,1.8
h2o_sf1gb_q4,1gb,q4,29615,32.65,100.0,3447.0,107.5,1.8
h2o_sf1gb_q4,1gb,q4,29783,32.63,100.0,3447.0,105.1,1.8
h2o_sf1gb_q4,1gb,q4,29950,32.61,100.0,3447.0,105.9,1.8
h2o_sf1gb_q4,1gb,q4,30120,32.54,100.0,3447.0,105.2,1.8
h2o_sf1gb_q4,1gb,q4,30295,32.54,100.0,3447.0,105.9,1.8
h2o_sf1gb_q4,1gb,q4,30459,32.51,100.0,3447.0,106.3,1.8
h2o_sf1gb_q4,1gb,q4,30627,32.5,100.0,3447.0,104.2,1.8
h2o_sf1gb_q4,1gb,q4,30794,32.51,100.0,3447.0,105.1,1.8
h2o_sf1gb_q4,1gb,q4,30962,32.49,100.0,3447.0,106.5,1.8
h2o_sf1gb_q4,1gb,q4,31129,32.47,100.0,3447.0,105.3,1.8
h2o_sf1gb_q4,1gb,q4,31299,32.47,100.0,3447.0,105.2,1.8
h2o_sf1gb_q4,1gb,q4,31470,32.47,100.0,3447.0,106.3,1.8
h2o_sf1gb_q4,1gb,q4,31638,32.47,100.0,3447.0,104.9,1.8
h2o_sf1gb_q4,1gb,q4,31806,32.45,100.0,3447.0,104.3,1.8
h2o_sf1gb_q4,1gb,q4,31975,32.46,100.0,3447.0,105.1,1.8
h2o_sf1gb_q4,1gb,q4,32145,32.45,100.0,3447.0,105.4,1.8
h2o_sf1gb_q4,1gb,q4,32311,32.45,100.0,3447.0,106.0,1.8
h2o_sf1gb_q4,1gb,q4,32478,32.46,100.0,3447.0,106.7,1.8
h2o_sf1gb_q4,1gb,q4,32649,32.47,100.0,3447.0,105.7,1.8
h2o_sf1gb_q4,1gb,q4,32816,32.46,100.0,3447.0,105.0,1.8
h2o_sf1gb_q4,1gb,q4,32989,32.45,100.0,3447.0,105.9,1.8
h2o_sf1gb_q4,1gb,q4,33153,32.44,100.0,3447.0,105.0,1.8
h2o_sf1gb_q4,1gb,q4,33324,32.45,100.0,3447.0,105.9,1.8
h2o_sf1gb_q4,1gb,q4,33492,32.45,100.0,3447.0,105.9,1.8
h2o_sf1gb_q4,1gb,q4,33659,32.47,100.0,3447.0,106.7,1.8
h2o_sf1gb_q4,1gb,q4,33826,32.48,100.0,3447.0,105.9,1.8
h2o_sf1gb_q4,1gb,q4,33997,32.52,100.0,3447.0,105.8,1.8
h2o_sf1gb_q4,1gb,q4,34164,32.52,100.0,3447.0,105.0,1.8
h2o_sf1gb_q4,1gb,q4,34333,32.52,100.0,3447.0,106.3,1.8
h2o_sf1gb_q4,1gb,q4,34500,32.54,100.0,3447.0,106.0,1.8
h2o_sf1gb_q4,1gb,q4,34668,32.53,100.0,3447.0,104.9,1.8
h2o_sf1gb_q4,1gb,q4,34838,32.53,100.0,3447.0,106.5,1.8
h2o_sf1gb_q4,1gb,q4,35006,32.54,100.0,3447.0,104.6,1.8
h2o_sf1gb_q4,1gb,q4,35175,32.56,100.0,3447.0,104.2,1.8
h2o_sf1gb_q4,1gb,q4,35344,32.54,100.0,3447.0,103.4,1.8
h2o_sf1gb_q4,1gb,q4,35512,32.55,100.0,3447.0,103.1,1.8
h2o_sf1gb_q4,1gb,q4,35679,32.57,100.0,3447.0,103.3,1.8
h2o_sf1gb_q4,1gb,q4,35851,32.58,100.0,3447.0,102.8,1.8
h2o_sf1gb_q4,1gb,q4,36018,32.6,100.0,3447.0,104.2,1.8
h2o_sf1gb_q4,1gb,q4,36188,32.6,100.0,3447.0,103.3,1.8
h2o_sf1gb_q4,1gb,q4,36353,32.63,100.0,3447.0,104.6,1.8
h2o_sf1gb_q4,1gb,q4,36523,32.62,100.0,3447.0,103.7,1.8
h2o_sf1gb_q4,1gb,q4,36690,32.58,100.0,3447.0,102.7,1.8
h2o_sf1gb_q4,1gb,q4,36861,32.54,100.0,3447.0,106.3,1.8
h2o_sf1gb_q4,1gb,q4,37035,32.55,100.0,3447.0,103.4,1.8
h2o_sf1gb_q4,1gb,q4,37198,32.56,100.0,3447.0,104.2,1.8
h2o_sf1gb_q4,1gb,q4,37366,32.53,100.0,3447.0,104.9,1.8
h2o_sf1gb_q4,1gb,q4,37532,32.53,100.0,3447.0,102.8,1.8
h2o_sf1gb_q4,1gb,q4,37705,32.52,100.0,3447.0,103.3,1.8
h2o_sf1gb_q4,1gb,q4,37871,32.53,100.0,3447.0,103.6,1.8
h2o_sf1gb_q4,1gb,q4,38116,32.42,95.0,335.0,99.0,1.8
h2o_sf1gb_q4,1gb,q4,38196,31.33,95.0,335.0,103.8,1.8
h2o_sf1gb_q4,1gb,q4,38334,29.95,95.0,325.0,102.5,1.8
h2o_sf1gb_q4,1gb,q4,38417,26.47,95.0,325.0,105.6,1.8
h2o_sf1gb_q4,1gb,q4,38869,19.99,95.0,15.0,100.2,1.8
h2o_sf1gb_q5,1gb,q5,29,18.33,95.0,15.0,101.2,1.7
h2o_sf1gb_q5,1gb,q5,247,18.2,95.0,15.0,99.1,1.8
h2o_sf1gb_q5,1gb,q5,343,16.41,95.0,33.0,98.6,1.8
h2o_sf1gb_q5,1gb,q5,424,16.54,95.0,3395.0,103.8,1.9
h2o_sf1gb_q5,1gb,q5,504,16.54,95.0,3395.0,105.9,1.8
h2o_sf1gb_q5,1gb,q5,583,16.44,95.0,3395.0,107.5,1.8
h2o_sf1gb_q5,1gb,q5,662,16.55,0.0,3395.0,105.0,1.8
h2o_sf1gb_q5,1gb,q5,741,16.49,0.0,3395.0,104.5,1.8
h2o_sf1gb_q5,1gb,q5,819,16.51,0.0,3395.0,105.8,1.8
h2o_sf1gb_q5,1gb,q5,897,16.51,0.0,3395.0,103.9,1.8
h2o_sf1gb_q5,1gb,q5,981,16.27,0.0,3395.0,105.3,1.8
h2o_sf1gb_q5,1gb,q5,1060,16.31,0.0,3395.0,104.9,1.8
h2o_sf1gb_q5,1gb,q5,1140,16.22,0.0,3395.0,106.0,1.9
h2o_sf1gb_q5,1gb,q5,1220,16.12,0.0,3395.0,105.7,1.8
h2o_sf1gb_q5,1gb,q5,1344,16.12,0.0,3395.0,104.3,1.9
h2o_sf1gb_q5,1gb,q5,1441,16.09,0.0,3452.0,104.7,1.8
h2o_sf1gb_q5,1gb,q5,1533,16.04,0.0,3453.0,99.8,1.8
h2o_sf1gb_q5,1gb,q5,1651,16.27,10.0,3648.0,102.5,1.9
h2o_sf1gb_q5,1gb,q5,1732,16.49,10.0,3437.0,106.2,1.8
h2o_sf1gb_q5,1gb,q5,1810,16.44,10.0,3437.0,105.0,1.8
h2o_sf1gb_q5,1gb,q5,1888,16.44,10.0,3437.0,104.3,1.8
h2o_sf1gb_q5,1gb,q5,1966,16.52,10.0,3437.0,106.2,1.8
h2o_sf1gb_q5,1gb,q5,2074,16.51,10.0,3437.0,101.0,1.8
h2o_sf1gb_q5,1gb,q5,2167,16.47,0.0,3437.0,103.1,1.9
h2o_sf1gb_q5,1gb,q5,2244,16.58,0.0,3437.0,94.5,1.8
h2o_sf1gb_q5,1gb,q5,2363,16.57,0.0,3441.0,107.4,1.8
h2o_sf1gb_q5,1gb,q5,2505,17.41,0.0,3441.0,109.1,1.8
h2o_sf1gb_q5,1gb,q5,2741,20.11,0.0,3441.0,106.0,1.8
h2o_sf1gb_q5,1gb,q5,2898,23.03,0.0,3449.0,106.3,1.8
h2o_sf1gb_q5,1gb,q5,3079,25.44,0.0,3449.0,105.9,1.8
h2o_sf1gb_q5,1gb,q5,3258,27.12,100.0,3449.0,105.5,1.8
h2o_sf1gb_q5,1gb,q5,3439,30.42,100.0,3449.0,106.1,1.8
h2o_sf1gb_q5,1gb,q5,3618,32.85,100.0,3449.0,106.2,1.8
h2o_sf1gb_q5,1gb,q5,3796,33.32,100.0,3449.0,105.0,1.8
h2o_sf1gb_q5,1gb,q5,3972,34.05,100.0,3449.0,106.0,1.8
h2o_sf1gb_q5,1gb,q5,4157,34.09,100.0,3449.0,107.1,1.8
h2o_sf1gb_q5,1gb,q5,4346,34.07,100.0,3449.0,105.0,1.8
h2o_sf1gb_q5,1gb,q5,4511,34.02,100.0,3449.0,106.7,1.8
h2o_sf1gb_q5,1gb,q5,4689,34.03,100.0,3449.0,105.1,1.8
h2o_sf1gb_q5,1gb,q5,4869,34.12,100.0,3449.0,106.0,1.8
h2o_sf1gb_q5,1gb,q5,5045,34.13,100.0,3449.0,107.8,1.8
h2o_sf1gb_q5,1gb,q5,5238,34.02,100.0,3449.0,106.5,1.8
h2o_sf1gb_q5,1gb,q5,5417,33.99,100.0,3449.0,106.0,1.8
h2o_sf1gb_q5,1gb,q5,5595,34.0,100.0,3449.0,105.6,1.8
h2o_sf1gb_q5,1gb,q5,5763,34.06,100.0,3449.0,105.1,1.8
h2o_sf1gb_q5,1gb,q5,5939,34.03,100.0,3449.0,105.0,1.8
h2o_sf1gb_q5,1gb,q5,6119,33.96,100.0,3449.0,107.1,1.8
h2o_sf1gb_q5,1gb,q5,6298,33.95,100.0,3449.0,105.5,1.8
h2o_sf1gb_q5,1gb,q5,6475,33.99,100.0,3449.0,105.9,1.8
h2o_sf1gb_q5,1gb,q5,6656,34.01,100.0,3449.0,104.4,1.8
h2o_sf1gb_q5,1gb,q5,6833,33.97,100.0,3449.0,104.7,1.8
h2o_sf1gb_q5,1gb,q5,7014,33.9,100.0,3449.0,105.5,1.8
h2o_sf1gb_q5,1gb,q5,7192,33.85,100.0,3449.0,103.4,1.8
h2o_sf1gb_q5,1gb,q5,7368,33.88,100.0,3449.0,105.6,1.8
h2o_sf1gb_q5,1gb,q5,7548,33.84,100.0,3449.0,106.5,1.8
h2o_sf1gb_q5,1gb,q5,7744,33.78,100.0,3449.0,106.6,1.8
h2o_sf1gb_q5,1gb,q5,7907,33.73,100.0,3449.0,105.7,1.8
h2o_sf1gb_q5,1gb,q5,8083,33.73,100.0,3449.0,106.2,1.8
h2o_sf1gb_q5,1gb,q5,8283,33.79,100.0,3449.0,106.0,1.8
h2o_sf1gb_q5,1gb,q5,8455,33.77,100.0,3449.0,105.6,1.8
h2o_sf1gb_q5,1gb,q5,8619,33.72,100.0,3449.0,108.2,1.8
h2o_sf1gb_q5,1gb,q5,8806,33.73,100.0,3449.0,106.8,1.8
h2o_sf1gb_q5,1gb,q5,8975,33.8,100.0,3449.0,106.5,1.8
h2o_sf1gb_q5,1gb,q5,9154,33.85,100.0,3449.0,106.1,1.8
h2o_sf1gb_q5,1gb,q5,9340,33.82,100.0,3449.0,107.1,1.8
h2o_sf1gb_q5,1gb,q5,9528,33.82,100.0,3449.0,107.1,1.8
h2o_sf1gb_q5,1gb,q5,9731,33.81,100.0,3449.0,106.1,1.8
h2o_sf1gb_q5,1gb,q5,9921,33.92,100.0,3449.0,106.9,1.8
h2o_sf1gb_q5,1gb,q5,10128,33.86,100.0,3449.0,106.1,1.8
h2o_sf1gb_q5,1gb,q5,10315,33.85,100.0,3449.0,106.3,1.8
h2o_sf1gb_q5,1gb,q5,10494,33.87,100.0,3449.0,107.1,1.8
h2o_sf1gb_q5,1gb,q5,10686,33.98,100.0,3449.0,105.3,1.8
h2o_sf1gb_q5,1gb,q5,10862,33.95,100.0,3449.0,106.3,1.8
h2o_sf1gb_q5,1gb,q5,11027,33.91,100.0,3449.0,106.3,1.8
h2o_sf1gb_q5,1gb,q5,11205,33.87,100.0,3449.0,104.9,1.8
h2o_sf1gb_q5,1gb,q5,11398,33.86,100.0,3449.0,105.9,1.8
h2o_sf1gb_q5,1gb,q5,11561,33.89,100.0,3449.0,106.7,1.8
h2o_sf1gb_q5,1gb,q5,11747,33.81,100.0,3449.0,106.1,1.8
h2o_sf1gb_q5,1gb,q5,11928,33.75,100.0,3449.0,106.1,1.8
h2o_sf1gb_q5,1gb,q5,12093,33.74,100.0,3449.0,105.9,1.8
h2o_sf1gb_q5,1gb,q5,12304,33.81,100.0,3449.0,109.0,1.8
h2o_sf1gb_q5,1gb,q5,12494,33.87,100.0,3449.0,105.2,1.8
h2o_sf1gb_q5,1gb,q5,12702,33.87,100.0,3449.0,106.4,1.8
h2o_sf1gb_q5,1gb,q5,12894,33.92,100.0,3449.0,106.1,1.8
h2o_sf1gb_q5,1gb,q5,13091,33.98,100.0,3449.0,105.5,1.8
h2o_sf1gb_q5,1gb,q5,13286,34.03,100.0,3449.0,107.2,1.8
h2o_sf1gb_q5,1gb,q5,13494,33.93,100.0,3449.0,106.1,1.8
h2o_sf1gb_q5,1gb,q5,13692,33.92,100.0,3449.0,105.7,1.8
h2o_sf1gb_q5,1gb,q5,13873,33.94,100.0,3449.0,106.2,1.8
h2o_sf1gb_q5,1gb,q5,14053,33.97,100.0,3449.0,105.4,1.8
h2o_sf1gb_q5,1gb,q5,14249,33.9,100.0,3449.0,106.1,1.8
h2o_sf1gb_q5,1gb,q5,14423,33.82,100.0,3449.0,106.7,1.8
h2o_sf1gb_q5,1gb,q5,14589,33.8,100.0,3449.0,105.5,1.8
h2o_sf1gb_q5,1gb,q5,14778,33.87,100.0,3449.0,106.7,1.8
h2o_sf1gb_q5,1gb,q5,14956,33.88,100.0,3449.0,105.7,1.8
h2o_sf1gb_q5,1gb,q5,15124,33.76,100.0,3449.0,106.3,1.8
h2o_sf1gb_q5,1gb,q5,15311,33.76,100.0,3449.0,106.5,1.8
h2o_sf1gb_q5,1gb,q5,15492,33.85,100.0,3449.0,106.5,1.8
h2o_sf1gb_q5,1gb,q5,15658,33.88,100.0,3449.0,111.2,1.9
h2o_sf1gb_q5,1gb,q5,15847,33.83,100.0,3449.0,107.4,1.8
h2o_sf1gb_q5,1gb,q5,16026,33.77,100.0,3449.0,107.2,1.8
h2o_sf1gb_q5,1gb,q5,16203,33.75,100.0,3449.0,106.2,1.8
h2o_sf1gb_q5,1gb,q5,16379,33.79,100.0,3449.0,106.1,1.8
h2o_sf1gb_q5,1gb,q5,16550,33.72,100.0,3449.0,107.3,1.8
h2o_sf1gb_q5,1gb,q5,16737,33.72,100.0,3449.0,106.5,1.8
h2o_sf1gb_q5,1gb,q5,16906,33.74,100.0,3449.0,106.3,1.8
h2o_sf1gb_q5,1gb,q5,17081,33.82,100.0,3449.0,106.7,1.8
h2o_sf1gb_q5,1gb,q5,17276,33.92,100.0,3449.0,106.3,1.8
h2o_sf1gb_q5,1gb,q5,17452,33.89,100.0,3449.0,106.5,1.8
h2o_sf1gb_q5,1gb,q5,17646,33.87,100.0,3449.0,106.9,1.8
h2o_sf1gb_q5,1gb,q5,17845,33.89,100.0,3449.0,106.7,1.8
h2o_sf1gb_q5,1gb,q5,18055,33.91,100.0,3449.0,106.6,1.8
h2o_sf1gb_q5,1gb,q5,18237,33.87,100.0,3449.0,105.7,1.8
h2o_sf1gb_q5,1gb,q5,18434,33.82,100.0,3449.0,106.0,1.8
h2o_sf1gb_q5,1gb,q5,18608,33.83,100.0,3449.0,105.9,1.8
h2o_sf1gb_q5,1gb,q5,18777,33.91,100.0,3449.0,105.1,1.8
h2o_sf1gb_q5,1gb,q5,18950,33.94,100.0,3449.0,104.1,1.8
h2o_sf1gb_q5,1gb,q5,19131,33.88,100.0,3449.0,105.5,1.8
h2o_sf1gb_q5,1gb,q5,19324,33.85,100.0,3449.0,106.0,1.8
h2o_sf1gb_q5,1gb,q5,19503,33.82,100.0,3449.0,107.0,1.8
h2o_sf1gb_q5,1gb,q5,19677,33.9,100.0,3449.0,104.7,1.8
h2o_sf1gb_q5,1gb,q5,19859,33.87,100.0,3449.0,104.8,1.8
h2o_sf1gb_q5,1gb,q5,20033,33.83,100.0,3449.0,105.0,1.8
h2o_sf1gb_q5,1gb,q5,20213,33.84,100.0,3449.0,106.6,1.8
h2o_sf1gb_q5,1gb,q5,20381,33.91,100.0,3449.0,106.2,1.8
h2o_sf1gb_q5,1gb,q5,20552,34.0,100.0,3449.0,105.7,1.8
h2o_sf1gb_q5,1gb,q5,20752,33.9,100.0,3449.0,105.7,1.8
h2o_sf1gb_q5,1gb,q5,20916,33.89,100.0,3449.0,105.2,1.8
h2o_sf1gb_q5,1gb,q5,21088,33.88,100.0,3449.0,106.5,1.8
h2o_sf1gb_q5,1gb,q5,21271,33.94,100.0,3449.0,106.0,1.8
h2o_sf1gb_q5,1gb,q5,21470,33.92,100.0,3449.0,106.0,1.8
h2o_sf1gb_q5,1gb,q5,21639,33.84,100.0,3449.0,106.7,1.8
h2o_sf1gb_q5,1gb,q5,21814,33.81,100.0,3449.0,104.9,1.8
h2o_sf1gb_q5,1gb,q5,21995,33.81,100.0,3449.0,106.3,1.8
h2o_sf1gb_q5,1gb,q5,22160,33.88,100.0,3449.0,105.6,1.8
h2o_sf1gb_q5,1gb,q5,22372,33.83,100.0,3449.0,106.4,1.8
h2o_sf1gb_q5,1gb,q5,22571,33.78,100.0,3449.0,106.4,1.8
h2o_sf1gb_q5,1gb,q5,22775,33.82,100.0,3449.0,106.1,1.8
h2o_sf1gb_q5,1gb,q5,22962,33.84,100.0,3449.0,105.8,1.8
h2o_sf1gb_q5,1gb,q5,23141,33.86,100.0,3449.0,106.2,1.8
h2o_sf1gb_q5,1gb,q5,23322,33.81,100.0,3449.0,105.7,1.8
h2o_sf1gb_q5,1gb,q5,23496,33.84,100.0,3449.0,105.6,1.8
h2o_sf1gb_q5,1gb,q5,23685,33.94,100.0,3449.0,106.6,1.8
h2o_sf1gb_q5,1gb,q5,23869,33.97,100.0,3449.0,106.3,1.8
h2o_sf1gb_q5,1gb,q5,24044,33.94,100.0,3449.0,105.4,1.8
h2o_sf1gb_q5,1gb,q5,24210,33.9,100.0,3449.0,105.3,1.8
h2o_sf1gb_q5,1gb,q5,24429,33.92,100.0,3449.0,106.4,1.8
h2o_sf1gb_q5,1gb,q5,24612,34.03,100.0,3449.0,106.3,1.8
h2o_sf1gb_q5,1gb,q5,24824,33.94,100.0,3449.0,106.3,1.8
h2o_sf1gb_q5,1gb,q5,25010,33.84,100.0,3449.0,106.7,1.8
h2o_sf1gb_q5,1gb,q5,25203,33.81,100.0,3449.0,105.4,1.8
h2o_sf1gb_q5,1gb,q5,25394,33.91,100.0,3449.0,105.4,1.8
h2o_sf1gb_q5,1gb,q5,25611,33.82,100.0,3449.0,106.1,1.8
h2o_sf1gb_q5,1gb,q5,25805,33.83,100.0,3449.0,105.9,1.8
h2o_sf1gb_q5,1gb,q5,25992,33.87,100.0,3449.0,105.8,1.8
h2o_sf1gb_q5,1gb,q5,26179,34.0,100.0,3449.0,104.6,1.8
h2o_sf1gb_q5,1gb,q5,26358,34.01,100.0,3449.0,105.7,1.8
h2o_sf1gb_q5,1gb,q5,26524,33.96,100.0,3449.0,107.6,1.8
h2o_sf1gb_q5,1gb,q5,26702,33.98,100.0,3449.0,106.5,1.8
h2o_sf1gb_q5,1gb,q5,26921,34.04,100.0,3449.0,104.7,1.8
h2o_sf1gb_q5,1gb,q5,27120,34.16,100.0,3449.0,105.8,1.8
h2o_sf1gb_q5,1gb,q5,27324,34.14,100.0,3449.0,105.7,1.8
h2o_sf1gb_q5,1gb,q5,27530,34.11,100.0,3449.0,105.6,1.8
h2o_sf1gb_q5,1gb,q5,27685,34.11,100.0,3449.0,105.1,1.8
h2o_sf1gb_q5,1gb,q5,27868,34.13,100.0,3449.0,105.0,1.8
h2o_sf1gb_q5,1gb,q5,28051,34.17,100.0,3449.0,105.1,1.8
h2o_sf1gb_q5,1gb,q5,28254,34.06,100.0,3449.0,105.4,1.8
h2o_sf1gb_q5,1gb,q5,28475,34.05,100.0,3449.0,106.6,1.8
h2o_sf1gb_q5,1gb,q5,28664,34.08,100.0,3449.0,105.2,1.8
h2o_sf1gb_q5,1gb,q5,28842,34.08,100.0,3449.0,105.3,1.8
h2o_sf1gb_q5,1gb,q5,29056,33.97,100.0,3449.0,105.1,1.8
h2o_sf1gb_q5,1gb,q5,29273,33.94,100.0,3449.0,106.4,1.8
h2o_sf1gb_q5,1gb,q5,29464,33.95,100.0,3449.0,105.6,1.8
h2o_sf1gb_q5,1gb,q5,29643,33.94,100.0,3449.0,105.5,1.8
h2o_sf1gb_q5,1gb,q5,29825,33.85,100.0,3449.0,104.9,1.8
h2o_sf1gb_q5,1gb,q5,30023,33.83,100.0,3449.0,105.4,1.8
h2o_sf1gb_q5,1gb,q5,30220,33.87,100.0,3449.0,105.0,1.8
h2o_sf1gb_q5,1gb,q5,30417,33.88,100.0,3449.0,105.1,1.8
h2o_sf1gb_q5,1gb,q5,30614,33.82,100.0,3449.0,105.0,1.8
h2o_sf1gb_q5,1gb,q5,30798,33.83,100.0,3449.0,105.6,1.8
h2o_sf1gb_q5,1gb,q5,31015,33.88,100.0,3449.0,104.2,1.8
h2o_sf1gb_q5,1gb,q5,31209,33.93,100.0,3449.0,105.0,1.8
h2o_sf1gb_q5,1gb,q5,31423,33.88,100.0,3449.0,106.0,1.8
h2o_sf1gb_q5,1gb,q5,31603,33.9,100.0,3449.0,105.7,1.8
h2o_sf1gb_q5,1gb,q5,31790,33.95,100.0,3449.0,106.0,1.8
h2o_sf1gb_q5,1gb,q5,31957,33.98,100.0,3449.0,105.8,1.8
h2o_sf1gb_q5,1gb,q5,32150,33.98,100.0,3449.0,105.8,1.8
h2o_sf1gb_q5,1gb,q5,32327,33.92,100.0,3449.0,105.7,1.8
h2o_sf1gb_q5,1gb,q5,32511,33.9,100.0,3449.0,105.5,1.8
h2o_sf1gb_q5,1gb,q5,32675,33.92,100.0,3449.0,104.9,1.8
h2o_sf1gb_q5,1gb,q5,32850,33.9,100.0,3449.0,105.3,1.8
h2o_sf1gb_q5,1gb,q5,33035,33.82,100.0,3449.0,105.8,1.8
h2o_sf1gb_q5,1gb,q5,33206,33.81,100.0,3449.0,103.9,1.8
h2o_sf1gb_q5,1gb,q5,33396,33.85,100.0,3449.0,104.1,1.8
h2o_sf1gb_q5,1gb,q5,33578,33.99,100.0,3449.0,103.6,1.8
h2o_sf1gb_q5,1gb,q5,33758,33.96,100.0,3449.0,107.4,1.8
h2o_sf1gb_q5,1gb,q5,33952,33.93,100.0,3449.0,105.2,1.8
h2o_sf1gb_q5,1gb,q5,34154,33.94,100.0,3449.0,106.3,1.8
h2o_sf1gb_q5,1gb,q5,34357,34.02,100.0,3449.0,106.2,1.8
h2o_sf1gb_q5,1gb,q5,34541,34.05,100.0,3449.0,105.4,1.8
h2o_sf1gb_q5,1gb,q5,34783,33.96,100.0,3449.0,102.5,1.8
h2o_sf1gb_q5,1gb,q5,34893,33.59,100.0,337.0,98.5,1.8
h2o_sf1gb_q5,1gb,q5,34978,32.02,100.0,337.0,104.0,1.8
h2o_sf1gb_q5,1gb,q5,35096,30.12,100.0,327.0,101.7,1.9
h2o_sf1gb_q5,1gb,q5,35177,28.38,100.0,327.0,104.8,1.8
h2o_sf1gb_q5,1gb,q5,35631,19.88,100.0,15.0,100.3,1.8
h2o_sf1gb_q6,1gb,q6,29,19.88,100.0,15.0,108.0,1.9
h2o_sf1gb_q6,1gb,q6,161,18.23,100.0,16.0,99.5,1.8
h2o_sf1gb_q6,1gb,q6,252,16.92,0.0,26.0,101.2,1.8
h2o_sf1gb_q6,1gb,q6,350,16.92,0.0,33.0,99.9,1.8
h2o_sf1gb_q6,1gb,q6,430,16.99,0.0,3395.0,104.1,1.9
h2o_sf1gb_q6,1gb,q6,510,17.03,0.0,3395.0,105.4,1.8
h2o_sf1gb_q6,1gb,q6,590,16.96,0.0,3395.0,104.7,1.8
h2o_sf1gb_q6,1gb,q6,669,16.93,0.0,3395.0,104.8,1.8
h2o_sf1gb_q6,1gb,q6,748,16.93,0.0,3395.0,105.5,1.8
h2o_sf1gb_q6,1gb,q6,831,16.94,0.0,3395.0,105.6,1.8
h2o_sf1gb_q6,1gb,q6,909,16.6,0.0,3395.0,103.7,1.8
h2o_sf1gb_q6,1gb,q6,988,16.52,0.0,3395.0,103.7,1.8
h2o_sf1gb_q6,1gb,q6,1067,16.4,0.0,3395.0,105.5,1.8
h2o_sf1gb_q6,1gb,q6,1146,16.4,0.0,3395.0,103.7,1.8
h2o_sf1gb_q6,1gb,q6,1225,16.26,0.0,3395.0,103.0,1.8
h2o_sf1gb_q6,1gb,q6,1304,16.22,0.0,3395.0,104.2,1.9
h2o_sf1gb_q6,1gb,q6,1384,16.03,0.0,3403.0,106.2,2.0
h2o_sf1gb_q6,1gb,q6,1499,16.1,0.0,3452.0,99.8,1.8
h2o_sf1gb_q6,1gb,q6,1595,16.18,0.0,3665.0,99.3,1.8
h2o_sf1gb_q6,1gb,q6,1693,16.4,0.0,3437.0,100.8,1.8
h2o_sf1gb_q6,1gb,q6,1773,16.62,6.0,3437.0,104.4,1.8
h2o_sf1gb_q6,1gb,q6,1853,16.55,6.0,3437.0,104.8,1.8
h2o_sf1gb_q6,1gb,q6,1932,16.55,6.0,3437.0,104.9,1.8
h2o_sf1gb_q6,1gb,q6,2028,16.61,6.0,3437.0,102.3,1.8
h2o_sf1gb_q6,1gb,q6,2113,16.59,6.0,3437.0,101.0,1.8
h2o_sf1gb_q6,1gb,q6,2191,16.57,6.0,3437.0,101.7,1.9
h2o_sf1gb_q6,1gb,q6,2302,16.68,0.0,3441.0,113.0,1.8
h2o_sf1gb_q6,1gb,q6,2438,17.6,0.0,3441.0,108.9,1.8
h2o_sf1gb_q6,1gb,q6,2668,20.53,0.0,3441.0,105.8,1.8
h2o_sf1gb_q6,1gb,q6,2757,23.1,100.0,3443.0,105.3,1.8
h2o_sf1gb_q6,1gb,q6,2844,23.1,100.0,3443.0,103.3,1.7
h2o_sf1gb_q6,1gb,q6,2931,25.35,100.0,3443.0,105.8,1.8
h2o_sf1gb_q6,1gb,q6,3037,26.03,100.0,3443.0,105.1,1.8
h2o_sf1gb_q6,1gb,q6,3139,27.64,100.0,3443.0,104.8,1.8
h2o_sf1gb_q6,1gb,q6,3242,29.39,100.0,3443.0,104.7,1.8
h2o_sf1gb_q6,1gb,q6,3334,31.12,100.0,3443.0,103.8,1.8
h2o_sf1gb_q6,1gb,q6,3423,32.93,100.0,3443.0,105.1,1.8
h2o_sf1gb_q6,1gb,q6,3510,33.06,100.0,3443.0,105.5,1.8
h2o_sf1gb_q6,1gb,q6,3599,32.99,100.0,3443.0,104.5,1.8
h2o_sf1gb_q6,1gb,q6,3698,32.97,100.0,3443.0,103.2,1.8
h2o_sf1gb_q6,1gb,q6,3795,33.14,100.0,3443.0,105.8,1.8
h2o_sf1gb_q6,1gb,q6,3893,33.41,100.0,3443.0,105.4,1.8
h2o_sf1gb_q6,1gb,q6,3989,33.7,100.0,3443.0,104.1,1.8
h2o_sf1gb_q6,1gb,q6,4091,33.84,100.0,3443.0,104.4,1.8
h2o_sf1gb_q6,1gb,q6,4187,33.82,100.0,3443.0,105.0,1.8
h2o_sf1gb_q6,1gb,q6,4289,33.01,93.0,3445.0,105.1,1.8
h2o_sf1gb_q6,1gb,q6,4376,33.22,93.0,3445.0,105.6,1.8
h2o_sf1gb_q6,1gb,q6,4463,33.22,93.0,3445.0,106.3,1.8
h2o_sf1gb_q6,1gb,q6,4545,33.22,93.0,3445.0,103.5,1.8
h2o_sf1gb_q6,1gb,q6,4644,33.17,93.0,3445.0,105.4,1.8
h2o_sf1gb_q6,1gb,q6,4745,33.29,93.0,3445.0,105.7,1.8
h2o_sf1gb_q6,1gb,q6,4848,33.37,100.0,3445.0,104.1,1.8
h2o_sf1gb_q6,1gb,q6,4933,33.3,100.0,3445.0,104.8,1.8
h2o_sf1gb_q6,1gb,q6,5018,33.28,100.0,3445.0,105.0,1.8
h2o_sf1gb_q6,1gb,q6,5105,33.09,100.0,3445.0,105.9,1.8
h2o_sf1gb_q6,1gb,q6,5205,32.91,100.0,3445.0,108.3,1.8
h2o_sf1gb_q6,1gb,q6,5308,33.4,100.0,3445.0,106.8,1.8
h2o_sf1gb_q6,1gb,q6,5408,33.51,100.0,3445.0,105.1,1.8
h2o_sf1gb_q6,1gb,q6,5507,33.69,100.0,3445.0,106.4,1.8
h2o_sf1gb_q6,1gb,q6,5609,33.98,100.0,3445.0,105.4,1.8
h2o_sf1gb_q6,1gb,q6,5776,34.03,100.0,3445.0,105.0,1.8
h2o_sf1gb_q6,1gb,q6,5863,33.74,100.0,3445.0,105.6,1.8
h2o_sf1gb_q6,1gb,q6,5951,33.74,100.0,3445.0,104.6,1.8
h2o_sf1gb_q6,1gb,q6,6037,33.68,100.0,3445.0,103.5,1.8
h2o_sf1gb_q6,1gb,q6,6136,33.66,100.0,3445.0,105.8,1.8
h2o_sf1gb_q6,1gb,q6,6242,33.74,100.0,3445.0,104.1,1.8
h2o_sf1gb_q6,1gb,q6,6349,33.83,100.0,3445.0,105.2,1.8
h2o_sf1gb_q6,1gb,q6,6436,33.8,100.0,3445.0,105.6,1.8
h2o_sf1gb_q6,1gb,q6,6524,33.63,100.0,3445.0,105.4,1.8
h2o_sf1gb_q6,1gb,q6,6611,33.56,100.0,3445.0,104.7,1.8
h2o_sf1gb_q6,1gb,q6,6709,33.39,100.0,3445.0,104.1,1.8
h2o_sf1gb_q6,1gb,q6,6808,33.32,100.0,3445.0,105.9,1.8
h2o_sf1gb_q6,1gb,q6,6905,33.52,100.0,3445.0,104.6,1.8
h2o_sf1gb_q6,1gb,q6,7003,33.65,100.0,3445.0,104.8,1.8
h2o_sf1gb_q6,1gb,q6,7102,33.82,100.0,3445.0,104.1,1.8
h2o_sf1gb_q6,1gb,q6,7274,34.06,100.0,3445.0,105.8,1.8
h2o_sf1gb_q6,1gb,q6,7359,33.81,100.0,3445.0,104.3,1.8
h2o_sf1gb_q6,1gb,q6,7446,33.81,100.0,3445.0,105.8,1.8
h2o_sf1gb_q6,1gb,q6,7532,33.76,100.0,3445.0,104.3,1.8
h2o_sf1gb_q6,1gb,q6,7635,33.74,100.0,3445.0,104.5,1.8
h2o_sf1gb_q6,1gb,q6,7735,33.89,100.0,3445.0,106.2,1.8
h2o_sf1gb_q6,1gb,q6,7846,34.01,100.0,3445.0,106.1,1.8
h2o_sf1gb_q6,1gb,q6,7934,34.04,100.0,3445.0,103.5,1.8
h2o_sf1gb_q6,1gb,q6,8020,33.82,100.0,3445.0,104.5,1.8
h2o_sf1gb_q6,1gb,q6,8108,33.63,100.0,3445.0,102.9,1.8
h2o_sf1gb_q6,1gb,q6,8205,33.41,100.0,3445.0,105.8,1.8
h2o_sf1gb_q6,1gb,q6,8305,33.46,100.0,3445.0,104.9,1.8
h2o_sf1gb_q6,1gb,q6,8403,33.57,100.0,3445.0,104.2,1.8
h2o_sf1gb_q6,1gb,q6,8504,33.78,100.0,3445.0,105.8,1.8
h2o_sf1gb_q6,1gb,q6,8607,34.11,100.0,3445.0,103.9,1.8
h2o_sf1gb_q6,1gb,q6,8769,34.2,100.0,3445.0,105.0,1.8
h2o_sf1gb_q6,1gb,q6,8855,33.84,100.0,3445.0,107.0,1.8
h2o_sf1gb_q6,1gb,q6,8942,33.84,100.0,3445.0,105.4,1.8
h2o_sf1gb_q6,1gb,q6,9027,33.81,100.0,3445.0,103.6,1.8
h2o_sf1gb_q6,1gb,q6,9127,33.8,100.0,3445.0,105.7,1.8
h2o_sf1gb_q6,1gb,q6,9226,33.95,100.0,3445.0,103.1,1.8
h2o_sf1gb_q6,1gb,q6,9328,34.05,100.0,3445.0,106.1,1.8
h2o_sf1gb_q6,1gb,q6,9415,34.09,100.0,3445.0,104.1,1.8
h2o_sf1gb_q6,1gb,q6,9503,33.95,100.0,3445.0,106.2,1.8
h2o_sf1gb_q6,1gb,q6,9590,33.75,100.0,3445.0,103.0,1.8
h2o_sf1gb_q6,1gb,q6,9680,33.55,100.0,3445.0,103.9,1.8
h2o_sf1gb_q6,1gb,q6,9779,33.44,100.0,3445.0,105.2,1.8
h2o_sf1gb_q6,1gb,q6,9878,33.56,100.0,3445.0,105.8,1.8
h2o_sf1gb_q6,1gb,q6,9976,33.85,100.0,3445.0,106.7,1.8
h2o_sf1gb_q6,1gb,q6,10076,33.96,100.0,3445.0,104.9,1.8
h2o_sf1gb_q6,1gb,q6,10202,34.17,100.0,3445.0,105.7,1.8
h2o_sf1gb_q6,1gb,q6,10293,34.08,100.0,3445.0,104.2,1.8
h2o_sf1gb_q6,1gb,q6,10379,33.83,100.0,3445.0,104.4,1.8
h2o_sf1gb_q6,1gb,q6,10466,33.73,100.0,3445.0,105.0,1.8
h2o_sf1gb_q6,1gb,q6,10552,33.73,100.0,3445.0,104.9,1.8
h2o_sf1gb_q6,1gb,q6,10652,33.7,100.0,3445.0,104.8,1.8
h2o_sf1gb_q6,1gb,q6,10756,33.83,100.0,3445.0,104.9,1.8
h2o_sf1gb_q6,1gb,q6,10862,34.06,100.0,3445.0,104.7,1.8
h2o_sf1gb_q6,1gb,q6,10951,34.06,100.0,3445.0,105.9,1.8
h2o_sf1gb_q6,1gb,q6,11039,33.92,100.0,3445.0,104.8,1.8
h2o_sf1gb_q6,1gb,q6,11125,33.6,100.0,3445.0,104.4,1.8
h2o_sf1gb_q6,1gb,q6,11222,33.53,100.0,3445.0,106.8,1.8
h2o_sf1gb_q6,1gb,q6,11322,33.37,100.0,3445.0,104.4,1.8
h2o_sf1gb_q6,1gb,q6,11419,33.47,100.0,3445.0,105.3,1.8
h2o_sf1gb_q6,1gb,q6,11519,33.65,100.0,3445.0,105.5,1.8
h2o_sf1gb_q6,1gb,q6,11623,33.85,100.0,3445.0,104.4,1.8
h2o_sf1gb_q6,1gb,q6,11786,34.01,100.0,3445.0,106.0,1.8
h2o_sf1gb_q6,1gb,q6,11871,33.76,100.0,3445.0,103.5,1.8
h2o_sf1gb_q6,1gb,q6,11958,33.68,100.0,3445.0,106.4,1.8
h2o_sf1gb_q6,1gb,q6,12042,33.68,100.0,3445.0,104.0,1.8
h2o_sf1gb_q6,1gb,q6,12143,33.65,100.0,3445.0,104.6,1.8
h2o_sf1gb_q6,1gb,q6,12243,33.87,100.0,3445.0,105.7,1.8
h2o_sf1gb_q6,1gb,q6,12351,33.94,100.0,3445.0,108.8,1.8
h2o_sf1gb_q6,1gb,q6,12440,33.97,100.0,3445.0,106.4,1.8
h2o_sf1gb_q6,1gb,q6,12527,33.8,100.0,3445.0,103.3,1.8
h2o_sf1gb_q6,1gb,q6,12617,33.59,100.0,3445.0,104.1,1.8
h2o_sf1gb_q6,1gb,q6,12717,33.35,100.0,3445.0,104.4,1.8
h2o_sf1gb_q6,1gb,q6,12815,33.38,100.0,3445.0,104.5,1.8
h2o_sf1gb_q6,1gb,q6,12912,33.46,100.0,3445.0,104.2,1.8
h2o_sf1gb_q6,1gb,q6,13009,33.72,100.0,3445.0,105.9,1.8
h2o_sf1gb_q6,1gb,q6,13110,33.92,100.0,3445.0,104.8,1.8
h2o_sf1gb_q6,1gb,q6,13313,34.0,100.0,3445.0,101.4,1.8
h2o_sf1gb_q6,1gb,q6,13418,33.52,94.0,333.0,99.2,1.8
h2o_sf1gb_q6,1gb,q6,13497,31.89,94.0,329.0,106.7,1.8
h2o_sf1gb_q6,1gb,q6,13575,30.48,94.0,323.0,102.7,1.9
h2o_sf1gb_q6,1gb,q6,13652,29.16,94.0,323.0,104.8,1.8
h2o_sf1gb_q6,1gb,q6,13994,23.72,94.0,15.0,100.4,1.8
h2o_sf1gb_q7,1gb,q7,27,23.72,94.0,15.0,107.1,1.9
h2o_sf1gb_q7,1gb,q7,154,23.04,94.0,16.0,99.4,1.8
h2o_sf1gb_q7,1gb,q7,260,20.14,94.0,33.0,100.4,1.8
h2o_sf1gb_q7,1gb,q7,347,18.58,94.0,3395.0,101.8,1.8
h2o_sf1gb_q7,1gb,q7,424,17.27,94.0,3395.0,105.6,1.8
h2o_sf1gb_q7,1gb,q7,502,17.16,94.0,3395.0,105.3,1.8
h2o_sf1gb_q7,1gb,q7,580,16.93,94.0,3395.0,104.0,1.8
h2o_sf1gb_q7,1gb,q7,658,16.95,94.0,3395.0,106.2,1.8
h2o_sf1gb_q7,1gb,q7,736,16.95,94.0,3395.0,105.8,1.8
h2o_sf1gb_q7,1gb,q7,815,16.94,0.0,3395.0,104.8,1.8
h2o_sf1gb_q7,1gb,q7,893,16.59,0.0,3395.0,105.0,1.8
h2o_sf1gb_q7,1gb,q7,970,16.6,0.0,3395.0,106.3,1.9
h2o_sf1gb_q7,1gb,q7,1048,16.6,0.0,3395.0,105.5,1.8
h2o_sf1gb_q7,1gb,q7,1126,16.6,0.0,3395.0,103.8,1.8
h2o_sf1gb_q7,1gb,q7,1204,16.55,0.0,3395.0,106.1,1.8
h2o_sf1gb_q7,1gb,q7,1319,16.35,0.0,3403.0,104.8,2.0
h2o_sf1gb_q7,1gb,q7,1413,16.39,0.0,3452.0,103.5,1.8
h2o_sf1gb_q7,1gb,q7,1499,16.31,0.0,3463.0,99.0,1.8
h2o_sf1gb_q7,1gb,q7,1611,16.54,0.0,3648.0,101.5,1.8
h2o_sf1gb_q7,1gb,q7,1694,16.75,0.0,3437.0,104.5,1.8
h2o_sf1gb_q7,1gb,q7,1775,16.86,0.0,3437.0,104.8,1.8
h2o_sf1gb_q7,1gb,q7,1855,16.86,0.0,3437.0,107.5,1.8
h2o_sf1gb_q7,1gb,q7,1934,16.79,0.0,3437.0,104.4,1.8
h2o_sf1gb_q7,1gb,q7,2043,16.77,0.0,3437.0,99.3,1.8
h2o_sf1gb_q7,1gb,q7,2135,16.8,0.0,3437.0,104.8,1.9
h2o_sf1gb_q7,1gb,q7,2213,16.79,0.0,3437.0,95.6,1.8
h2o_sf1gb_q7,1gb,q7,2315,16.71,0.0,3441.0,106.8,1.9
h2o_sf1gb_q7,1gb,q7,2461,17.43,0.0,3441.0,109.8,1.9
h2o_sf1gb_q7,1gb,q7,2630,20.04,0.0,3441.0,105.4,1.8
h2o_sf1gb_q7,1gb,q7,2758,21.24,0.0,3443.0,105.0,1.8
h2o_sf1gb_q7,1gb,q7,2975,23.49,0.0,3449.0,106.3,1.8
h2o_sf1gb_q7,1gb,q7,3154,26.67,0.0,3449.0,105.5,1.8
h2o_sf1gb_q7,1gb,q7,3343,29.9,0.0,3449.0,105.1,1.8
h2o_sf1gb_q7,1gb,q7,3533,32.45,100.0,3449.0,104.8,1.8
h2o_sf1gb_q7,1gb,q7,3719,33.0,100.0,3449.0,105.4,1.8
h2o_sf1gb_q7,1gb,q7,3906,33.12,100.0,3449.0,104.9,1.8
h2o_sf1gb_q7,1gb,q7,4086,33.73,100.0,3449.0,105.6,1.8
h2o_sf1gb_q7,1gb,q7,4269,33.73,100.0,3449.0,105.5,1.8
h2o_sf1gb_q7,1gb,q7,4458,33.72,100.0,3449.0,105.3,1.8
h2o_sf1gb_q7,1gb,q7,4647,33.68,100.0,3449.0,106.2,1.8
h2o_sf1gb_q7,1gb,q7,4839,33.62,100.0,3449.0,105.7,1.8
h2o_sf1gb_q7,1gb,q7,5018,33.63,100.0,3449.0,104.2,1.8
h2o_sf1gb_q7,1gb,q7,5197,33.61,100.0,3449.0,105.1,1.8
h2o_sf1gb_q7,1gb,q7,5389,33.6,100.0,3449.0,106.4,1.8
h2o_sf1gb_q7,1gb,q7,5577,33.6,100.0,3449.0,107.4,1.8
h2o_sf1gb_q7,1gb,q7,5755,33.63,100.0,3449.0,104.1,1.8
h2o_sf1gb_q7,1gb,q7,5939,33.6,100.0,3449.0,104.1,1.8
h2o_sf1gb_q7,1gb,q7,6117,33.59,100.0,3449.0,104.1,1.8
h2o_sf1gb_q7,1gb,q7,6310,33.64,100.0,3449.0,103.7,1.8
h2o_sf1gb_q7,1gb,q7,6498,33.66,100.0,3449.0,106.1,1.8
h2o_sf1gb_q7,1gb,q7,6680,33.66,100.0,3449.0,106.1,1.8
h2o_sf1gb_q7,1gb,q7,6870,33.65,100.0,3449.0,106.0,1.8
h2o_sf1gb_q7,1gb,q7,7055,33.67,100.0,3449.0,105.3,1.8
h2o_sf1gb_q7,1gb,q7,7238,33.56,100.0,3449.0,106.6,1.8
h2o_sf1gb_q7,1gb,q7,7424,33.56,100.0,3449.0,105.5,1.8
h2o_sf1gb_q7,1gb,q7,7611,33.58,100.0,3449.0,106.1,1.8
h2o_sf1gb_q7,1gb,q7,7796,33.59,100.0,3449.0,106.1,1.8
h2o_sf1gb_q7,1gb,q7,7982,33.58,100.0,3449.0,106.0,1.8
h2o_sf1gb_q7,1gb,q7,8173,33.58,100.0,3449.0,105.5,1.8
h2o_sf1gb_q7,1gb,q7,8365,33.57,100.0,3449.0,106.0,1.8
h2o_sf1gb_q7,1gb,q7,8546,33.56,100.0,3449.0,105.0,1.8
h2o_sf1gb_q7,1gb,q7,8733,33.57,100.0,3449.0,107.4,1.8
h2o_sf1gb_q7,1gb,q7,8918,33.6,100.0,3449.0,107.0,1.8
h2o_sf1gb_q7,1gb,q7,9098,33.61,100.0,3449.0,106.7,1.8
h2o_sf1gb_q7,1gb,q7,9284,33.63,100.0,3449.0,106.2,1.8
h2o_sf1gb_q7,1gb,q7,9469,33.6,100.0,3449.0,106.3,1.8
h2o_sf1gb_q7,1gb,q7,9651,33.57,100.0,3449.0,106.5,1.8
h2o_sf1gb_q7,1gb,q7,9840,33.5,100.0,3449.0,106.1,1.8
h2o_sf1gb_q7,1gb,q7,10025,33.53,100.0,3449.0,106.6,1.8
h2o_sf1gb_q7,1gb,q7,10209,33.58,100.0,3449.0,106.0,1.8
h2o_sf1gb_q7,1gb,q7,10400,33.6,100.0,3449.0,106.4,1.8
h2o_sf1gb_q7,1gb,q7,10580,33.61,100.0,3449.0,106.1,1.8
h2o_sf1gb_q7,1gb,q7,10766,33.62,100.0,3449.0,106.3,1.8
h2o_sf1gb_q7,1gb,q7,10951,33.65,100.0,3449.0,105.9,1.8
h2o_sf1gb_q7,1gb,q7,11134,33.61,100.0,3449.0,107.2,1.8
h2o_sf1gb_q7,1gb,q7,11322,33.59,100.0,3449.0,106.2,1.8
h2o_sf1gb_q7,1gb,q7,11507,33.63,100.0,3449.0,107.0,1.8
h2o_sf1gb_q7,1gb,q7,11697,33.6,100.0,3449.0,106.8,1.8
h2o_sf1gb_q7,1gb,q7,11886,33.58,100.0,3449.0,106.7,1.8
h2o_sf1gb_q7,1gb,q7,12068,33.53,100.0,3449.0,106.5,1.8
h2o_sf1gb_q7,1gb,q7,12257,33.5,100.0,3449.0,107.2,1.8
h2o_sf1gb_q7,1gb,q7,12446,33.47,100.0,3449.0,106.2,1.8
h2o_sf1gb_q7,1gb,q7,12629,33.48,100.0,3449.0,106.1,1.8
h2o_sf1gb_q7,1gb,q7,12815,33.51,100.0,3449.0,108.2,1.8
h2o_sf1gb_q7,1gb,q7,12995,33.51,100.0,3449.0,105.3,1.8
h2o_sf1gb_q7,1gb,q7,13179,33.53,100.0,3449.0,106.1,1.8
h2o_sf1gb_q7,1gb,q7,13365,33.53,100.0,3449.0,105.7,1.8
h2o_sf1gb_q7,1gb,q7,13547,33.52,100.0,3449.0,105.7,1.8
h2o_sf1gb_q7,1gb,q7,13745,33.43,100.0,3449.0,105.9,1.8
h2o_sf1gb_q7,1gb,q7,13931,33.49,100.0,3449.0,106.4,1.8
h2o_sf1gb_q7,1gb,q7,14113,33.53,100.0,3449.0,105.1,1.8
h2o_sf1gb_q7,1gb,q7,14296,33.51,100.0,3449.0,104.9,1.8
h2o_sf1gb_q7,1gb,q7,14481,33.5,100.0,3449.0,106.6,1.8
h2o_sf1gb_q7,1gb,q7,14671,33.5,100.0,3449.0,106.7,1.8
h2o_sf1gb_q7,1gb,q7,14854,33.5,100.0,3449.0,105.9,1.8
h2o_sf1gb_q7,1gb,q7,15033,33.46,100.0,3449.0,106.0,1.8
h2o_sf1gb_q7,1gb,q7,15226,33.46,100.0,3449.0,105.8,1.8
h2o_sf1gb_q7,1gb,q7,15417,33.5,100.0,3449.0,106.4,1.8
h2o_sf1gb_q7,1gb,q7,15592,33.5,100.0,3449.0,106.5,1.8
h2o_sf1gb_q7,1gb,q7,15783,33.51,100.0,3449.0,106.7,1.8
h2o_sf1gb_q7,1gb,q7,15965,33.51,100.0,3449.0,107.2,1.8
h2o_sf1gb_q7,1gb,q7,16150,33.49,100.0,3449.0,105.3,1.8
h2o_sf1gb_q7,1gb,q7,16337,33.42,100.0,3449.0,106.1,1.8
h2o_sf1gb_q7,1gb,q7,16525,33.48,100.0,3449.0,106.3,1.8
h2o_sf1gb_q7,1gb,q7,16704,33.53,100.0,3449.0,106.2,1.8
h2o_sf1gb_q7,1gb,q7,16889,33.52,100.0,3449.0,106.7,1.8
h2o_sf1gb_q7,1gb,q7,17078,33.52,100.0,3449.0,105.1,1.8
h2o_sf1gb_q7,1gb,q7,17265,33.52,100.0,3449.0,105.8,1.8
h2o_sf1gb_q7,1gb,q7,17456,33.49,100.0,3449.0,106.2,1.8
h2o_sf1gb_q7,1gb,q7,17637,33.41,100.0,3449.0,105.3,1.8
h2o_sf1gb_q7,1gb,q7,17824,33.49,100.0,3449.0,106.9,1.8
h2o_sf1gb_q7,1gb,q7,18009,33.53,100.0,3449.0,105.6,1.8
h2o_sf1gb_q7,1gb,q7,18191,33.56,100.0,3449.0,105.7,1.8
h2o_sf1gb_q7,1gb,q7,18374,33.58,100.0,3449.0,105.8,1.8
h2o_sf1gb_q7,1gb,q7,18555,33.59,100.0,3449.0,106.3,1.8
h2o_sf1gb_q7,1gb,q7,18748,33.59,100.0,3449.0,105.5,1.8
h2o_sf1gb_q7,1gb,q7,18943,33.51,100.0,3449.0,105.0,1.8
h2o_sf1gb_q7,1gb,q7,19121,33.6,100.0,3449.0,104.7,1.8
h2o_sf1gb_q7,1gb,q7,19307,33.63,100.0,3449.0,105.7,1.8
h2o_sf1gb_q7,1gb,q7,19501,33.65,100.0,3449.0,104.7,1.8
h2o_sf1gb_q7,1gb,q7,19678,33.64,100.0,3449.0,105.0,1.8
h2o_sf1gb_q7,1gb,q7,19863,33.65,100.0,3449.0,108.4,1.8
h2o_sf1gb_q7,1gb,q7,20045,33.65,100.0,3449.0,104.4,1.8
h2o_sf1gb_q7,1gb,q7,20228,33.59,100.0,3449.0,105.2,1.8
h2o_sf1gb_q7,1gb,q7,20419,33.63,100.0,3449.0,106.9,1.8
h2o_sf1gb_q7,1gb,q7,20604,33.64,100.0,3449.0,104.8,1.8
h2o_sf1gb_q7,1gb,q7,20787,33.65,100.0,3449.0,105.6,1.8
h2o_sf1gb_q7,1gb,q7,20970,33.64,100.0,3449.0,104.3,1.8
h2o_sf1gb_q7,1gb,q7,21156,33.64,100.0,3449.0,104.5,1.8
h2o_sf1gb_q7,1gb,q7,21342,33.6,100.0,3449.0,105.4,1.8
h2o_sf1gb_q7,1gb,q7,21535,33.55,100.0,3449.0,106.5,1.8
h2o_sf1gb_q7,1gb,q7,21719,33.6,100.0,3449.0,104.9,1.8
h2o_sf1gb_q7,1gb,q7,21896,33.65,100.0,3449.0,104.6,1.8
h2o_sf1gb_q7,1gb,q7,22086,33.69,100.0,3449.0,104.8,1.8
h2o_sf1gb_q7,1gb,q7,22269,33.78,100.0,3449.0,104.7,1.8
h2o_sf1gb_q7,1gb,q7,22465,33.82,100.0,3449.0,105.7,1.8
h2o_sf1gb_q7,1gb,q7,22653,33.85,100.0,3449.0,106.4,1.8
h2o_sf1gb_q7,1gb,q7,22829,33.84,100.0,3449.0,105.1,1.8
h2o_sf1gb_q7,1gb,q7,23014,33.87,100.0,3449.0,104.9,1.8
h2o_sf1gb_q7,1gb,q7,23204,33.91,100.0,3449.0,104.3,1.8
h2o_sf1gb_q7,1gb,q7,23386,33.9,100.0,3449.0,105.1,1.8
h2o_sf1gb_q7,1gb,q7,23575,33.9,100.0,3449.0,105.5,1.8
h2o_sf1gb_q7,1gb,q7,23755,33.85,100.0,3449.0,105.4,1.8
h2o_sf1gb_q7,1gb,q7,23943,33.82,100.0,3449.0,105.8,1.8
h2o_sf1gb_q7,1gb,q7,24130,33.8,100.0,3449.0,105.0,1.8
h2o_sf1gb_q7,1gb,q7,24317,33.8,100.0,3449.0,104.8,1.8
h2o_sf1gb_q7,1gb,q7,24508,33.76,100.0,3449.0,105.1,1.8
h2o_sf1gb_q7,1gb,q7,24687,33.74,100.0,3449.0,105.6,1.8
h2o_sf1gb_q7,1gb,q7,24871,33.7,100.0,3449.0,105.5,1.8
h2o_sf1gb_q7,1gb,q7,25062,33.66,100.0,3449.0,106.2,1.8
h2o_sf1gb_q7,1gb,q7,25239,33.6,100.0,3449.0,105.6,1.8
h2o_sf1gb_q7,1gb,q7,25424,33.53,100.0,3449.0,105.2,1.8
h2o_sf1gb_q7,1gb,q7,25613,33.56,100.0,3449.0,104.8,1.8
h2o_sf1gb_q7,1gb,q7,25800,33.52,100.0,3449.0,104.6,1.8
h2o_sf1gb_q7,1gb,q7,25993,33.5,100.0,3449.0,105.4,1.8
h2o_sf1gb_q7,1gb,q7,26174,33.47,100.0,3449.0,105.3,1.8
h2o_sf1gb_q7,1gb,q7,26351,33.49,100.0,3449.0,103.5,1.8
h2o_sf1gb_q7,1gb,q7,26539,33.45,100.0,3449.0,105.1,1.8
h2o_sf1gb_q7,1gb,q7,26728,33.48,100.0,3449.0,104.5,1.8
h2o_sf1gb_q7,1gb,q7,26912,33.53,100.0,3449.0,103.5,1.8
h2o_sf1gb_q7,1gb,q7,27100,33.58,100.0,3449.0,105.9,1.8
h2o_sf1gb_q7,1gb,q7,27273,33.57,100.0,3449.0,104.5,1.8
h2o_sf1gb_q7,1gb,q7,27469,33.59,100.0,3449.0,104.5,1.8
h2o_sf1gb_q7,1gb,q7,27657,33.61,100.0,3449.0,104.4,1.8
h2o_sf1gb_q7,1gb,q7,27841,33.59,100.0,3449.0,104.8,1.8
h2o_sf1gb_q7,1gb,q7,28031,33.66,100.0,3449.0,104.2,1.8
h2o_sf1gb_q7,1gb,q7,28212,33.69,100.0,3449.0,104.2,1.8
h2o_sf1gb_q7,1gb,q7,28391,33.73,100.0,3449.0,104.5,1.8
h2o_sf1gb_q7,1gb,q7,28577,33.74,100.0,3449.0,104.4,1.8
h2o_sf1gb_q7,1gb,q7,28760,33.73,100.0,3449.0,104.5,1.8
h2o_sf1gb_q7,1gb,q7,28940,33.71,100.0,3449.0,103.8,1.8
h2o_sf1gb_q7,1gb,q7,29134,33.61,100.0,3449.0,104.2,1.8
h2o_sf1gb_q7,1gb,q7,29323,33.66,100.0,3449.0,104.0,1.8
h2o_sf1gb_q7,1gb,q7,29518,33.7,100.0,3449.0,104.3,1.8
h2o_sf1gb_q7,1gb,q7,29696,33.68,100.0,3449.0,105.0,1.8
h2o_sf1gb_q7,1gb,q7,29881,33.66,100.0,3449.0,104.1,1.8
h2o_sf1gb_q7,1gb,q7,30068,33.64,100.0,3449.0,104.2,1.8
h2o_sf1gb_q7,1gb,q7,30250,33.61,100.0,3449.0,105.8,1.8
h2o_sf1gb_q7,1gb,q7,30428,33.51,100.0,3449.0,105.5,1.8
h2o_sf1gb_q7,1gb,q7,30620,33.59,100.0,3449.0,104.9,1.8
h2o_sf1gb_q7,1gb,q7,30800,33.63,100.0,3449.0,106.2,1.8
h2o_sf1gb_q7,1gb,q7,30992,33.64,100.0,3449.0,105.6,1.8
h2o_sf1gb_q7,1gb,q7,31183,33.66,100.0,3449.0,105.3,1.8
h2o_sf1gb_q7,1gb,q7,31362,33.66,100.0,3449.0,105.1,1.8
h2o_sf1gb_q7,1gb,q7,31547,33.68,100.0,3449.0,105.2,1.8
h2o_sf1gb_q7,1gb,q7,31735,33.61,100.0,3449.0,105.3,1.8
h2o_sf1gb_q7,1gb,q7,31993,32.56,100.0,337.0,99.8,1.8
h2o_sf1gb_q7,1gb,q7,32072,30.73,100.0,337.0,103.4,1.8
h2o_sf1gb_q7,1gb,q7,32201,29.11,100.0,327.0,100.8,1.8
h2o_sf1gb_q7,1gb,q7,32282,27.36,100.0,327.0,105.0,1.8
h2o_sf1gb_q7,1gb,q7,32744,20.54,0.0,15.0,100.0,1.8
h2o_sf1gb_q9,1gb,q9,29,20.13,0.0,15.0,105.9,1.8
h2o_sf1gb_q9,1gb,q9,162,18.57,0.0,16.0,99.9,1.8
h2o_sf1gb_q9,1gb,q9,259,16.55,0.0,32.0,100.6,1.8
h2o_sf1gb_q9,1gb,q9,351,16.58,0.0,43.0,99.6,1.8
h2o_sf1gb_q9,1gb,q9,431,16.69,0.0,3395.0,105.5,1.9
h2o_sf1gb_q9,1gb,q9,510,16.66,0.0,3395.0,105.5,1.8
h2o_sf1gb_q9,1gb,q9,589,16.66,0.0,3395.0,105.7,1.8
h2o_sf1gb_q9,1gb,q9,669,16.6,0.0,3395.0,105.2,1.8
h2o_sf1gb_q9,1gb,q9,747,16.67,0.0,3395.0,106.3,1.8
h2o_sf1gb_q9,1gb,q9,826,16.61,0.0,3395.0,104.5,1.8
h2o_sf1gb_q9,1gb,q9,906,16.36,0.0,3395.0,105.2,1.8
h2o_sf1gb_q9,1gb,q9,985,16.36,0.0,3395.0,105.1,1.8
h2o_sf1gb_q9,1gb,q9,1063,16.44,0.0,3395.0,106.9,1.9
h2o_sf1gb_q9,1gb,q9,1142,16.36,0.0,3395.0,103.7,1.8
h2o_sf1gb_q9,1gb,q9,1221,16.3,0.0,3395.0,105.1,1.8
h2o_sf1gb_q9,1gb,q9,1344,16.12,0.0,3395.0,106.1,2.0
h2o_sf1gb_q9,1gb,q9,1438,16.16,0.0,3452.0,108.0,1.8
h2o_sf1gb_q9,1gb,q9,1531,16.08,0.0,3453.0,101.0,1.8
h2o_sf1gb_q9,1gb,q9,1640,16.32,0.0,3648.0,98.3,1.8
h2o_sf1gb_q9,1gb,q9,1723,16.47,0.0,3437.0,103.9,1.9
h2o_sf1gb_q9,1gb,q9,1802,16.46,7.0,3437.0,103.3,1.8
h2o_sf1gb_q9,1gb,q9,1882,16.46,7.0,3437.0,102.0,1.8
h2o_sf1gb_q9,1gb,q9,1962,16.45,7.0,3437.0,105.1,1.8
h2o_sf1gb_q9,1gb,q9,2076,16.44,7.0,3437.0,97.7,1.8
h2o_sf1gb_q9,1gb,q9,2182,16.42,7.0,3437.0,100.7,1.9
h2o_sf1gb_q9,1gb,q9,2260,16.4,0.0,3437.0,93.9,1.8
h2o_sf1gb_q9,1gb,q9,2365,16.45,0.0,3441.0,105.5,1.8
h2o_sf1gb_q9,1gb,q9,2504,17.1,0.0,3441.0,108.5,1.8
h2o_sf1gb_q9,1gb,q9,2717,19.74,0.0,3441.0,104.4,1.8
h2o_sf1gb_q9,1gb,q9,2818,22.25,0.0,3443.0,104.0,1.8
h2o_sf1gb_q9,1gb,q9,2967,23.25,0.0,3447.0,103.1,1.8
h2o_sf1gb_q9,1gb,q9,3128,24.76,0.0,3447.0,104.0,1.8
h2o_sf1gb_q9,1gb,q9,3296,27.78,100.0,3447.0,103.5,1.8
h2o_sf1gb_q9,1gb,q9,3450,30.87,100.0,3447.0,103.9,1.8
h2o_sf1gb_q9,1gb,q9,3614,31.73,100.0,3447.0,103.4,1.8
h2o_sf1gb_q9,1gb,q9,3794,32.03,100.0,3447.0,105.3,1.8
h2o_sf1gb_q9,1gb,q9,3956,32.59,100.0,3447.0,104.3,1.8
h2o_sf1gb_q9,1gb,q9,4114,32.62,100.0,3447.0,103.7,1.8
h2o_sf1gb_q9,1gb,q9,4288,32.64,100.0,3447.0,103.6,1.8
h2o_sf1gb_q9,1gb,q9,4453,32.65,100.0,3447.0,102.7,1.8
h2o_sf1gb_q9,1gb,q9,4620,32.64,100.0,3447.0,103.1,1.8
h2o_sf1gb_q9,1gb,q9,4803,32.62,100.0,3447.0,104.5,1.8
h2o_sf1gb_q9,1gb,q9,4956,32.62,100.0,3447.0,105.3,1.8
h2o_sf1gb_q9,1gb,q9,5131,32.62,100.0,3447.0,104.9,1.8
h2o_sf1gb_q9,1gb,q9,5290,32.63,100.0,3447.0,104.8,1.8
h2o_sf1gb_q9,1gb,q9,5443,32.64,100.0,3447.0,104.4,1.8
h2o_sf1gb_q9,1gb,q9,5601,32.63,100.0,3447.0,103.6,1.8
h2o_sf1gb_q9,1gb,q9,5730,32.66,100.0,3447.0,103.4,1.8
h2o_sf1gb_q9,1gb,q9,5898,32.64,100.0,3447.0,104.2,1.8
h2o_sf1gb_q9,1gb,q9,6060,32.61,100.0,3447.0,105.8,1.8
h2o_sf1gb_q9,1gb,q9,6239,32.57,100.0,3447.0,105.2,1.8
h2o_sf1gb_q9,1gb,q9,6393,32.56,100.0,3447.0,103.3,1.8
h2o_sf1gb_q9,1gb,q9,6562,32.5,100.0,3447.0,103.8,1.8
h2o_sf1gb_q9,1gb,q9,6723,32.46,100.0,3447.0,104.5,1.8
h2o_sf1gb_q9,1gb,q9,6888,32.46,100.0,3447.0,105.9,1.8
h2o_sf1gb_q9,1gb,q9,7051,32.45,100.0,3447.0,106.0,1.8
h2o_sf1gb_q9,1gb,q9,7174,32.46,100.0,3447.0,105.9,1.8
h2o_sf1gb_q9,1gb,q9,7351,32.46,100.0,3447.0,106.7,1.8
h2o_sf1gb_q9,1gb,q9,7498,32.48,100.0,3447.0,105.9,1.8
h2o_sf1gb_q9,1gb,q9,7671,32.52,100.0,3447.0,105.8,1.8
h2o_sf1gb_q9,1gb,q9,7830,32.54,100.0,3447.0,106.0,1.8
h2o_sf1gb_q9,1gb,q9,7984,32.54,100.0,3447.0,106.3,1.8
h2o_sf1gb_q9,1gb,q9,8142,32.54,100.0,3447.0,105.9,1.8
h2o_sf1gb_q9,1gb,q9,8273,32.57,100.0,3447.0,106.3,1.8
h2o_sf1gb_q9,1gb,q9,8431,32.56,100.0,3447.0,106.6,1.8
h2o_sf1gb_q9,1gb,q9,8599,32.55,100.0,3447.0,108.1,1.8
h2o_sf1gb_q9,1gb,q9,8771,32.54,100.0,3447.0,105.6,1.8
h2o_sf1gb_q9,1gb,q9,8932,32.53,100.0,3447.0,105.2,1.8
h2o_sf1gb_q9,1gb,q9,9109,32.53,100.0,3447.0,105.6,1.8
h2o_sf1gb_q9,1gb,q9,9268,32.53,100.0,3447.0,105.8,1.8
h2o_sf1gb_q9,1gb,q9,9431,32.54,100.0,3447.0,105.1,1.8
h2o_sf1gb_q9,1gb,q9,9593,32.54,100.0,3447.0,105.5,1.8
h2o_sf1gb_q9,1gb,q9,9775,32.55,100.0,3447.0,105.7,1.8
h2o_sf1gb_q9,1gb,q9,9928,32.59,100.0,3447.0,105.3,1.8
h2o_sf1gb_q9,1gb,q9,10078,32.62,100.0,3447.0,105.6,1.8
h2o_sf1gb_q9,1gb,q9,10237,32.64,100.0,3447.0,105.1,1.8
h2o_sf1gb_q9,1gb,q9,10373,32.65,100.0,3447.0,105.5,1.8
h2o_sf1gb_q9,1gb,q9,10540,32.66,100.0,3447.0,104.8,1.8
h2o_sf1gb_q9,1gb,q9,10703,32.67,100.0,3447.0,105.6,1.8
h2o_sf1gb_q9,1gb,q9,10868,32.7,100.0,3447.0,106.0,1.8
h2o_sf1gb_q9,1gb,q9,11031,32.72,100.0,3447.0,105.6,1.8
h2o_sf1gb_q9,1gb,q9,11198,32.72,100.0,3447.0,105.4,1.8
h2o_sf1gb_q9,1gb,q9,11364,32.73,100.0,3447.0,105.4,1.8
h2o_sf1gb_q9,1gb,q9,11522,32.75,100.0,3447.0,105.0,1.8
h2o_sf1gb_q9,1gb,q9,11683,32.78,100.0,3447.0,105.4,1.8
h2o_sf1gb_q9,1gb,q9,11861,32.8,100.0,3447.0,105.7,1.8
h2o_sf1gb_q9,1gb,q9,12026,32.8,100.0,3447.0,105.6,1.8
h2o_sf1gb_q9,1gb,q9,12148,32.79,100.0,3447.0,105.8,1.8
h2o_sf1gb_q9,1gb,q9,12321,32.79,100.0,3447.0,105.1,1.8
h2o_sf1gb_q9,1gb,q9,12472,32.79,100.0,3447.0,106.2,1.8
h2o_sf1gb_q9,1gb,q9,12642,32.77,100.0,3447.0,106.0,1.8
h2o_sf1gb_q9,1gb,q9,12806,32.74,100.0,3447.0,105.1,1.8
h2o_sf1gb_q9,1gb,q9,12961,32.78,100.0,3447.0,106.8,1.8
h2o_sf1gb_q9,1gb,q9,13127,32.77,100.0,3447.0,106.6,1.8
h2o_sf1gb_q9,1gb,q9,13309,32.75,100.0,3447.0,105.2,1.8
h2o_sf1gb_q9,1gb,q9,13466,32.74,100.0,3447.0,105.8,1.8
h2o_sf1gb_q9,1gb,q9,13613,32.73,100.0,3447.0,105.3,1.8
h2o_sf1gb_q9,1gb,q9,13773,32.71,100.0,3447.0,106.6,1.8
h2o_sf1gb_q9,1gb,q9,13910,32.71,100.0,3447.0,105.8,1.8
h2o_sf1gb_q9,1gb,q9,14067,32.7,100.0,3447.0,105.8,1.8
h2o_sf1gb_q9,1gb,q9,14233,32.71,100.0,3447.0,106.3,1.8
h2o_sf1gb_q9,1gb,q9,14415,32.71,100.0,3447.0,105.2,1.8
h2o_sf1gb_q9,1gb,q9,14573,32.72,100.0,3447.0,106.0,1.8
h2o_sf1gb_q9,1gb,q9,14733,32.72,100.0,3447.0,105.9,1.8
h2o_sf1gb_q9,1gb,q9,14902,32.74,100.0,3447.0,105.7,1.8
h2o_sf1gb_q9,1gb,q9,15079,32.73,100.0,3447.0,106.5,1.8
h2o_sf1gb_q9,1gb,q9,15234,32.72,100.0,3447.0,106.1,1.8
h2o_sf1gb_q9,1gb,q9,15397,32.72,100.0,3447.0,106.4,1.8
h2o_sf1gb_q9,1gb,q9,15562,32.69,100.0,3447.0,106.5,1.8
h2o_sf1gb_q9,1gb,q9,15739,32.66,100.0,3447.0,108.7,1.8
h2o_sf1gb_q9,1gb,q9,15897,32.63,100.0,3447.0,105.9,1.8
h2o_sf1gb_q9,1gb,q9,16063,32.61,100.0,3447.0,106.7,1.8
h2o_sf1gb_q9,1gb,q9,16225,32.61,100.0,3447.0,106.0,1.8
h2o_sf1gb_q9,1gb,q9,16368,32.6,100.0,3447.0,105.9,1.8
h2o_sf1gb_q9,1gb,q9,16524,32.59,100.0,3447.0,107.3,1.8
h2o_sf1gb_q9,1gb,q9,16671,32.58,100.0,3447.0,106.7,1.8
h2o_sf1gb_q9,1gb,q9,16846,32.58,100.0,3447.0,106.2,1.8
h2o_sf1gb_q9,1gb,q9,17002,32.56,100.0,3447.0,106.2,1.8
h2o_sf1gb_q9,1gb,q9,17157,32.57,100.0,3447.0,105.7,1.8
h2o_sf1gb_q9,1gb,q9,17316,32.56,100.0,3447.0,105.9,1.8
h2o_sf1gb_q9,1gb,q9,17452,32.59,100.0,3447.0,105.2,1.8
h2o_sf1gb_q9,1gb,q9,17600,32.59,100.0,3447.0,106.2,1.8
h2o_sf1gb_q9,1gb,q9,17761,32.61,100.0,3447.0,107.3,1.8
h2o_sf1gb_q9,1gb,q9,17895,32.6,100.0,3447.0,104.9,1.8
h2o_sf1gb_q9,1gb,q9,18068,32.63,100.0,3447.0,107.0,1.8
h2o_sf1gb_q9,1gb,q9,18221,32.65,100.0,3447.0,105.5,1.8
h2o_sf1gb_q9,1gb,q9,18382,32.66,100.0,3447.0,106.1,1.8
h2o_sf1gb_q9,1gb,q9,18547,32.67,100.0,3447.0,106.0,1.8
h2o_sf1gb_q9,1gb,q9,18706,32.69,100.0,3447.0,105.2,1.8
h2o_sf1gb_q9,1gb,q9,18873,32.72,100.0,3447.0,108.1,1.8
h2o_sf1gb_q9,1gb,q9,19053,32.74,100.0,3447.0,106.1,1.8
h2o_sf1gb_q9,1gb,q9,19214,32.72,100.0,3447.0,104.8,1.8
h2o_sf1gb_q9,1gb,q9,19384,32.71,100.0,3447.0,104.0,1.8
h2o_sf1gb_q9,1gb,q9,19546,32.69,100.0,3447.0,104.3,1.8
h2o_sf1gb_q9,1gb,q9,19709,32.66,100.0,3447.0,103.8,1.8
h2o_sf1gb_q9,1gb,q9,19872,32.63,100.0,3447.0,103.8,1.8
h2o_sf1gb_q9,1gb,q9,20039,32.61,100.0,3447.0,105.9,1.8
h2o_sf1gb_q9,1gb,q9,20205,32.66,100.0,3447.0,104.0,1.8
h2o_sf1gb_q9,1gb,q9,20373,32.66,100.0,3447.0,102.5,1.8
h2o_sf1gb_q9,1gb,q9,20535,32.67,100.0,3447.0,104.0,1.8
h2o_sf1gb_q9,1gb,q9,20714,32.68,100.0,3447.0,104.3,1.8
h2o_sf1gb_q9,1gb,q9,20872,32.74,100.0,3447.0,103.8,1.8
h2o_sf1gb_q9,1gb,q9,21024,32.76,100.0,3447.0,105.1,1.8
h2o_sf1gb_q9,1gb,q9,21184,32.75,100.0,3447.0,105.2,1.8
h2o_sf1gb_q9,1gb,q9,21316,32.77,100.0,3447.0,103.3,1.8
h2o_sf1gb_q9,1gb,q9,21472,32.78,100.0,3447.0,103.9,1.8
h2o_sf1gb_q9,1gb,q9,21640,32.8,100.0,3447.0,103.7,1.8
h2o_sf1gb_q9,1gb,q9,21815,32.82,100.0,3447.0,104.2,1.8
h2o_sf1gb_q9,1gb,q9,21976,32.79,99.0,3447.0,104.1,1.8
h2o_sf1gb_q9,1gb,q9,22152,32.76,99.0,3447.0,104.5,1.8
h2o_sf1gb_q9,1gb,q9,22310,32.74,99.0,3447.0,103.9,1.8
h2o_sf1gb_q9,1gb,q9,22458,32.73,100.0,3447.0,104.4,1.8
h2o_sf1gb_q9,1gb,q9,22620,32.74,100.0,3447.0,104.5,1.8
h2o_sf1gb_q9,1gb,q9,22800,32.72,100.0,3447.0,105.8,1.8
h2o_sf1gb_q9,1gb,q9,22970,32.7,100.0,3447.0,105.8,1.8
h2o_sf1gb_q9,1gb,q9,23134,32.7,100.0,3447.0,104.8,1.8
h2o_sf1gb_q9,1gb,q9,23299,32.7,100.0,3447.0,103.4,1.8
h2o_sf1gb_q9,1gb,q9,23491,32.7,100.0,3447.0,104.5,1.8
h2o_sf1gb_q9,1gb,q9,23635,32.68,100.0,3447.0,103.0,1.8
h2o_sf1gb_q9,1gb,q9,23793,32.66,100.0,3447.0,103.9,1.8
h2o_sf1gb_q9,1gb,q9,23964,32.64,100.0,3447.0,104.8,1.8
h2o_sf1gb_q9,1gb,q9,24144,32.62,100.0,3447.0,107.1,1.8
h2o_sf1gb_q9,1gb,q9,24298,32.56,100.0,3447.0,104.6,1.8
h2o_sf1gb_q9,1gb,q9,24456,32.56,100.0,3447.0,105.4,1.8
h2o_sf1gb_q9,1gb,q9,24625,32.55,100.0,3447.0,106.3,1.8
h2o_sf1gb_q9,1gb,q9,24821,32.54,100.0,3447.0,106.0,1.8
h2o_sf1gb_q9,1gb,q9,25092,32.43,100.0,335.0,99.7,1.8
h2o_sf1gb_q9,1gb,q9,25173,30.92,100.0,335.0,103.9,1.8
h2o_sf1gb_q9,1gb,q9,25300,29.81,100.0,325.0,99.5,1.8
h2o_sf1gb_q9,1gb,q9,25381,27.92,100.0,325.0,106.3,1.8
h2o_sf1gb_q9,1gb,q9,25832,19.76,100.0,15.0,99.7,1.8
h2o_sf1gb_q10,1gb,q10,29,19.76,100.0,15.0,106.8,1.8
h2o_sf1gb_q10,1gb,q10,166,19.43,100.0,16.0,98.7,1.8
h2o_sf1gb_q10,1gb,q10,264,16.75,100.0,32.0,100.7,1.8
h2o_sf1gb_q10,1gb,q10,358,16.73,100.0,43.0,101.0,1.8
h2o_sf1gb_q10,1gb,q10,437,16.79,100.0,3395.0,103.3,1.8
h2o_sf1gb_q10,1gb,q10,516,16.65,100.0,3395.0,103.1,1.8
h2o_sf1gb_q10,1gb,q10,596,16.67,100.0,3395.0,107.1,1.8
h2o_sf1gb_q10,1gb,q10,675,16.72,0.0,3395.0,104.3,1.8
h2o_sf1gb_q10,1gb,q10,754,16.72,0.0,3395.0,104.7,1.8
h2o_sf1gb_q10,1gb,q10,832,16.68,0.0,3395.0,106.1,1.9
h2o_sf1gb_q10,1gb,q10,911,16.46,0.0,3395.0,105.1,1.8
h2o_sf1gb_q10,1gb,q10,988,16.41,0.0,3395.0,106.1,1.8
h2o_sf1gb_q10,1gb,q10,1066,16.46,0.0,3395.0,106.2,1.8
h2o_sf1gb_q10,1gb,q10,1144,16.46,0.0,3395.0,105.5,1.8
h2o_sf1gb_q10,1gb,q10,1222,16.29,0.0,3395.0,105.5,1.8
h2o_sf1gb_q10,1gb,q10,1347,16.24,0.0,3395.0,104.1,1.9
h2o_sf1gb_q10,1gb,q10,1434,16.04,0.0,3439.0,104.6,1.8
h2o_sf1gb_q10,1gb,q10,1537,16.05,0.0,3453.0,99.5,1.8
h2o_sf1gb_q10,1gb,q10,1645,16.24,8.0,3648.0,98.2,1.8
h2o_sf1gb_q10,1gb,q10,1726,16.52,8.0,3437.0,103.2,1.8
h2o_sf1gb_q10,1gb,q10,1805,16.62,8.0,3437.0,103.8,1.8
h2o_sf1gb_q10,1gb,q10,1884,16.54,8.0,3437.0,104.6,1.8
h2o_sf1gb_q10,1gb,q10,1962,16.54,8.0,3437.0,104.8,1.8
h2o_sf1gb_q10,1gb,q10,2066,16.54,8.0,3437.0,99.5,1.8
h2o_sf1gb_q10,1gb,q10,2172,16.61,0.0,3437.0,103.2,1.9
h2o_sf1gb_q10,1gb,q10,2287,16.91,0.0,3441.0,110.6,1.9
h2o_sf1gb_q10,1gb,q10,2423,17.86,0.0,3441.0,107.8,1.8
h2o_sf1gb_q10,1gb,q10,2650,19.51,0.0,3441.0,104.9,1.8
h2o_sf1gb_q10,1gb,q10,2751,22.28,0.0,3449.0,103.2,1.8
h2o_sf1gb_q10,1gb,q10,2896,24.59,0.0,3449.0,104.6,1.8
h2o_sf1gb_q10,1gb,q10,3033,27.31,0.0,3449.0,103.7,1.8
h2o_sf1gb_q10,1gb,q10,3165,27.95,100.0,3449.0,105.4,1.8
h2o_sf1gb_q10,1gb,q10,3295,32.28,100.0,3449.0,104.2,1.8
h2o_sf1gb_q10,1gb,q10,3426,32.45,100.0,3449.0,104.8,1.8
h2o_sf1gb_q10,1gb,q10,3555,33.07,100.0,3449.0,104.2,1.8
h2o_sf1gb_q10,1gb,q10,3686,33.15,100.0,3449.0,103.2,1.8
h2o_sf1gb_q10,1gb,q10,3816,33.27,100.0,3449.0,103.9,1.8
h2o_sf1gb_q10,1gb,q10,3949,33.95,100.0,3449.0,104.9,1.8
h2o_sf1gb_q10,1gb,q10,4077,33.85,100.0,3449.0,103.1,1.8
h2o_sf1gb_q10,1gb,q10,4215,33.83,100.0,3449.0,109.5,1.8
h2o_sf1gb_q10,1gb,q10,4340,33.89,100.0,3449.0,106.3,1.8
h2o_sf1gb_q10,1gb,q10,4471,34.04,100.0,3449.0,104.2,1.8
h2o_sf1gb_q10,1gb,q10,4600,33.83,100.0,3449.0,106.9,1.8
h2o_sf1gb_q10,1gb,q10,4738,33.97,100.0,3449.0,105.8,1.8
h2o_sf1gb_q10,1gb,q10,4862,34.01,100.0,3449.0,105.8,1.8
h2o_sf1gb_q10,1gb,q10,4994,33.93,100.0,3449.0,106.1,1.8
h2o_sf1gb_q10,1gb,q10,5123,33.86,100.0,3449.0,105.5,1.8
h2o_sf1gb_q10,1gb,q10,5260,34.04,100.0,3449.0,105.5,1.8
h2o_sf1gb_q10,1gb,q10,5384,33.84,100.0,3449.0,106.2,1.8
h2o_sf1gb_q10,1gb,q10,5518,33.84,100.0,3449.0,105.9,1.8
h2o_sf1gb_q10,1gb,q10,5646,33.95,100.0,3449.0,106.8,1.8
h2o_sf1gb_q10,1gb,q10,5776,33.97,100.0,3449.0,106.2,1.8
h2o_sf1gb_q10,1gb,q10,5907,33.89,100.0,3449.0,106.1,1.8
h2o_sf1gb_q10,1gb,q10,6040,34.0,100.0,3449.0,106.2,1.8
h2o_sf1gb_q10,1gb,q10,6171,34.09,100.0,3449.0,105.5,1.8
h2o_sf1gb_q10,1gb,q10,6301,33.92,100.0,3449.0,105.9,1.8
h2o_sf1gb_q10,1gb,q10,6434,33.91,100.0,3449.0,106.0,1.8
h2o_sf1gb_q10,1gb,q10,6563,34.06,100.0,3449.0,107.2,1.8
h2o_sf1gb_q10,1gb,q10,6698,33.87,100.0,3449.0,104.8,1.8
h2o_sf1gb_q10,1gb,q10,6823,34.0,100.0,3449.0,107.6,1.8
h2o_sf1gb_q10,1gb,q10,6959,34.05,100.0,3449.0,106.2,1.8
h2o_sf1gb_q10,1gb,q10,7086,33.85,100.0,3449.0,105.6,1.8
h2o_sf1gb_q10,1gb,q10,7217,33.93,100.0,3449.0,106.8,1.8
h2o_sf1gb_q10,1gb,q10,7351,34.01,100.0,3449.0,106.0,1.8
h2o_sf1gb_q10,1gb,q10,7483,33.94,100.0,3449.0,104.3,1.8
h2o_sf1gb_q10,1gb,q10,7611,33.86,100.0,3449.0,105.8,1.8
h2o_sf1gb_q10,1gb,q10,7748,33.92,100.0,3449.0,104.4,1.8
h2o_sf1gb_q10,1gb,q10,7868,34.08,100.0,3449.0,105.8,1.8
h2o_sf1gb_q10,1gb,q10,7999,33.91,100.0,3449.0,106.4,1.8
h2o_sf1gb_q10,1gb,q10,8129,33.89,100.0,3449.0,105.1,1.8
h2o_sf1gb_q10,1gb,q10,8261,34.02,100.0,3449.0,105.2,1.8
h2o_sf1gb_q10,1gb,q10,8391,33.85,100.0,3449.0,105.6,1.8
h2o_sf1gb_q10,1gb,q10,8524,33.99,100.0,3449.0,104.8,1.8
h2o_sf1gb_q10,1gb,q10,8659,34.04,100.0,3449.0,105.6,1.8
h2o_sf1gb_q10,1gb,q10,8786,33.89,100.0,3449.0,103.9,1.8
h2o_sf1gb_q10,1gb,q10,8916,33.92,100.0,3449.0,106.5,1.8
h2o_sf1gb_q10,1gb,q10,9045,34.15,100.0,3449.0,105.6,1.8
h2o_sf1gb_q10,1gb,q10,9174,34.23,100.0,3449.0,106.4,1.8
h2o_sf1gb_q10,1gb,q10,9305,34.1,100.0,3449.0,105.9,1.8
h2o_sf1gb_q10,1gb,q10,9437,34.17,100.0,3449.0,105.9,1.8
h2o_sf1gb_q10,1gb,q10,9567,34.33,100.0,3449.0,104.9,1.8
h2o_sf1gb_q10,1gb,q10,9696,34.22,100.0,3449.0,105.3,1.8
h2o_sf1gb_q10,1gb,q10,9829,34.35,100.0,3449.0,106.1,1.8
h2o_sf1gb_q10,1gb,q10,9964,34.38,100.0,3449.0,114.5,1.9
h2o_sf1gb_q10,1gb,q10,10091,34.25,100.0,3449.0,110.8,1.8
h2o_sf1gb_q10,1gb,q10,10223,34.37,100.0,3449.0,107.5,1.8
h2o_sf1gb_q10,1gb,q10,10359,34.44,100.0,3449.0,107.5,1.8
h2o_sf1gb_q10,1gb,q10,10492,34.25,100.0,3449.0,107.8,1.8
h2o_sf1gb_q10,1gb,q10,10616,34.25,100.0,3449.0,106.6,1.8
h2o_sf1gb_q10,1gb,q10,10751,34.39,100.0,3449.0,106.0,1.8
h2o_sf1gb_q10,1gb,q10,10875,34.5,100.0,3449.0,104.8,1.8
h2o_sf1gb_q10,1gb,q10,11006,34.24,100.0,3449.0,104.3,1.8
h2o_sf1gb_q10,1gb,q10,11135,34.27,100.0,3449.0,105.8,1.8
h2o_sf1gb_q10,1gb,q10,11273,34.37,100.0,3449.0,105.7,1.8
h2o_sf1gb_q10,1gb,q10,11403,34.1,100.0,3449.0,107.4,1.8
h2o_sf1gb_q10,1gb,q10,11532,34.11,100.0,3449.0,104.5,1.8
h2o_sf1gb_q10,1gb,q10,11660,34.23,100.0,3449.0,104.9,1.8
h2o_sf1gb_q10,1gb,q10,11788,33.97,100.0,3449.0,103.3,1.8
h2o_sf1gb_q10,1gb,q10,11919,34.06,100.0,3449.0,104.9,1.8
h2o_sf1gb_q10,1gb,q10,12050,34.1,100.0,3449.0,104.7,1.8
h2o_sf1gb_q10,1gb,q10,12183,33.93,100.0,3449.0,104.1,1.8
h2o_sf1gb_q10,1gb,q10,12309,33.94,100.0,3449.0,105.8,1.8
h2o_sf1gb_q10,1gb,q10,12441,34.02,100.0,3449.0,106.2,1.8
h2o_sf1gb_q10,1gb,q10,12574,34.17,100.0,3449.0,105.1,1.8
h2o_sf1gb_q10,1gb,q10,12704,33.91,100.0,3449.0,106.7,1.8
h2o_sf1gb_q10,1gb,q10,12830,33.96,100.0,3449.0,106.1,1.8
h2o_sf1gb_q10,1gb,q10,12968,34.06,100.0,3449.0,105.7,1.8
h2o_sf1gb_q10,1gb,q10,13095,33.86,100.0,3449.0,105.3,1.8
h2o_sf1gb_q10,1gb,q10,13225,33.99,100.0,3449.0,104.6,1.8
h2o_sf1gb_q10,1gb,q10,13356,34.04,100.0,3449.0,106.6,1.8
h2o_sf1gb_q10,1gb,q10,13489,33.96,100.0,3449.0,103.8,1.8
h2o_sf1gb_q10,1gb,q10,13618,33.86,100.0,3449.0,105.2,1.8
h2o_sf1gb_q10,1gb,q10,13748,34.06,100.0,3449.0,106.8,1.8
h2o_sf1gb_q10,1gb,q10,13880,33.99,100.0,3449.0,105.1,1.8
h2o_sf1gb_q10,1gb,q10,14012,33.96,100.0,3449.0,105.7,1.8
h2o_sf1gb_q10,1gb,q10,14142,33.98,100.0,3449.0,105.0,1.8
h2o_sf1gb_q10,1gb,q10,14275,34.15,100.0,3449.0,104.9,1.8
h2o_sf1gb_q10,1gb,q10,14406,33.91,100.0,3449.0,105.3,1.8
h2o_sf1gb_q10,1gb,q10,14532,34.06,100.0,3449.0,105.1,1.8
h2o_sf1gb_q10,1gb,q10,14661,34.1,100.0,3449.0,104.4,1.8
h2o_sf1gb_q10,1gb,q10,14797,33.92,100.0,3449.0,105.5,1.8
h2o_sf1gb_q10,1gb,q10,14924,34.05,100.0,3449.0,106.6,1.8
h2o_sf1gb_q10,1gb,q10,15055,34.08,100.0,3449.0,106.8,1.8
h2o_sf1gb_q10,1gb,q10,15184,33.88,100.0,3449.0,105.8,1.8
h2o_sf1gb_q10,1gb,q10,15320,33.96,100.0,3449.0,105.5,1.8
h2o_sf1gb_q10,1gb,q10,15446,34.03,100.0,3449.0,105.6,1.8
h2o_sf1gb_q10,1gb,q10,15575,33.93,100.0,3449.0,104.3,1.8
h2o_sf1gb_q10,1gb,q10,15705,33.88,100.0,3449.0,106.0,1.8
h2o_sf1gb_q10,1gb,q10,15842,33.93,100.0,3449.0,105.9,1.8
h2o_sf1gb_q10,1gb,q10,15967,34.07,100.0,3449.0,105.1,1.8
h2o_sf1gb_q10,1gb,q10,16101,33.85,100.0,3449.0,106.9,1.8
h2o_sf1gb_q10,1gb,q10,16234,33.89,100.0,3449.0,105.4,1.8
h2o_sf1gb_q10,1gb,q10,16362,34.03,100.0,3449.0,105.1,1.8
h2o_sf1gb_q10,1gb,q10,16493,34.02,100.0,3449.0,105.7,1.8
h2o_sf1gb_q10,1gb,q10,16624,34.04,100.0,3449.0,106.2,1.8
h2o_sf1gb_q10,1gb,q10,16757,34.06,100.0,3449.0,104.8,1.8
h2o_sf1gb_q10,1gb,q10,16884,34.0,100.0,3449.0,106.1,1.8
h2o_sf1gb_q10,1gb,q10,17015,33.97,100.0,3449.0,105.5,1.8
h2o_sf1gb_q10,1gb,q10,17143,34.02,100.0,3449.0,105.6,1.8
h2o_sf1gb_q10,1gb,q10,17276,34.19,100.0,3449.0,107.2,1.8
h2o_sf1gb_q10,1gb,q10,17404,33.93,100.0,3449.0,105.6,1.8
h2o_sf1gb_q10,1gb,q10,17535,34.02,100.0,3449.0,105.5,1.8
h2o_sf1gb_q10,1gb,q10,17668,34.1,100.0,3449.0,104.9,1.8
h2o_sf1gb_q10,1gb,q10,17798,33.97,100.0,3449.0,105.8,1.8
h2o_sf1gb_q10,1gb,q10,17927,34.05,100.0,3449.0,107.1,1.8
h2o_sf1gb_q10,1gb,q10,18057,34.11,100.0,3449.0,105.3,1.8
h2o_sf1gb_q10,1gb,q10,18193,33.9,100.0,3449.0,106.2,1.8
h2o_sf1gb_q10,1gb,q10,18324,34.04,100.0,3449.0,107.5,1.8
h2o_sf1gb_q10,1gb,q10,18450,34.08,100.0,3449.0,108.8,1.8
h2o_sf1gb_q10,1gb,q10,18581,34.08,100.0,3449.0,107.4,1.8
h2o_sf1gb_q10,1gb,q10,18716,34.05,100.0,3449.0,105.3,1.8
h2o_sf1gb_q10,1gb,q10,18847,34.09,100.0,3449.0,105.3,1.8
h2o_sf1gb_q10,1gb,q10,18974,34.26,100.0,3449.0,107.1,1.8
h2o_sf1gb_q10,1gb,q10,19109,34.03,100.0,3449.0,104.9,1.8
h2o_sf1gb_q10,1gb,q10,19240,34.11,100.0,3449.0,104.8,1.8
h2o_sf1gb_q10,1gb,q10,19374,34.15,100.0,3449.0,104.6,1.8
h2o_sf1gb_q10,1gb,q10,19498,33.93,100.0,3449.0,104.6,1.8
h2o_sf1gb_q10,1gb,q10,19627,34.05,100.0,3449.0,105.5,1.8
h2o_sf1gb_q10,1gb,q10,19760,34.09,100.0,3449.0,105.3,1.8
h2o_sf1gb_q10,1gb,q10,19889,33.92,100.0,3449.0,104.9,1.8
h2o_sf1gb_q10,1gb,q10,20018,33.95,100.0,3449.0,105.6,1.8
h2o_sf1gb_q10,1gb,q10,20151,34.16,100.0,3449.0,105.2,1.8
h2o_sf1gb_q10,1gb,q10,20286,34.08,100.0,3449.0,105.4,1.8
h2o_sf1gb_q10,1gb,q10,20411,34.0,100.0,3449.0,105.4,1.8
h2o_sf1gb_q10,1gb,q10,20544,34.05,100.0,3449.0,105.6,1.8
h2o_sf1gb_q10,1gb,q10,20676,34.21,100.0,3449.0,105.1,1.8
h2o_sf1gb_q10,1gb,q10,20808,34.0,100.0,3449.0,105.7,1.8
h2o_sf1gb_q10,1gb,q10,20932,33.99,100.0,3449.0,105.7,1.8
h2o_sf1gb_q10,1gb,q10,21065,34.1,100.0,3449.0,105.1,1.8
h2o_sf1gb_q10,1gb,q10,21195,33.87,100.0,3449.0,103.8,1.8
h2o_sf1gb_q10,1gb,q10,21324,34.0,100.0,3449.0,105.9,1.8
h2o_sf1gb_q10,1gb,q10,21573,33.82,100.0,337.0,98.3,1.8
h2o_sf1gb_q10,1gb,q10,21653,32.3,100.0,337.0,103.3,1.8
h2o_sf1gb_q10,1gb,q10,21800,30.83,100.0,327.0,99.4,1.8
h2o_sf1gb_q10,1gb,q10,21882,27.14,3.0,327.0,107.1,1.8
h2o_sf1gb_q10,1gb,q10,22340,20.4,3.0,15.0,98.2,1.8
