benchmark,sf,query,n_reps,target_reps,min_ms,avg_ms,max_ms,all_ms,status
tpch,1,q1,50,50,14,20.28,63,"[63, 14, 14, 18, 14, 14, 18, 14, 14, 22, 24, 26, 18, 14, 14, 18, 14, 14, 18, 15, 16, 29, 25, 19, 18, 15, 18, 18, 16, 18, 18, 22, 29, 26, 26, 26, 24, 23, 29, 29, 26, 29, 18, 15, 18, 18, 15, 18, 18, 15]",OK
tpch,1,q2,50,50,5,5.86,47,"[47, 5, 5, 5, 5, 5, 5, 5, 5, 5, 5, 5, 5, 5, 5, 5, 5, 5, 5, 5, 5, 5, 5, 5, 5, 5, 5, 5, 5, 5, 5, 5, 5, 5, 5, 5, 5, 5, 5, 6, 5, 5, 5, 5, 5, 5, 5, 5, 5, 5]",OK
tpch,1,q3,50,50,11,12.86,19,"[14, 12, 14, 14, 12, 14, 14, 12, 14, 14, 11, 13, 12, 11, 13, 12, 12, 13, 13, 12, 13, 13, 12, 14, 14, 11, 19, 14, 11, 14, 13, 11, 13, 13, 11, 16, 13, 11, 14, 13, 11, 13, 12, 11, 13, 12, 11, 14, 13, 14]",OK
tpch,1,q4,50,50,7,8.66,38,"[38, 7, 7, 8, 7, 8, 8, 7, 8, 8, 7, 8, 8, 8, 8, 9, 8, 8, 8, 7, 8, 8, 7, 8, 8, 8, 8, 8, 7, 8, 8, 8, 8, 8, 8, 8, 20, 8, 8, 9, 7, 8, 8, 8, 8, 8, 7, 8, 8, 7]",OK
tpch,1,q5,50,50,11,13.52,30,"[30, 12, 12, 14, 11, 12, 15, 12, 12, 14, 12, 13, 13, 12, 12, 13, 13, 13, 15, 13, 13, 14, 13, 13, 13, 22, 22, 13, 12, 13, 13, 12, 13, 13, 12, 12, 14, 13, 12, 13, 13, 12, 13, 13, 12, 14, 13, 12, 13, 13]",OK
tpch,1,q6,50,50,8,9.9,17,"[15, 8, 10, 10, 8, 10, 10, 8, 10, 10, 8, 10, 10, 10, 10, 10, 8, 10, 10, 9, 12, 9, 9, 10, 10, 9, 10, 10, 9, 10, 10, 9, 10, 17, 9, 10, 10, 9, 10, 10, 10, 10, 10, 9, 10, 11, 9, 10, 10, 10]",OK
tpch,1,q7,50,50,13,14.8,35,"[35, 13, 15, 14, 13, 16, 14, 13, 15, 14, 14, 15, 14, 13, 15, 15, 13, 15, 15, 14, 15, 15, 13, 15, 15, 14, 15, 15, 15, 15, 14, 15, 15, 14, 15, 15, 14, 15, 15, 13, 15, 15, 14, 14, 14, 14, 15, 13, 14, 15]",OK
tpch,1,q8,50,50,14,20.32,52,"[26, 14, 17, 15, 14, 17, 15, 14, 17, 17, 16, 17, 17, 15, 17, 17, 14, 18, 18, 14, 17, 17, 15, 23, 32, 29, 22, 20, 14, 21, 28, 14, 30, 41, 29, 18, 28, 16, 18, 29, 28, 52, 18, 17, 17, 18, 17, 24, 18, 17]",OK
tpch,1,q9,50,50,17,20.58,34,"[34, 17, 21, 21, 17, 21, 21, 21, 21, 20, 18, 21, 20, 18, 21, 21, 18, 21, 22, 18, 21, 21, 19, 21, 21, 18, 21, 20, 19, 22, 21, 21, 20, 21, 19, 22, 22, 18, 24, 20, 18, 20, 21, 19, 21, 20, 19, 21, 21, 26]",OK
tpch,1,q10,50,50,13,14.16,31,"[31, 14, 13, 15, 14, 13, 14, 14, 15, 14, 14, 13, 14, 14, 13, 14, 14, 13, 14, 14, 13, 13, 14, 13, 17, 14, 13, 13, 14, 13, 13, 14, 13, 14, 15, 13, 14, 15, 14, 14, 14, 13, 14, 14, 13, 13, 15, 14, 14, 14]",OK
tpch,1,q11,50,50,9,10.08,28,"[28, 10, 10, 10, 10, 9, 10, 10, 9, 10, 10, 9, 10, 10, 9, 10, 10, 9, 10, 10, 9, 10, 10, 9, 10, 9, 9, 10, 9, 9, 10, 9, 9, 10, 9, 9, 10, 9, 9, 12, 9, 9, 11, 10, 10, 11, 10, 10, 12, 9]",OK
tpch,1,q12,50,50,46,56.76,94,"[57, 46, 57, 94, 83, 64, 57, 47, 55, 55, 48, 56, 55, 49, 55, 56, 48, 57, 59, 50, 60, 60, 53, 57, 57, 53, 58, 58, 53, 58, 58, 53, 58, 56, 53, 57, 57, 54, 57, 58, 53, 57, 58, 53, 57, 58, 54, 59, 58, 55]",OK
tpch,1,q13,50,50,20,21.16,28,"[28, 21, 21, 22, 21, 21, 21, 21, 21, 21, 21, 20, 21, 21, 20, 21, 21, 21, 21, 21, 24, 22, 21, 21, 21, 21, 21, 21, 21, 20, 21, 21, 21, 21, 21, 21, 21, 21, 20, 21, 21, 21, 21, 21, 21, 21, 21, 21, 21, 21]",OK
tpch,1,q14,50,50,46,49.08,54,"[48, 50, 50, 50, 50, 51, 48, 50, 49, 48, 50, 52, 50, 50, 46, 50, 51, 48, 49, 49, 49, 50, 50, 47, 49, 47, 49, 47, 48, 51, 48, 48, 50, 47, 50, 49, 47, 54, 48, 50, 51, 50, 47, 49, 48, 48, 49, 48, 48, 49]",OK
tpch,1,q15,50,50,40,53.52,90,"[51, 40, 49, 48, 40, 48, 48, 60, 48, 47, 44, 47, 48, 43, 48, 49, 44, 47, 49, 47, 49, 78, 62, 83, 46, 46, 49, 44, 50, 50, 45, 48, 48, 47, 48, 47, 47, 48, 47, 49, 90, 47, 49, 76, 72, 82, 48, 76, 80, 80]",OK
tpch,1,q16,50,50,30,34.82,63,"[63, 31, 35, 31, 34, 30, 35, 34, 34, 34, 33, 35, 31, 34, 35, 35, 33, 35, 35, 34, 35, 35, 35, 35, 35, 36, 34, 33, 34, 35, 39, 35, 34, 35, 31, 35, 35, 34, 34, 34, 33, 35, 34, 35, 35, 34, 35, 35, 35, 36]",OK
tpch,1,q17,50,50,50,67.32,88,"[76, 53, 51, 52, 51, 75, 82, 78, 54, 55, 78, 86, 73, 74, 51, 83, 74, 86, 87, 85, 87, 83, 70, 76, 79, 51, 52, 88, 80, 83, 86, 76, 77, 79, 81, 76, 72, 50, 52, 50, 52, 52, 51, 50, 52, 51, 50, 56, 50, 50]",OK
tpch,1,q18,50,50,48,58.2,75,"[60, 49, 60, 59, 48, 59, 63, 52, 60, 60, 52, 59, 60, 53, 60, 59, 55, 60, 59, 56, 59, 60, 55, 60, 60, 55, 60, 61, 55, 75, 59, 55, 60, 60, 55, 61, 59, 55, 60, 61, 55, 60, 61, 56, 60, 59, 56, 60, 59, 56]",OK
tpch,1,q19,50,50,53,57.24,64,"[56, 58, 53, 57, 57, 58, 56, 58, 54, 56, 64, 55, 56, 58, 55, 58, 58, 55, 58, 58, 56, 58, 58, 55, 58, 58, 55, 58, 58, 55, 59, 58, 55, 60, 59, 61, 59, 57, 56, 59, 58, 55, 59, 58, 54, 59, 58, 54, 59, 58]",OK
tpch,1,q20,50,50,49,63.38,148,"[70, 49, 57, 56, 50, 59, 96, 91, 92, 93, 148, 97, 93, 54, 58, 57, 68, 58, 70, 55, 58, 54, 54, 59, 55, 54, 59, 56, 53, 58, 64, 57, 56, 56, 58, 66, 55, 57, 56, 53, 58, 56, 53, 59, 57, 52, 57, 56, 54, 58]",OK
tpch,1,q21,50,50,84,92.34,132,"[89, 85, 92, 99, 95, 91, 88, 84, 91, 88, 86, 92, 89, 86, 92, 90, 86, 92, 88, 87, 92, 87, 86, 92, 88, 86, 90, 89, 86, 91, 87, 89, 92, 88, 86, 91, 87, 115, 131, 90, 87, 91, 91, 89, 91, 94, 132, 94, 91, 124]",OK
tpch,1,q22,50,50,17,24.34,66,"[66, 17, 21, 26, 20, 23, 21, 23, 19, 26, 20, 23, 24, 23, 23, 25, 24, 20, 26, 24, 23, 25, 24, 18, 26, 25, 23, 26, 24, 23, 26, 24, 25, 26, 24, 24, 23, 24, 24, 25, 25, 21, 24, 23, 25, 25, 25, 25, 24, 24]",OK
tpch,2,q1,50,50,36,38.94,152,"[152, 36, 36, 36, 36, 36, 36, 36, 36, 37, 36, 36, 36, 37, 36, 36, 36, 36, 36, 37, 36, 36, 37, 37, 44, 38, 37, 37, 39, 37, 36, 37, 36, 37, 37, 37, 37, 37, 36, 36, 36, 36, 37, 36, 36, 37, 37, 37, 36, 36]",OK
tpch,2,q2,50,50,7,7.34,21,"[21, 7, 7, 7, 7, 7, 7, 7, 7, 7, 7, 7, 7, 7, 7, 7, 7, 7, 8, 8, 7, 7, 7, 7, 7, 7, 8, 7, 7, 7, 7, 7, 7, 7, 7, 7, 7, 7, 7, 7, 7, 7, 7, 7, 7, 7, 7, 7, 7, 7]",OK
tpch,2,q3,50,50,25,25.82,26,"[26, 26, 26, 26, 26, 26, 26, 26, 26, 25, 26, 26, 26, 26, 25, 26, 26, 26, 26, 25, 26, 25, 26, 26, 26, 26, 26, 26, 26, 26, 26, 26, 26, 25, 26, 26, 26, 25, 26, 25, 26, 26, 25, 26, 26, 26, 26, 25, 26, 26]",OK
tpch,2,q4,50,50,16,16.52,31,"[23, 16, 16, 16, 16, 16, 17, 16, 16, 16, 17, 16, 16, 16, 31, 16, 16, 16, 16, 16, 16, 16, 16, 16, 16, 16, 16, 16, 16, 16, 16, 16, 17, 16, 16, 16, 16, 16, 16, 16, 16, 16, 17, 16, 16, 16, 16, 16, 16, 16]",OK
tpch,2,q5,50,50,40,42.16,64,"[50, 41, 40, 40, 41, 41, 42, 41, 41, 40, 41, 40, 40, 41, 41, 41, 41, 40, 41, 40, 41, 40, 40, 40, 42, 40, 42, 42, 42, 42, 42, 43, 42, 42, 42, 41, 44, 42, 41, 44, 41, 44, 43, 43, 44, 42, 42, 45, 43, 64]",OK
tpch,2,q6,50,50,19,23.44,95,"[35, 27, 21, 20, 20, 20, 20, 20, 20, 20, 20, 20, 20, 20, 20, 57, 20, 20, 20, 20, 20, 20, 20, 21, 21, 29, 21, 21, 24, 20, 21, 21, 95, 20, 20, 20, 20, 39, 20, 20, 20, 20, 20, 20, 19, 20, 20, 20, 20, 20]",OK
tpch,2,q7,50,50,29,31.68,52,"[52, 29, 30, 30, 29, 30, 45, 30, 29, 31, 32, 30, 29, 30, 30, 30, 29, 29, 30, 30, 30, 29, 29, 43, 41, 48, 30, 29, 32, 30, 30, 29, 30, 32, 29, 41, 29, 30, 29, 29, 30, 29, 29, 31, 30, 30, 32, 30, 30, 30]",OK
tpch,2,q8,50,50,48,50.6,76,"[76, 50, 49, 52, 50, 53, 50, 49, 51, 49, 50, 49, 49, 49, 49, 50, 52, 49, 59, 50, 55, 50, 49, 49, 48, 50, 52, 50, 49, 49, 50, 49, 50, 49, 50, 49, 49, 50, 50, 50, 49, 50, 50, 51, 49, 50, 49, 52, 49, 49]",OK
tpch,2,q9,50,50,60,62.52,85,"[82, 61, 64, 85, 77, 60, 61, 74, 63, 60, 62, 60, 64, 65, 60, 61, 60, 61, 61, 61, 61, 60, 61, 61, 61, 61, 61, 61, 61, 60, 60, 61, 60, 62, 60, 60, 60, 60, 60, 62, 60, 61, 60, 61, 61, 60, 63, 62, 62, 61]",OK
tpch,2,q10,50,50,28,29.64,52,"[29, 28, 52, 29, 28, 28, 31, 45, 28, 28, 28, 30, 35, 35, 30, 28, 30, 30, 30, 29, 31, 29, 28, 30, 30, 28, 28, 28, 28, 28, 29, 28, 28, 28, 28, 28, 28, 28, 28, 28, 28, 28, 30, 28, 28, 28, 28, 28, 28, 28]",OK
tpch,2,q11,50,50,17,18.4,59,"[59, 18, 17, 17, 17, 20, 18, 18, 17, 17, 17, 17, 17, 18, 18, 18, 17, 17, 17, 17, 17, 17, 18, 17, 17, 17, 18, 18, 17, 17, 17, 17, 17, 17, 17, 17, 18, 18, 17, 20, 18, 17, 17, 25, 17, 17, 17, 18, 17, 18]",OK
tpch,2,q12,50,50,114,122.98,168,"[160, 115, 116, 163, 114, 116, 116, 116, 116, 117, 115, 117, 116, 115, 115, 117, 115, 115, 119, 116, 116, 116, 116, 115, 116, 116, 115, 116, 117, 116, 119, 120, 119, 117, 117, 116, 168, 117, 147, 117, 121, 130, 140, 130, 132, 127, 168, 126, 128, 122]",OK
tpch,2,q13,50,50,40,41.42,58,"[58, 40, 41, 41, 41, 41, 41, 40, 41, 41, 41, 41, 40, 41, 40, 41, 41, 41, 41, 40, 40, 41, 41, 43, 41, 40, 40, 41, 41, 41, 41, 41, 41, 40, 41, 41, 41, 41, 41, 41, 41, 41, 41, 51, 42, 41, 41, 41, 41, 41]",OK
tpch,2,q14,50,50,99,101.96,138,"[115, 100, 99, 100, 100, 100, 99, 99, 101, 99, 100, 102, 102, 114, 99, 100, 101, 101, 102, 100, 100, 99, 99, 100, 101, 101, 101, 100, 100, 100, 101, 100, 100, 101, 100, 101, 115, 101, 100, 100, 100, 105, 100, 99, 100, 103, 100, 100, 138, 100]",OK
tpch,2,q15,50,50,95,102.22,139,"[100, 95, 96, 96, 95, 116, 95, 96, 116, 98, 95, 97, 96, 96, 95, 110, 95, 95, 97, 139, 109, 96, 98, 104, 118, 113, 107, 126, 132, 126, 121, 110, 96, 96, 97, 96, 98, 96, 96, 96, 96, 97, 96, 96, 95, 98, 96, 96, 96, 96]",OK
tpch,2,q16,50,50,37,38.52,52,"[52, 51, 38, 38, 38, 38, 38, 38, 38, 38, 38, 38, 38, 38, 38, 38, 40, 38, 38, 38, 38, 38, 37, 38, 38, 38, 38, 38, 38, 38, 38, 38, 38, 38, 37, 38, 38, 38, 38, 38, 38, 38, 38, 37, 37, 38, 38, 38, 38, 39]",OK
tpch,2,q17,50,50,156,165.38,243,"[159, 158, 158, 159, 166, 156, 158, 158, 158, 185, 200, 158, 191, 158, 158, 162, 157, 160, 160, 158, 158, 161, 158, 159, 159, 157, 158, 157, 161, 159, 157, 176, 158, 158, 179, 158, 157, 169, 159, 160, 158, 184, 243, 209, 163, 175, 171, 158, 156, 157]",OK
tpch,2,q18,50,50,177,195.82,295,"[177, 178, 181, 179, 181, 181, 182, 186, 266, 274, 207, 215, 177, 181, 191, 180, 213, 218, 182, 219, 178, 179, 184, 181, 185, 295, 206, 227, 236, 213, 184, 183, 178, 178, 183, 181, 181, 178, 195, 186, 215, 218, 212, 179, 184, 181, 182, 180, 180, 181]",OK
tpch,2,q19,50,50,170,198.0,349,"[176, 183, 175, 198, 205, 299, 225, 192, 170, 175, 197, 349, 176, 172, 175, 178, 175, 221, 177, 296, 187, 177, 190, 178, 179, 189, 177, 180, 224, 203, 233, 181, 225, 197, 223, 173, 182, 189, 182, 182, 180, 183, 179, 189, 182, 216, 229, 203, 197, 177]",OK
tpch,2,q20,50,50,114,130.44,172,"[134, 124, 126, 125, 124, 127, 119, 166, 172, 130, 151, 138, 142, 149, 119, 119, 156, 124, 148, 125, 130, 115, 117, 118, 116, 115, 114, 117, 114, 116, 117, 117, 171, 121, 120, 115, 129, 114, 152, 120, 139, 158, 136, 114, 142, 115, 119, 141, 149, 143]",OK
tpch,2,q21,50,50,185,192.78,244,"[187, 186, 189, 189, 186, 188, 186, 188, 187, 186, 186, 187, 211, 194, 187, 187, 187, 216, 185, 186, 186, 244, 186, 206, 187, 188, 188, 208, 196, 188, 187, 189, 188, 187, 188, 196, 194, 189, 189, 189, 187, 186, 208, 186, 216, 236, 189, 188, 186, 186]",OK
tpch,2,q22,50,50,26,27.58,55,"[49, 26, 26, 26, 28, 26, 26, 26, 26, 26, 26, 26, 26, 55, 26, 26, 27, 26, 26, 26, 26, 26, 26, 26, 28, 26, 26, 26, 26, 26, 26, 26, 26, 26, 26, 27, 26, 33, 39, 26, 26, 26, 26, 26, 26, 26, 26, 26, 27, 26]",OK
tpch,10,q1,50,50,148,177.84,460,"[460, 158, 160, 155, 156, 156, 155, 154, 156, 154, 154, 155, 154, 400, 159, 153, 156, 168, 153, 154, 154, 297, 168, 177, 163, 154, 154, 156, 155, 161, 148, 155, 156, 154, 255, 151, 431, 160, 151, 151, 154, 155, 156, 158, 154, 156, 154, 177, 154, 153]",OK
tpch,10,q2,50,50,26,30.38,172,"[172, 27, 27, 26, 27, 27, 27, 30, 30, 30, 30, 30, 26, 26, 26, 26, 27, 26, 27, 27, 26, 26, 28, 53, 27, 26, 26, 26, 27, 26, 27, 27, 27, 29, 27, 26, 26, 26, 27, 27, 26, 26, 26, 26, 27, 26, 27, 27, 27, 27]",OK
tpch,10,q3,50,50,100,120.26,317,"[126, 317, 106, 110, 103, 132, 232, 101, 102, 105, 102, 100, 101, 101, 100, 101, 102, 102, 101, 151, 199, 101, 101, 100, 145, 108, 177, 106, 106, 105, 104, 108, 106, 120, 106, 106, 107, 105, 104, 104, 104, 104, 106, 103, 181, 105, 154, 123, 105, 115]",OK
tpch,10,q4,50,50,65,75.04,196,"[90, 68, 68, 67, 142, 70, 68, 68, 70, 68, 68, 133, 67, 69, 90, 67, 67, 68, 67, 68, 67, 68, 69, 69, 68, 67, 67, 68, 68, 102, 68, 68, 67, 67, 65, 69, 196, 66, 66, 66, 71, 71, 74, 74, 66, 67, 70, 67, 66, 72]",OK
tpch,10,q5,50,50,194,210.42,329,"[257, 315, 199, 198, 227, 271, 199, 200, 258, 212, 208, 194, 201, 196, 199, 197, 196, 199, 201, 196, 200, 197, 199, 198, 231, 199, 197, 200, 195, 197, 198, 199, 329, 196, 201, 208, 197, 232, 202, 199, 196, 196, 201, 231, 199, 197, 198, 198, 202, 206]",OK
tpch,10,q6,50,50,78,89.82,200,"[86, 79, 81, 84, 80, 78, 80, 151, 99, 200, 80, 82, 81, 79, 82, 82, 82, 79, 80, 80, 79, 80, 80, 83, 84, 83, 85, 86, 86, 88, 80, 79, 81, 79, 79, 80, 79, 81, 80, 79, 83, 80, 79, 127, 80, 127, 112, 181, 79, 87]",OK
tpch,10,q7,50,50,123,129.52,191,"[159, 125, 123, 146, 124, 126, 126, 123, 127, 127, 123, 124, 126, 123, 123, 126, 191, 128, 127, 125, 124, 124, 124, 127, 124, 141, 124, 175, 125, 123, 141, 124, 124, 128, 123, 126, 126, 125, 123, 127, 123, 124, 126, 125, 124, 124, 123, 125, 139, 143]",OK
tpch,10,q8,50,50,242,267.78,368,"[256, 291, 248, 242, 304, 247, 334, 269, 309, 355, 251, 245, 246, 246, 247, 249, 255, 248, 250, 243, 249, 249, 308, 263, 323, 299, 325, 278, 251, 249, 249, 254, 248, 257, 249, 247, 243, 260, 246, 249, 246, 251, 250, 276, 246, 246, 256, 368, 355, 264]",OK
tpch,10,q9,50,50,316,331.68,514,"[362, 322, 320, 323, 319, 319, 318, 335, 320, 323, 349, 322, 344, 322, 352, 514, 347, 320, 323, 321, 323, 324, 317, 319, 326, 319, 323, 323, 321, 319, 322, 340, 325, 370, 324, 320, 319, 316, 321, 324, 320, 320, 322, 322, 319, 319, 321, 336, 324, 411]",OK
tpch,10,q10,50,50,108,122.98,289,"[141, 112, 112, 115, 114, 113, 113, 111, 110, 110, 109, 113, 109, 114, 111, 109, 108, 124, 109, 116, 142, 114, 112, 117, 113, 114, 224, 217, 122, 289, 113, 114, 113, 115, 113, 113, 114, 113, 116, 114, 116, 115, 124, 119, 113, 117, 112, 134, 112, 112]",OK
tpch,10,q11,50,50,115,126.16,312,"[312, 122, 123, 116, 115, 122, 118, 118, 117, 133, 122, 120, 117, 121, 124, 123, 181, 116, 124, 125, 124, 121, 118, 119, 125, 125, 121, 126, 119, 116, 122, 122, 120, 121, 122, 115, 121, 122, 119, 121, 124, 125, 121, 124, 122, 121, 118, 119, 122, 124]",OK
tpch,10,q12,31,31,532,798.32,2415,"[1479, 559, 557, 543, 556, 554, 550, 562, 589, 544, 871, 1248, 577, 561, 552, 545, 548, 550, 544, 561, 532, 544, 712, 544, 549, 1047, 910, 1953, 931, 2415, 1561]",OK
tpch,10,q13,50,50,190,197.28,229,"[229, 191, 190, 193, 191, 193, 195, 193, 195, 192, 193, 193, 194, 191, 190, 193, 191, 191, 191, 194, 193, 196, 196, 194, 195, 198, 201, 194, 196, 195, 194, 195, 195, 195, 195, 196, 222, 229, 195, 229, 195, 197, 196, 195, 194, 222, 195, 195, 195, 194]",OK
tpch,10,q14,40,40,486,534.02,1295,"[1295, 491, 486, 488, 492, 486, 515, 494, 488, 504, 498, 504, 497, 491, 494, 496, 492, 498, 496, 499, 490, 496, 492, 490, 525, 541, 492, 495, 493, 490, 490, 491, 493, 552, 529, 497, 490, 494, 926, 691]",OK
tpch,10,q15,38,38,472,631.63,2407,"[729, 506, 483, 697, 478, 485, 472, 472, 970, 2407, 478, 507, 489, 867, 800, 902, 566, 492, 482, 657, 722, 486, 519, 483, 484, 472, 473, 478, 943, 1032, 482, 516, 533, 494, 475, 475, 481, 515]",OK
tpch,10,q16,50,50,159,164.94,190,"[190, 165, 169, 169, 178, 167, 171, 162, 161, 161, 165, 161, 162, 165, 162, 163, 167, 159, 160, 162, 162, 165, 162, 165, 164, 160, 162, 167, 161, 166, 162, 166, 162, 161, 163, 165, 159, 166, 166, 162, 166, 162, 168, 168, 166, 164, 171, 164, 165, 168]",OK
tpch,10,q17,13,13,934,2440.85,18177,"[18177, 1429, 1184, 1045, 1044, 1078, 1037, 1077, 934, 1202, 1161, 1033, 1330]",OK
tpch,10,q18,11,11,1081,3637.18,20030,"[20030, 3728, 4764, 1209, 1133, 1201, 1081, 1295, 1327, 1342, 2899]",OK
tpch,10,q19,10,10,846,2551.2,17523,"[17523, 882, 880, 888, 874, 998, 846, 903, 850, 868]",OK
tpch,10,q20,15,15,503,533.2,797,"[797, 539, 519, 513, 510, 508, 503, 514, 510, 508, 523, 513, 507, 520, 514]",OK
tpch,10,q21,0,50,,,,,FAIL
tpch,10,q22,50,50,161,173.4,265,"[265, 162, 166, 177, 185, 164, 173, 167, 168, 170, 167, 163, 168, 164, 161, 173, 165, 171, 168, 164, 162, 164, 166, 173, 171, 175, 173, 178, 176, 170, 182, 170, 163, 168, 167, 165, 224, 170, 167, 167, 162, 164, 166, 162, 166, 166, 170, 183, 181, 238]",OK
tpch,20,q1,50,50,360,519.36,1638,"[869, 477, 385, 365, 1591, 1325, 653, 409, 396, 365, 365, 1111, 1192, 480, 372, 366, 592, 368, 369, 360, 381, 578, 362, 424, 382, 369, 364, 382, 372, 390, 374, 370, 434, 376, 369, 370, 370, 387, 1638, 417, 1004, 380, 433, 370, 404, 366, 361, 363, 363, 405]",OK
tpch,20,q2,50,50,53,65.16,386,"[386, 77, 71, 67, 57, 55, 55, 54, 55, 55, 55, 55, 55, 58, 54, 54, 55, 55, 126, 55, 54, 54, 55, 59, 55, 54, 54, 55, 55, 55, 60, 63, 54, 58, 56, 57, 65, 64, 64, 65, 64, 54, 53, 54, 54, 54, 53, 54, 54, 54]",OK
tpch,20,q3,50,50,247,410.88,3091,"[590, 786, 863, 3091, 252, 247, 261, 257, 267, 247, 651, 753, 556, 278, 252, 254, 430, 311, 555, 252, 250, 250, 261, 355, 252, 252, 279, 258, 315, 265, 254, 252, 321, 250, 253, 469, 254, 396, 315, 268, 250, 250, 252, 490, 735, 596, 249, 252, 265, 283]",OK
tpch,20,q4,50,50,157,202.4,407,"[201, 222, 163, 166, 407, 164, 281, 278, 361, 180, 162, 163, 163, 263, 169, 166, 183, 367, 160, 164, 166, 175, 219, 165, 230, 162, 165, 163, 163, 197, 161, 193, 165, 402, 165, 164, 160, 359, 181, 166, 178, 223, 165, 158, 158, 170, 180, 259, 168, 157]",OK
tpch,20,q5,48,48,400,581.58,2306,"[2306, 466, 416, 453, 486, 417, 557, 419, 421, 428, 566, 1156, 903, 453, 643, 406, 410, 410, 431, 650, 450, 883, 474, 458, 416, 416, 411, 411, 739, 543, 424, 410, 402, 404, 758, 868, 436, 400, 405, 402, 1214, 917, 1039, 414, 412, 414, 539, 460]",OK
tpch,20,q6,50,50,197,261.74,856,"[209, 498, 200, 208, 212, 216, 201, 200, 200, 202, 204, 201, 203, 222, 201, 198, 202, 203, 310, 197, 207, 201, 237, 342, 201, 198, 198, 199, 199, 198, 199, 856, 202, 216, 202, 821, 205, 847, 203, 204, 202, 241, 229, 200, 199, 201, 318, 202, 209, 464]",OK
tpch,20,q7,50,50,302,398.32,1052,"[448, 382, 309, 308, 309, 306, 312, 310, 311, 309, 425, 401, 789, 306, 309, 306, 1052, 576, 853, 306, 306, 307, 698, 346, 302, 321, 308, 311, 343, 841, 665, 305, 309, 311, 744, 352, 310, 317, 307, 311, 311, 308, 307, 317, 419, 302, 333, 314, 324, 340]",OK
tpch,20,q8,25,25,453,1872.36,26055,"[26055, 6900, 1169, 542, 551, 1389, 748, 470, 486, 499, 493, 743, 484, 453, 495, 486, 488, 490, 474, 496, 510, 553, 503, 587, 745]",OK
tpch,20,q9,0,27,,,,,FAIL
tpch,20,q10,46,46,241,390.76,1873,"[830, 387, 303, 263, 530, 267, 274, 252, 266, 272, 497, 500, 993, 241, 381, 276, 266, 266, 272, 581, 288, 271, 304, 253, 267, 250, 267, 439, 339, 255, 262, 255, 265, 265, 464, 551, 273, 1873, 270, 264, 399, 273, 337, 449, 640, 285]",OK
tpch,20,q11,50,50,232,259.12,854,"[854, 248, 244, 244, 241, 249, 236, 239, 241, 246, 249, 241, 232, 252, 240, 242, 238, 241, 368, 242, 253, 247, 248, 256, 294, 241, 240, 249, 241, 243, 258, 243, 243, 273, 242, 250, 235, 250, 244, 243, 236, 237, 234, 238, 232, 238, 232, 240, 244, 245]",OK
tpch,20,q12,13,13,1128,1689.0,4834,"[1213, 1255, 1284, 1134, 1942, 1321, 1128, 1773, 4834, 1878, 1404, 1498, 1293]",OK
tpch,20,q13,45,45,381,402.11,501,"[501, 395, 392, 389, 391, 392, 394, 395, 402, 389, 408, 392, 432, 390, 403, 483, 387, 394, 390, 385, 392, 384, 418, 394, 383, 402, 420, 394, 396, 383, 382, 397, 396, 383, 381, 388, 382, 383, 432, 455, 412, 405, 422, 414, 393]",OK
tpch,20,q14,20,20,718,934.8,1527,"[802, 1402, 951, 729, 976, 762, 755, 1053, 968, 1010, 1005, 718, 903, 974, 1035, 758, 842, 730, 796, 1527]",OK
tpch,20,q15,21,21,743,1076.29,2973,"[2470, 743, 772, 1066, 791, 1087, 1296, 2973, 799, 748, 760, 757, 964, 1114, 795, 1037, 1350, 806, 744, 774, 756]",OK
tpch,20,q16,50,50,341,368.62,526,"[408, 392, 359, 359, 353, 351, 353, 347, 357, 353, 359, 473, 362, 380, 385, 361, 353, 356, 351, 350, 356, 355, 359, 353, 356, 347, 354, 355, 346, 349, 358, 356, 344, 359, 363, 355, 526, 354, 350, 377, 486, 356, 368, 422, 406, 380, 345, 346, 347, 341]",OK
tpch,20,q17,0,50,,,,,FAIL
tpch,20,q18,0,50,,,,,FAIL
tpch,20,q19,0,50,,,,,FAIL
tpch,20,q20,50,50,1206,1787.98,5786,"[5786, 2272, 2576, 2933, 1206, 1252, 1372, 1470, 1244, 1481, 1906, 1321, 1241, 1296, 1718, 1215, 1287, 1441, 1237, 1788, 1345, 1252, 2676, 2529, 1797, 1257, 2588, 2435, 2992, 2769, 2472, 1782, 1663, 1242, 1479, 1240, 1550, 2484, 1290, 1606, 1406, 1474, 1412, 2033, 1430, 1225, 1272, 1238, 1240, 2179]",OK
tpch,20,q21,0,50,,,,,FAIL
tpch,20,q22,50,50,347,361.04,634,"[634, 350, 355, 354, 355, 349, 347, 359, 358, 350, 353, 354, 351, 355, 349, 351, 358, 351, 358, 349, 372, 361, 368, 354, 359, 352, 382, 355, 355, 351, 356, 353, 380, 352, 352, 354, 353, 354, 358, 355, 353, 353, 356, 349, 353, 356, 353, 356, 354, 353]",OK
h2o,1gb,q1,50,50,44,60.76,123,"[96, 44, 44, 49, 44, 48, 44, 44, 45, 47, 51, 52, 56, 65, 49, 66, 56, 54, 75, 45, 54, 61, 56, 56, 123, 72, 70, 58, 89, 66, 97, 60, 78, 63, 68, 72, 64, 66, 75, 72, 64, 70, 64, 49, 44, 44, 51, 69, 44, 45]",OK
h2o,1gb,q2,50,50,75,80.46,120,"[96, 77, 78, 76, 76, 77, 76, 76, 80, 75, 77, 76, 77, 77, 76, 120, 76, 77, 79, 75, 86, 76, 78, 76, 76, 79, 77, 76, 76, 76, 77, 79, 77, 78, 99, 92, 76, 79, 75, 87, 77, 98, 81, 76, 99, 80, 77, 76, 90, 77]",OK
h2o,1gb,q3,50,50,279,321.04,407,"[328, 407, 354, 314, 312, 318, 329, 303, 366, 311, 293, 286, 360, 301, 330, 318, 308, 286, 404, 304, 347, 365, 288, 290, 329, 286, 362, 326, 390, 279, 288, 345, 291, 284, 285, 317, 300, 288, 311, 332, 307, 355, 287, 316, 303, 301, 362, 288, 340, 358]",OK
h2o,1gb,q4,50,50,62,67.2,86,"[73, 85, 63, 65, 63, 64, 68, 63, 64, 65, 64, 71, 64, 63, 66, 65, 64, 81, 68, 66, 86, 70, 71, 65, 65, 63, 64, 64, 64, 66, 81, 66, 65, 64, 83, 70, 63, 65, 69, 64, 64, 63, 63, 63, 62, 64, 64, 64, 75, 65]",OK
h2o,1gb,q5,50,50,64,67.94,119,"[119, 66, 67, 67, 68, 67, 67, 69, 69, 68, 70, 67, 66, 66, 65, 67, 66, 66, 67, 67, 66, 67, 68, 67, 66, 67, 68, 64, 66, 66, 64, 66, 67, 67, 65, 66, 66, 65, 67, 66, 65, 64, 67, 68, 66, 77, 69, 67, 66, 70]",OK
h2o,1gb,q6,46,46,434,440.8,540,"[540, 435, 434, 434, 435, 435, 435, 435, 435, 435, 434, 436, 435, 435, 435, 435, 434, 436, 451, 439, 434, 452, 435, 438, 435, 439, 436, 436, 469, 435, 434, 435, 435, 443, 474, 440, 439, 439, 437, 439, 439, 438, 437, 438, 439, 439]",OK
h2o,1gb,q7,50,50,207,223.68,298,"[216, 209, 254, 208, 226, 211, 211, 250, 211, 207, 226, 235, 222, 220, 237, 211, 243, 258, 221, 298, 247, 254, 211, 219, 215, 225, 228, 211, 248, 209, 213, 208, 212, 212, 212, 213, 210, 209, 230, 207, 210, 207, 235, 208, 223, 227, 225, 224, 244, 214]",OK
h2o,1gb,q9,50,50,57,61.68,84,"[70, 58, 58, 59, 57, 58, 58, 74, 58, 57, 58, 57, 59, 58, 58, 57, 65, 62, 63, 64, 84, 63, 66, 73, 58, 61, 63, 62, 63, 60, 61, 61, 62, 61, 62, 62, 61, 60, 60, 60, 62, 61, 61, 60, 61, 62, 62, 62, 61, 61]",OK
h2o,1gb,q10,13,13,1400,1476.15,1541,"[1448, 1541, 1506, 1473, 1455, 1459, 1400, 1457, 1478, 1472, 1525, 1477, 1499]",OK
h2o,2gb,q1,50,50,82,91.64,177,"[177, 85, 83, 83, 85, 100, 82, 133, 84, 84, 84, 122, 128, 83, 83, 86, 87, 83, 83, 85, 104, 84, 138, 84, 84, 100, 87, 86, 83, 90, 83, 83, 84, 84, 85, 84, 101, 85, 85, 84, 85, 82, 105, 84, 84, 86, 85, 83, 84, 86]",OK
h2o,2gb,q2,50,50,146,155.72,248,"[153, 149, 219, 248, 173, 149, 147, 150, 150, 148, 155, 150, 154, 155, 149, 148, 186, 168, 148, 148, 169, 148, 147, 149, 149, 149, 152, 150, 148, 148, 151, 148, 162, 176, 148, 149, 148, 165, 148, 146, 148, 149, 148, 147, 147, 150, 150, 150, 150, 150]",OK
h2o,2gb,q3,50,50,374,441.94,563,"[381, 563, 532, 428, 425, 476, 433, 419, 388, 407, 391, 389, 457, 383, 496, 468, 513, 525, 462, 541, 465, 441, 415, 382, 440, 417, 409, 451, 398, 464, 450, 412, 447, 423, 376, 457, 456, 444, 465, 468, 392, 455, 431, 374, 466, 457, 419, 492, 386, 468]",OK
h2o,2gb,q4,50,50,113,125.0,176,"[128, 121, 122, 122, 174, 176, 122, 118, 120, 122, 119, 119, 121, 140, 119, 120, 169, 155, 118, 121, 121, 118, 119, 126, 118, 119, 117, 121, 122, 142, 119, 119, 119, 120, 119, 119, 117, 119, 119, 119, 135, 119, 121, 139, 117, 121, 116, 117, 114, 113]",OK
h2o,2gb,q5,50,50,118,126.98,168,"[119, 119, 119, 120, 120, 118, 123, 168, 120, 156, 119, 135, 123, 122, 124, 125, 125, 126, 125, 126, 124, 125, 126, 125, 127, 128, 128, 124, 126, 125, 124, 123, 124, 151, 143, 133, 133, 131, 124, 124, 124, 124, 125, 124, 127, 121, 127, 126, 126, 125]",OK
h2o,2gb,q6,21,21,921,929.95,1035,"[1035, 921, 922, 923, 924, 922, 927, 927, 924, 923, 921, 926, 925, 925, 925, 927, 927, 929, 924, 926, 926]",OK
h2o,2gb,q7,50,50,295,334.58,439,"[302, 309, 388, 303, 312, 336, 353, 370, 307, 312, 330, 346, 308, 314, 333, 309, 375, 359, 330, 295, 317, 320, 429, 404, 348, 330, 302, 327, 314, 362, 405, 307, 439, 337, 309, 327, 342, 303, 306, 310, 354, 339, 308, 337, 301, 318, 342, 346, 342, 313]",OK
h2o,2gb,q9,50,50,98,104.52,169,"[116, 105, 99, 99, 169, 99, 99, 99, 120, 99, 101, 127, 102, 100, 100, 99, 100, 99, 99, 99, 119, 99, 100, 101, 98, 145, 99, 114, 101, 125, 101, 101, 101, 99, 100, 100, 100, 98, 100, 98, 100, 102, 99, 99, 100, 101, 99, 99, 99, 99]",OK
h2o,2gb,q10,10,10,2934,3114.1,3288,"[3120, 3209, 3231, 2934, 3039, 3071, 3134, 3029, 3288, 3086]",OK
h2o,3gb,q1,50,50,125,129.82,175,"[175, 129, 129, 128, 128, 128, 128, 130, 128, 130, 130, 129, 129, 128, 126, 126, 126, 126, 126, 126, 126, 125, 129, 130, 128, 129, 129, 129, 129, 129, 128, 128, 129, 129, 129, 128, 128, 130, 134, 128, 129, 130, 129, 142, 130, 128, 131, 130, 130, 133]",OK
h2o,3gb,q2,50,50,217,227.76,306,"[232, 226, 223, 260, 224, 221, 240, 227, 244, 306, 242, 259, 225, 224, 222, 225, 225, 227, 224, 223, 221, 219, 222, 220, 220, 218, 219, 223, 257, 218, 219, 218, 220, 221, 220, 219, 220, 226, 221, 223, 226, 221, 218, 217, 218, 217, 221, 244, 245, 218]",OK
h2o,3gb,q3,41,41,469,544.93,738,"[544, 472, 469, 476, 588, 543, 470, 531, 612, 492, 513, 490, 493, 495, 738, 726, 523, 487, 486, 528, 516, 624, 528, 633, 700, 541, 508, 535, 489, 663, 545, 490, 564, 589, 521, 542, 506, 579, 525, 545, 523]",OK
h2o,3gb,q4,50,50,196,204.02,229,"[207, 210, 197, 200, 199, 204, 202, 196, 196, 199, 196, 196, 211, 196, 202, 203, 203, 203, 201, 200, 205, 198, 202, 229, 203, 200, 197, 220, 202, 218, 201, 201, 198, 201, 203, 217, 199, 203, 216, 221, 202, 207, 201, 216, 216, 201, 202, 199, 197, 205]",OK
h2o,3gb,q5,50,50,205,214.46,254,"[213, 208, 211, 215, 212, 209, 219, 224, 215, 207, 210, 211, 207, 209, 209, 221, 222, 221, 211, 254, 213, 209, 207, 209, 211, 227, 209, 240, 244, 222, 209, 210, 210, 212, 208, 246, 205, 213, 210, 207, 208, 210, 207, 212, 212, 210, 211, 207, 210, 207]",OK
h2o,3gb,q6,14,14,1438,1470.57,1815,"[1815, 1440, 1440, 1439, 1441, 1492, 1438, 1440, 1441, 1438, 1442, 1440, 1441, 1441]",OK
h2o,3gb,q7,45,45,403,451.27,642,"[447, 404, 403, 410, 403, 407, 404, 439, 518, 574, 425, 410, 642, 419, 415, 452, 423, 433, 479, 510, 416, 456, 445, 420, 447, 481, 423, 455, 427, 446, 422, 482, 444, 433, 506, 486, 449, 510, 462, 444, 461, 460, 462, 421, 432]",OK
h2o,3gb,q9,50,50,174,181.22,233,"[207, 192, 176, 175, 174, 176, 177, 174, 176, 174, 177, 177, 194, 175, 176, 175, 175, 176, 175, 175, 178, 174, 174, 178, 174, 177, 175, 197, 198, 175, 187, 186, 183, 191, 174, 233, 189, 197, 201, 174, 188, 175, 178, 178, 174, 176, 175, 176, 175, 175]",OK
h2o,3gb,q10,10,10,4485,8073.2,24760,"[24760, 9855, 6960, 6574, 7877, 4638, 4555, 4699, 6329, 4485]",OK
h2o,4gb,q1,50,50,168,174.4,228,"[228, 189, 175, 171, 170, 169, 169, 169, 171, 169, 168, 169, 170, 170, 169, 171, 168, 176, 178, 183, 173, 172, 175, 174, 173, 175, 186, 182, 172, 223, 173, 169, 171, 173, 175, 169, 169, 168, 171, 176, 171, 170, 169, 168, 170, 168, 170, 172, 171, 170]",OK
h2o,4gb,q2,50,50,289,309.76,410,"[302, 395, 393, 340, 301, 323, 364, 293, 295, 293, 297, 299, 289, 298, 296, 292, 295, 293, 294, 296, 294, 293, 302, 307, 346, 298, 297, 322, 320, 295, 298, 348, 319, 309, 310, 325, 410, 296, 292, 294, 296, 291, 294, 295, 297, 296, 295, 298, 292, 311]",OK
h2o,4gb,q3,29,29,597,846.03,1277,"[1107, 859, 1277, 691, 681, 601, 597, 879, 1130, 598, 913, 929, 991, 789, 712, 906, 822, 685, 1034, 608, 1009, 1208, 657, 644, 973, 782, 611, 861, 981]",OK
h2o,4gb,q4,50,50,265,275.6,334,"[334, 316, 332, 272, 332, 272, 272, 269, 269, 270, 271, 268, 268, 270, 272, 270, 269, 270, 270, 265, 270, 270, 269, 268, 270, 268, 269, 268, 267, 269, 323, 272, 271, 271, 270, 268, 270, 270, 268, 285, 271, 271, 266, 272, 271, 269, 268, 269, 267, 269]",OK
h2o,4gb,q5,50,50,269,281.14,371,"[371, 336, 273, 273, 271, 272, 275, 271, 284, 293, 273, 273, 275, 273, 329, 275, 281, 274, 280, 276, 288, 283, 276, 281, 273, 276, 272, 275, 271, 272, 272, 271, 272, 277, 281, 275, 277, 325, 307, 277, 282, 269, 270, 269, 269, 272, 276, 272, 274, 275]",OK
h2o,4gb,q6,10,10,1943,1999.9,2474,"[2474, 1949, 1950, 1946, 1949, 1948, 1944, 1950, 1943, 1946]",OK
h2o,4gb,q7,35,35,518,678.29,1227,"[558, 527, 831, 627, 637, 920, 522, 522, 718, 531, 594, 1227, 643, 570, 692, 524, 609, 584, 961, 794, 593, 628, 591, 934, 570, 548, 518, 608, 594, 837, 726, 634, 951, 874, 543]",OK
h2o,4gb,q9,50,50,226,237.4,291,"[261, 230, 291, 232, 232, 228, 229, 227, 229, 229, 230, 228, 226, 229, 230, 228, 228, 230, 229, 241, 234, 231, 230, 230, 231, 247, 233, 232, 248, 230, 247, 230, 233, 250, 232, 231, 287, 285, 273, 234, 249, 231, 235, 229, 231, 233, 230, 232, 233, 232]",OK
h2o,4gb,q10,10,10,7356,10443.2,30331,"[30331, 7356, 7646, 7919, 8295, 8584, 8309, 9179, 8650, 8163]",OK
clickbench,1,q0,50,50,1,1.12,7,"[7, 1, 1, 1, 1, 1, 1, 1, 1, 1, 1, 1, 1, 1, 1, 1, 1, 1, 1, 1, 1, 1, 1, 1, 1, 1, 1, 1, 1, 1, 1, 1, 1, 1, 1, 1, 1, 1, 1, 1, 1, 1, 1, 1, 1, 1, 1, 1, 1, 1]",OK
clickbench,1,q1,50,50,0,2.98,72,"[72, 0, 0, 7, 0, 0, 0, 0, 0, 0, 0, 0, 0, 0, 0, 0, 0, 0, 0, 0, 0, 0, 0, 0, 14, 0, 0, 0, 0, 0, 0, 0, 0, 0, 0, 0, 0, 0, 0, 0, 0, 0, 48, 0, 5, 1, 1, 0, 1, 0]",OK
clickbench,1,q2,50,50,1,1.44,20,"[20, 1, 1, 2, 1, 1, 1, 1, 1, 1, 1, 1, 1, 1, 1, 1, 1, 1, 1, 1, 1, 1, 1, 1, 1, 1, 1, 1, 1, 1, 1, 1, 1, 1, 1, 1, 1, 1, 3, 1, 1, 1, 1, 1, 1, 1, 1, 1, 1, 1]",OK
clickbench,1,q3,50,50,1,1.18,3,"[2, 2, 1, 1, 1, 1, 1, 1, 1, 2, 1, 1, 1, 2, 2, 1, 1, 1, 3, 3, 1, 1, 1, 1, 1, 1, 1, 1, 1, 1, 1, 1, 1, 1, 1, 1, 1, 1, 1, 1, 1, 1, 1, 1, 1, 1, 1, 1, 1, 1]",OK
clickbench,1,q4,50,50,1,1.48,13,"[8, 1, 1, 1, 1, 1, 1, 1, 1, 1, 1, 1, 1, 1, 1, 1, 1, 1, 1, 1, 1, 1, 1, 1, 1, 1, 1, 1, 1, 1, 1, 1, 1, 1, 1, 1, 1, 1, 1, 1, 1, 13, 2, 3, 2, 2, 1, 1, 1, 1]",OK
clickbench,1,q5,50,50,1,1.02,2,"[1, 1, 1, 1, 1, 1, 1, 1, 1, 1, 1, 1, 1, 1, 1, 1, 1, 1, 1, 1, 1, 1, 1, 1, 1, 1, 1, 1, 1, 1, 1, 1, 1, 1, 1, 1, 1, 1, 2, 1, 1, 1, 1, 1, 1, 1, 1, 1, 1, 1]",OK
clickbench,1,q6,50,50,2,2.3,16,"[16, 2, 2, 2, 2, 2, 2, 2, 2, 2, 2, 2, 2, 2, 2, 2, 2, 2, 2, 2, 2, 2, 2, 2, 2, 2, 2, 2, 2, 2, 3, 2, 2, 2, 2, 2, 2, 2, 2, 2, 2, 2, 2, 2, 2, 2, 2, 2, 2, 2]",OK
clickbench,1,q7,50,50,1,1.68,35,"[35, 1, 1, 1, 1, 1, 1, 1, 1, 1, 1, 1, 1, 1, 1, 1, 1, 1, 1, 1, 1, 1, 1, 1, 1, 1, 1, 1, 1, 1, 1, 1, 1, 1, 1, 1, 1, 1, 1, 1, 1, 1, 1, 1, 1, 1, 1, 1, 1, 1]",OK
clickbench,1,q8,50,50,6,6.54,33,"[33, 6, 6, 6, 6, 6, 6, 6, 6, 6, 6, 6, 6, 6, 6, 6, 6, 6, 6, 6, 6, 6, 6, 6, 6, 6, 6, 6, 6, 6, 6, 6, 6, 6, 6, 6, 6, 6, 6, 6, 6, 6, 6, 6, 6, 6, 6, 6, 6, 6]",OK
clickbench,1,q9,50,50,6,6.46,22,"[22, 6, 6, 6, 6, 6, 6, 6, 6, 6, 6, 6, 6, 6, 6, 6, 6, 6, 6, 7, 6, 6, 6, 6, 6, 6, 6, 6, 7, 6, 6, 6, 6, 6, 6, 6, 6, 6, 6, 6, 6, 8, 6, 6, 9, 6, 6, 6, 6, 6]",OK
clickbench,1,q10,50,50,3,4.64,64,"[64, 3, 3, 3, 3, 3, 4, 4, 4, 4, 3, 4, 4, 4, 3, 4, 4, 4, 4, 4, 4, 4, 4, 4, 4, 3, 3, 4, 4, 3, 3, 3, 3, 3, 3, 4, 3, 3, 3, 3, 3, 3, 3, 3, 4, 3, 3, 3, 3, 3]",OK
clickbench,1,q11,50,50,5,5.0,5,"[5, 5, 5, 5, 5, 5, 5, 5, 5, 5, 5, 5, 5, 5, 5, 5, 5, 5, 5, 5, 5, 5, 5, 5, 5, 5, 5, 5, 5, 5, 5, 5, 5, 5, 5, 5, 5, 5, 5, 5, 5, 5, 5, 5, 5, 5, 5, 5, 5, 5]",OK
clickbench,1,q12,50,50,1,1.08,2,"[2, 2, 1, 1, 1, 1, 1, 1, 1, 2, 1, 1, 1, 1, 1, 1, 1, 1, 1, 1, 1, 1, 1, 1, 1, 1, 1, 2, 1, 1, 1, 1, 1, 1, 1, 1, 1, 1, 1, 1, 1, 1, 1, 1, 1, 1, 1, 1, 1, 1]",OK
clickbench,1,q13,50,50,15,15.04,16,"[16, 15, 15, 15, 15, 15, 15, 15, 15, 15, 15, 15, 15, 16, 15, 15, 15, 15, 15, 15, 15, 15, 15, 15, 15, 15, 15, 15, 15, 15, 15, 15, 15, 15, 15, 15, 15, 15, 15, 15, 15, 15, 15, 15, 15, 15, 15, 15, 15, 15]",OK
clickbench,1,q14,50,50,2,2.0,2,"[2, 2, 2, 2, 2, 2, 2, 2, 2, 2, 2, 2, 2, 2, 2, 2, 2, 2, 2, 2, 2, 2, 2, 2, 2, 2, 2, 2, 2, 2, 2, 2, 2, 2, 2, 2, 2, 2, 2, 2, 2, 2, 2, 2, 2, 2, 2, 2, 2, 2]",OK
clickbench,1,q15,50,50,1,1.7,36,"[36, 1, 1, 1, 1, 1, 1, 1, 1, 1, 1, 1, 1, 1, 1, 1, 1, 1, 1, 1, 1, 1, 1, 1, 1, 1, 1, 1, 1, 1, 1, 1, 1, 1, 1, 1, 1, 1, 1, 1, 1, 1, 1, 1, 1, 1, 1, 1, 1, 1]",OK
clickbench,1,q16,50,50,2,2.1,5,"[3, 2, 2, 2, 2, 2, 2, 2, 2, 2, 2, 2, 2, 2, 2, 2, 3, 2, 2, 2, 2, 2, 2, 2, 2, 2, 2, 2, 2, 2, 2, 5, 2, 2, 2, 2, 2, 2, 2, 2, 2, 2, 2, 2, 2, 2, 2, 2, 2, 2]",OK
clickbench,1,q17,50,50,2,2.04,3,"[3, 2, 2, 2, 2, 2, 2, 2, 2, 2, 2, 2, 2, 2, 3, 2, 2, 2, 2, 2, 2, 2, 2, 2, 2, 2, 2, 2, 2, 2, 2, 2, 2, 2, 2, 2, 2, 2, 2, 2, 2, 2, 2, 2, 2, 2, 2, 2, 2, 2]",OK
clickbench,1,q19,50,50,0,0.0,0,"[0, 0, 0, 0, 0, 0, 0, 0, 0, 0, 0, 0, 0, 0, 0, 0, 0, 0, 0, 0, 0, 0, 0, 0, 0, 0, 0, 0, 0, 0, 0, 0, 0, 0, 0, 0, 0, 0, 0, 0, 0, 0, 0, 0, 0, 0, 0, 0, 0, 0]",OK
clickbench,1,q20,50,50,14,14.68,17,"[17, 14, 15, 15, 14, 15, 14, 14, 14, 14, 14, 15, 15, 15, 14, 15, 15, 15, 15, 14, 14, 15, 14, 14, 15, 14, 14, 14, 15, 14, 14, 14, 15, 15, 15, 15, 15, 15, 15, 15, 15, 15, 15, 15, 15, 15, 15, 15, 15, 15]",OK
clickbench,1,q21,50,50,14,14.28,15,"[15, 15, 15, 15, 15, 15, 14, 14, 14, 14, 14, 14, 14, 14, 14, 14, 14, 15, 14, 14, 15, 14, 14, 14, 14, 14, 14, 14, 15, 15, 14, 14, 14, 14, 14, 14, 14, 14, 15, 14, 14, 14, 15, 15, 14, 14, 14, 14, 14, 15]",OK
clickbench,1,q22,50,50,24,24.68,36,"[36, 24, 24, 24, 24, 24, 24, 24, 24, 25, 24, 25, 24, 24, 24, 24, 24, 24, 25, 25, 24, 24, 24, 24, 25, 24, 24, 25, 24, 24, 24, 24, 24, 24, 24, 25, 24, 24, 24, 24, 25, 24, 26, 26, 26, 26, 25, 26, 26, 25]",OK
clickbench,1,q23,50,50,14,14.56,16,"[16, 15, 15, 15, 15, 15, 15, 15, 15, 15, 15, 15, 15, 15, 15, 15, 15, 16, 15, 14, 15, 14, 15, 14, 15, 14, 15, 14, 14, 14, 14, 14, 14, 14, 15, 15, 14, 14, 14, 14, 14, 14, 14, 14, 14, 15, 14, 14, 14, 14]",OK
clickbench,1,q24,50,50,1,2.14,51,"[51, 3, 1, 1, 1, 1, 1, 1, 1, 1, 1, 1, 1, 1, 1, 1, 1, 1, 1, 1, 1, 1, 1, 1, 1, 1, 1, 1, 1, 1, 2, 2, 1, 1, 1, 1, 1, 1, 1, 1, 2, 2, 2, 1, 1, 1, 1, 1, 1, 1]",OK
clickbench,1,q25,50,50,12,12.04,14,"[14, 12, 12, 12, 12, 12, 12, 12, 12, 12, 12, 12, 12, 12, 12, 12, 12, 12, 12, 12, 12, 12, 12, 12, 12, 12, 12, 12, 12, 12, 12, 12, 12, 12, 12, 12, 12, 12, 12, 12, 12, 12, 12, 12, 12, 12, 12, 12, 12, 12]",OK
clickbench,1,q26,50,50,7,7.06,9,"[9, 7, 7, 7, 7, 7, 7, 7, 7, 7, 7, 7, 7, 7, 7, 7, 7, 7, 7, 7, 7, 8, 7, 7, 7, 7, 7, 7, 7, 7, 7, 7, 7, 7, 7, 7, 7, 7, 7, 7, 7, 7, 7, 7, 7, 7, 7, 7, 7, 7]",OK
clickbench,1,q29,50,50,4,4.46,13,"[4, 4, 11, 5, 4, 8, 4, 13, 4, 4, 4, 4, 4, 4, 4, 4, 4, 4, 4, 4, 4, 4, 4, 4, 4, 4, 4, 4, 4, 4, 4, 4, 4, 4, 4, 4, 4, 4, 4, 4, 4, 4, 4, 4, 4, 4, 4, 4, 5, 5]",OK
clickbench,1,q30,50,50,3,3.04,5,"[5, 3, 3, 3, 3, 3, 3, 3, 3, 3, 3, 3, 3, 3, 3, 3, 3, 3, 3, 3, 3, 3, 3, 3, 3, 3, 3, 3, 3, 3, 3, 3, 3, 3, 3, 3, 3, 3, 3, 3, 3, 3, 3, 3, 3, 3, 3, 3, 3, 3]",OK
clickbench,1,q31,50,50,4,4.02,5,"[5, 4, 4, 4, 4, 4, 4, 4, 4, 4, 4, 4, 4, 4, 4, 4, 4, 4, 4, 4, 4, 4, 4, 4, 4, 4, 4, 4, 4, 4, 4, 4, 4, 4, 4, 4, 4, 4, 4, 4, 4, 4, 4, 4, 4, 4, 4, 4, 4, 4]",OK
clickbench,1,q32,50,50,24,27.7,60,"[26, 25, 60, 26, 25, 45, 29, 32, 25, 25, 25, 24, 41, 24, 25, 25, 29, 25, 26, 24, 27, 24, 24, 25, 24, 32, 24, 24, 25, 24, 44, 24, 50, 24, 39, 24, 24, 25, 24, 26, 24, 24, 25, 24, 24, 24, 24, 24, 24, 25]",OK
clickbench,1,q33,50,50,25,26.56,44,"[27, 30, 27, 33, 27, 27, 27, 28, 27, 27, 27, 44, 25, 26, 25, 25, 25, 25, 25, 25, 25, 25, 25, 26, 28, 25, 25, 25, 25, 26, 25, 26, 25, 25, 25, 25, 25, 26, 26, 42, 25, 25, 25, 25, 25, 25, 26, 25, 25, 25]",OK
clickbench,1,q34,50,50,24,26.62,52,"[25, 24, 43, 25, 25, 25, 26, 25, 25, 25, 25, 26, 25, 25, 25, 25, 25, 25, 25, 25, 25, 25, 25, 25, 27, 25, 25, 25, 25, 25, 26, 52, 25, 35, 26, 37, 25, 26, 26, 26, 28, 26, 26, 25, 25, 26, 25, 25, 25, 25]",OK
clickbench,1,q35,50,50,0,0.18,1,"[1, 1, 0, 0, 0, 0, 0, 0, 0, 0, 0, 0, 1, 1, 0, 0, 1, 0, 0, 0, 0, 0, 0, 0, 0, 0, 0, 0, 1, 1, 0, 0, 0, 0, 0, 0, 0, 1, 0, 0, 0, 0, 0, 0, 0, 0, 0, 0, 0, 1]",OK
clickbench,1,q36,50,50,8,9.14,19,"[19, 19, 8, 8, 8, 8, 8, 19, 13, 8, 9, 8, 8, 8, 8, 8, 8, 8, 10, 8, 10, 8, 8, 8, 8, 8, 8, 8, 8, 8, 8, 8, 8, 8, 8, 13, 8, 8, 8, 8, 8, 8, 8, 8, 17, 8, 8, 8, 8, 8]",OK
clickbench,1,q37,50,50,9,9.94,12,"[11, 10, 10, 10, 10, 10, 9, 10, 10, 10, 10, 10, 10, 10, 10, 9, 10, 10, 10, 10, 10, 10, 10, 10, 10, 10, 10, 10, 10, 10, 9, 9, 10, 10, 10, 10, 10, 10, 10, 9, 10, 9, 10, 10, 10, 10, 10, 10, 10, 12]",OK
clickbench,1,q38,50,50,7,7.2,14,"[8, 7, 7, 7, 7, 7, 7, 7, 7, 7, 7, 7, 7, 7, 7, 14, 7, 7, 7, 7, 7, 7, 7, 7, 9, 7, 7, 7, 7, 7, 7, 7, 7, 7, 7, 7, 7, 7, 7, 7, 7, 7, 7, 7, 7, 7, 7, 7, 7, 7]",OK
clickbench,1,q39,50,50,13,14.32,43,"[43, 15, 15, 15, 15, 16, 14, 15, 15, 15, 15, 15, 15, 15, 15, 15, 15, 15, 15, 13, 13, 13, 13, 13, 13, 13, 13, 13, 13, 13, 13, 13, 13, 13, 13, 13, 13, 13, 13, 13, 13, 13, 13, 13, 13, 13, 13, 13, 13, 13]",OK
clickbench,1,q40,50,50,3,3.02,4,"[3, 3, 3, 3, 3, 3, 3, 3, 3, 3, 3, 3, 3, 3, 3, 3, 3, 3, 3, 3, 3, 3, 3, 3, 3, 3, 3, 3, 3, 3, 3, 3, 3, 3, 3, 4, 3, 3, 3, 3, 3, 3, 3, 3, 3, 3, 3, 3, 3, 3]",OK
clickbench,1,q41,50,50,2,2.0,2,"[2, 2, 2, 2, 2, 2, 2, 2, 2, 2, 2, 2, 2, 2, 2, 2, 2, 2, 2, 2, 2, 2, 2, 2, 2, 2, 2, 2, 2, 2, 2, 2, 2, 2, 2, 2, 2, 2, 2, 2, 2, 2, 2, 2, 2, 2, 2, 2, 2, 2]",OK
clickbench,2,q0,50,50,2,2.16,7,"[4, 2, 2, 2, 2, 2, 2, 2, 2, 2, 2, 2, 2, 2, 2, 2, 3, 2, 2, 2, 2, 2, 2, 2, 2, 2, 2, 2, 2, 2, 2, 2, 2, 2, 2, 2, 2, 2, 2, 2, 7, 2, 2, 2, 2, 2, 2, 2, 2, 2]",OK
clickbench,2,q1,50,50,1,1.26,11,"[11, 1, 1, 1, 1, 1, 1, 1, 1, 1, 1, 1, 1, 1, 1, 1, 1, 1, 1, 1, 1, 1, 1, 1, 1, 1, 1, 1, 1, 2, 2, 1, 1, 1, 1, 1, 1, 1, 1, 1, 1, 1, 1, 1, 2, 1, 1, 1, 1, 1]",OK
clickbench,2,q2,50,50,2,3.14,12,"[12, 3, 3, 3, 3, 3, 3, 3, 3, 3, 3, 3, 3, 3, 3, 3, 3, 3, 3, 3, 3, 3, 3, 3, 3, 3, 3, 3, 3, 3, 3, 2, 3, 3, 2, 2, 3, 3, 3, 3, 3, 3, 3, 3, 3, 3, 3, 3, 4, 3]",OK
clickbench,2,q3,50,50,3,3.2,13,"[3, 3, 3, 3, 3, 3, 3, 3, 3, 3, 3, 3, 3, 3, 3, 3, 3, 3, 3, 3, 3, 3, 3, 3, 3, 3, 3, 3, 3, 3, 3, 3, 3, 3, 3, 13, 3, 3, 3, 3, 3, 3, 3, 3, 3, 3, 3, 3, 3, 3]",OK
clickbench,2,q4,50,50,2,4.04,61,"[5, 2, 2, 2, 2, 2, 2, 2, 4, 2, 2, 2, 61, 2, 3, 36, 4, 2, 3, 2, 2, 2, 2, 2, 2, 2, 2, 2, 2, 2, 2, 2, 2, 2, 2, 2, 2, 2, 2, 2, 2, 2, 2, 2, 2, 2, 2, 2, 2, 2]",OK
clickbench,2,q5,50,50,2,2.0,2,"[2, 2, 2, 2, 2, 2, 2, 2, 2, 2, 2, 2, 2, 2, 2, 2, 2, 2, 2, 2, 2, 2, 2, 2, 2, 2, 2, 2, 2, 2, 2, 2, 2, 2, 2, 2, 2, 2, 2, 2, 2, 2, 2, 2, 2, 2, 2, 2, 2, 2]",OK
clickbench,2,q6,50,50,4,4.16,10,"[10, 4, 4, 4, 4, 4, 4, 4, 5, 4, 4, 4, 4, 4, 4, 4, 4, 4, 4, 4, 4, 4, 4, 4, 4, 4, 4, 4, 4, 4, 5, 4, 4, 4, 4, 4, 4, 4, 4, 4, 4, 4, 4, 4, 4, 4, 4, 4, 4, 4]",OK
clickbench,2,q7,50,50,1,1.8,41,"[41, 1, 1, 1, 1, 1, 1, 1, 1, 1, 1, 1, 1, 1, 1, 1, 1, 1, 1, 1, 1, 1, 1, 1, 1, 1, 1, 1, 1, 1, 1, 1, 1, 1, 1, 1, 1, 1, 1, 1, 1, 1, 1, 1, 1, 1, 1, 1, 1, 1]",OK
clickbench,2,q8,50,50,12,12.64,44,"[44, 12, 12, 12, 12, 12, 12, 12, 12, 12, 12, 12, 12, 12, 12, 12, 12, 12, 12, 12, 12, 12, 12, 12, 12, 12, 12, 12, 12, 12, 12, 12, 12, 12, 12, 12, 12, 12, 12, 12, 12, 12, 12, 12, 12, 12, 12, 12, 12, 12]",OK
clickbench,2,q9,50,50,13,13.52,30,"[30, 13, 13, 13, 13, 13, 13, 13, 13, 13, 13, 13, 13, 13, 18, 13, 13, 13, 14, 15, 13, 13, 13, 13, 14, 13, 13, 13, 13, 13, 13, 13, 13, 13, 13, 13, 13, 13, 13, 13, 13, 13, 13, 13, 13, 13, 13, 13, 13, 13]",OK
clickbench,2,q10,50,50,5,5.14,12,"[12, 5, 5, 5, 5, 5, 5, 5, 5, 5, 5, 5, 5, 5, 5, 5, 5, 5, 5, 5, 5, 5, 5, 5, 5, 5, 5, 5, 5, 5, 5, 5, 5, 5, 5, 5, 5, 5, 5, 5, 5, 5, 5, 5, 5, 5, 5, 5, 5, 5]",OK
clickbench,2,q11,50,50,6,6.22,7,"[7, 7, 6, 7, 7, 7, 7, 7, 6, 6, 6, 6, 6, 6, 6, 7, 6, 6, 6, 6, 7, 6, 6, 6, 6, 6, 6, 6, 7, 6, 6, 6, 6, 6, 6, 7, 6, 6, 6, 6, 6, 6, 6, 6, 6, 6, 6, 6, 6, 6]",OK
clickbench,2,q12,50,50,3,3.3,13,"[13, 6, 3, 3, 3, 4, 3, 3, 3, 3, 3, 3, 3, 3, 3, 3, 3, 3, 3, 3, 3, 3, 3, 3, 3, 3, 3, 3, 3, 3, 3, 3, 3, 3, 3, 3, 3, 3, 3, 4, 3, 3, 3, 3, 3, 3, 3, 3, 3, 3]",OK
clickbench,2,q13,50,50,18,18.9,36,"[21, 18, 18, 18, 36, 18, 18, 18, 18, 20, 19, 18, 18, 19, 18, 18, 18, 18, 18, 18, 18, 18, 18, 18, 18, 18, 18, 18, 18, 19, 18, 18, 18, 18, 18, 18, 18, 18, 30, 18, 18, 18, 18, 18, 18, 18, 18, 18, 24, 19]",OK
clickbench,2,q14,50,50,3,4.2,10,"[7, 6, 4, 10, 4, 4, 4, 4, 4, 4, 4, 4, 4, 4, 4, 4, 4, 4, 4, 4, 4, 4, 4, 4, 4, 4, 4, 4, 4, 4, 4, 4, 4, 4, 4, 4, 4, 4, 4, 4, 4, 4, 4, 4, 4, 4, 4, 4, 3, 4]",OK
clickbench,2,q15,50,50,3,3.02,4,"[4, 3, 3, 3, 3, 3, 3, 3, 3, 3, 3, 3, 3, 3, 3, 3, 3, 3, 3, 3, 3, 3, 3, 3, 3, 3, 3, 3, 3, 3, 3, 3, 3, 3, 3, 3, 3, 3, 3, 3, 3, 3, 3, 3, 3, 3, 3, 3, 3, 3]",OK
clickbench,2,q16,50,50,5,5.78,11,"[11, 9, 5, 9, 5, 5, 5, 5, 5, 5, 5, 5, 5, 5, 5, 6, 5, 5, 7, 6, 6, 5, 6, 6, 7, 6, 6, 6, 9, 5, 5, 5, 5, 5, 5, 11, 5, 5, 5, 5, 5, 8, 5, 5, 5, 5, 5, 5, 5, 5]",OK
clickbench,2,q17,50,50,5,6.08,31,"[11, 5, 5, 5, 5, 31, 5, 5, 5, 5, 7, 5, 5, 5, 5, 5, 5, 5, 5, 5, 5, 5, 5, 5, 5, 5, 5, 5, 5, 5, 5, 12, 5, 5, 5, 5, 18, 5, 5, 5, 5, 5, 5, 5, 5, 5, 5, 5, 5, 5]",OK
clickbench,2,q19,50,50,1,1.08,3,"[1, 1, 1, 1, 1, 1, 1, 1, 1, 1, 1, 1, 1, 1, 1, 1, 1, 1, 1, 3, 1, 1, 1, 1, 1, 1, 1, 1, 1, 1, 1, 3, 1, 1, 1, 1, 1, 1, 1, 1, 1, 1, 1, 1, 1, 1, 1, 1, 1, 1]",OK
clickbench,2,q20,50,50,27,27.6,31,"[29, 27, 28, 28, 27, 27, 27, 27, 27, 27, 27, 28, 27, 27, 28, 27, 28, 27, 27, 28, 28, 27, 28, 27, 27, 28, 27, 28, 27, 28, 31, 28, 28, 28, 28, 28, 28, 27, 28, 28, 28, 28, 28, 28, 27, 28, 27, 27, 27, 27]",OK
clickbench,2,q21,50,50,27,27.96,31,"[28, 27, 28, 28, 28, 28, 28, 28, 27, 28, 28, 28, 28, 28, 27, 28, 27, 28, 29, 28, 28, 31, 29, 28, 27, 28, 28, 27, 28, 27, 29, 28, 28, 28, 28, 28, 28, 28, 27, 28, 28, 27, 28, 28, 28, 28, 28, 28, 29, 28]",OK
clickbench,2,q22,50,50,40,42.44,66,"[61, 41, 40, 41, 41, 40, 40, 40, 40, 41, 40, 40, 40, 40, 41, 40, 41, 40, 41, 41, 41, 40, 40, 41, 41, 43, 42, 40, 42, 42, 40, 41, 41, 41, 40, 41, 41, 40, 41, 42, 41, 41, 41, 40, 47, 66, 58, 54, 42, 43]",OK
clickbench,2,q23,50,50,27,28.76,57,"[33, 29, 28, 28, 28, 28, 28, 28, 28, 28, 28, 28, 28, 28, 28, 29, 28, 28, 28, 28, 28, 28, 28, 28, 28, 28, 28, 28, 28, 28, 57, 28, 28, 27, 28, 28, 27, 28, 28, 29, 28, 28, 28, 29, 28, 29, 28, 29, 28, 28]",OK
clickbench,2,q24,50,50,3,3.96,13,"[9, 8, 3, 3, 3, 3, 3, 3, 3, 3, 3, 4, 3, 3, 3, 5, 7, 4, 3, 3, 3, 5, 3, 3, 6, 3, 4, 3, 3, 3, 4, 5, 4, 4, 4, 4, 4, 4, 3, 3, 3, 7, 3, 3, 3, 13, 3, 3, 3, 3]",OK
clickbench,2,q25,50,50,15,15.84,28,"[20, 15, 15, 15, 15, 15, 15, 17, 15, 15, 15, 15, 15, 15, 15, 15, 15, 15, 15, 15, 25, 15, 15, 15, 15, 15, 15, 15, 15, 15, 15, 15, 15, 15, 15, 15, 18, 15, 15, 15, 19, 15, 15, 15, 15, 15, 15, 15, 20, 28]",OK
clickbench,2,q26,50,50,9,9.62,19,"[14, 9, 9, 9, 9, 9, 9, 9, 9, 9, 9, 12, 11, 9, 9, 9, 9, 9, 9, 9, 9, 9, 9, 9, 9, 9, 19, 9, 9, 9, 9, 9, 9, 9, 9, 9, 9, 9, 9, 11, 9, 18, 9, 9, 9, 9, 9, 9, 9, 9]",OK
clickbench,2,q29,50,50,4,4.26,14,"[4, 4, 4, 4, 4, 4, 4, 4, 4, 4, 4, 5, 4, 4, 4, 4, 14, 4, 4, 4, 4, 4, 4, 4, 4, 4, 4, 5, 4, 4, 4, 4, 4, 4, 4, 4, 4, 4, 4, 4, 4, 4, 4, 4, 4, 4, 4, 4, 5, 4]",OK
clickbench,2,q30,50,50,5,5.14,12,"[12, 5, 5, 5, 5, 5, 5, 5, 5, 5, 5, 5, 5, 5, 5, 5, 5, 5, 5, 5, 5, 5, 5, 5, 5, 5, 5, 5, 5, 5, 5, 5, 5, 5, 5, 5, 5, 5, 5, 5, 5, 5, 5, 5, 5, 5, 5, 5, 5, 5]",OK
clickbench,2,q31,50,50,6,6.4,21,"[21, 6, 6, 6, 6, 6, 6, 6, 6, 6, 6, 6, 6, 6, 6, 6, 6, 6, 6, 6, 6, 6, 6, 6, 6, 6, 6, 6, 7, 6, 6, 6, 7, 6, 8, 7, 6, 6, 6, 6, 6, 6, 6, 6, 6, 6, 6, 6, 6, 6]",OK
clickbench,2,q32,50,50,40,52.8,110,"[46, 40, 50, 110, 65, 57, 52, 51, 51, 49, 50, 52, 49, 49, 49, 49, 49, 52, 49, 49, 50, 50, 49, 50, 56, 51, 62, 57, 53, 49, 50, 51, 64, 51, 50, 51, 49, 53, 52, 49, 54, 69, 50, 50, 49, 52, 50, 49, 50, 52]",OK
clickbench,2,q33,50,50,62,66.64,87,"[62, 79, 64, 64, 70, 65, 64, 67, 67, 66, 65, 67, 67, 66, 66, 69, 66, 68, 66, 68, 68, 67, 66, 66, 64, 69, 66, 67, 65, 67, 65, 70, 65, 65, 66, 64, 66, 87, 63, 67, 65, 65, 65, 65, 65, 66, 65, 65, 66, 66]",OK
clickbench,2,q34,50,50,61,67.04,97,"[65, 61, 75, 62, 66, 65, 68, 97, 71, 65, 65, 69, 67, 69, 69, 64, 64, 66, 64, 67, 66, 64, 67, 68, 65, 64, 67, 65, 64, 65, 66, 65, 66, 64, 66, 73, 67, 65, 64, 65, 64, 90, 63, 62, 88, 62, 61, 62, 62, 63]",OK
clickbench,2,q35,50,50,1,1.16,7,"[7, 1, 1, 1, 1, 1, 1, 1, 1, 1, 2, 1, 1, 1, 1, 1, 1, 1, 1, 1, 1, 1, 1, 1, 1, 1, 1, 1, 1, 1, 1, 1, 1, 1, 1, 1, 1, 1, 1, 1, 1, 2, 1, 1, 1, 1, 1, 1, 1, 1]",OK
clickbench,2,q36,50,50,15,16.52,32,"[32, 31, 15, 15, 16, 15, 15, 26, 15, 15, 15, 16, 15, 15, 15, 16, 15, 15, 15, 15, 15, 15, 15, 15, 16, 15, 16, 15, 30, 15, 15, 15, 15, 15, 15, 16, 15, 15, 15, 15, 16, 23, 16, 15, 15, 15, 16, 15, 15, 15]",OK
clickbench,2,q37,50,50,15,16.24,21,"[17, 16, 18, 16, 20, 16, 21, 16, 16, 16, 17, 16, 16, 16, 16, 16, 16, 16, 16, 16, 16, 16, 15, 16, 16, 16, 16, 16, 16, 16, 16, 16, 16, 16, 16, 16, 16, 16, 16, 16, 16, 16, 16, 16, 16, 16, 16, 16, 16, 16]",OK
clickbench,2,q38,50,50,13,13.86,31,"[31, 14, 13, 13, 13, 13, 15, 13, 19, 13, 13, 20, 13, 13, 16, 13, 13, 13, 13, 13, 16, 13, 16, 13, 13, 13, 13, 13, 13, 13, 13, 13, 13, 13, 13, 13, 13, 13, 13, 13, 13, 13, 13, 13, 13, 13, 13, 13, 13, 13]",OK
clickbench,2,q39,50,50,24,25.38,40,"[27, 24, 25, 24, 25, 24, 25, 24, 25, 24, 24, 25, 25, 25, 25, 24, 25, 25, 25, 24, 25, 25, 26, 25, 25, 26, 40, 25, 25, 25, 25, 25, 34, 25, 25, 24, 24, 24, 25, 24, 25, 25, 28, 25, 25, 25, 25, 25, 25, 25]",OK
clickbench,2,q40,50,50,5,5.1,7,"[5, 5, 5, 5, 5, 5, 5, 5, 5, 5, 5, 5, 5, 5, 5, 5, 5, 5, 5, 5, 5, 5, 7, 7, 5, 5, 5, 5, 5, 5, 5, 5, 5, 5, 5, 5, 5, 5, 5, 5, 5, 6, 5, 5, 5, 5, 5, 5, 5, 5]",OK
clickbench,2,q41,50,50,3,4.02,5,"[4, 4, 4, 4, 4, 4, 4, 4, 4, 4, 4, 4, 4, 4, 4, 4, 4, 4, 3, 4, 4, 4, 4, 4, 4, 4, 4, 4, 4, 4, 4, 4, 4, 4, 4, 4, 4, 4, 5, 4, 4, 4, 4, 4, 4, 4, 5, 4, 4, 4]",OK
